source_id,filename,filepath,media_type,label,method,payload_rate,sha256,split
vid_src_0000,vid_src_0000_clean_01.mkv,data/generated/video/vid_src_0000_clean_01.mkv,video,0,clean,0.0,d7c5ab1d5c1e46349cd5a30f3781b07b21a81eca7743362a710fb1154c654613,train
vid_src_0000,vid_src_0000_clean_02.mkv,data/generated/video/vid_src_0000_clean_02.mkv,video,0,clean,0.0,842b529a13abb258ed89254e9863359d31353e8ce4aa4e83e73101017cd9a0c7,train
vid_src_0000,vid_src_0000_stego_frame_lsb_0.10.mkv,data/generated/video/vid_src_0000_stego_frame_lsb_0.10.mkv,video,1,frame_lsb,0.1,b673c1084c86a2f7a51f358c45e599486d982094f6db5fa3d1d93d353405734d,train
vid_src_0000,vid_src_0000_stego_frame_lsb_matching_0.20.mkv,data/generated/video/vid_src_0000_stego_frame_lsb_matching_0.20.mkv,video,1,frame_lsb_matching,0.2,20fcb11d2a6abbc25bae8da58054db1384a57f3f7db7b9a7dbb83782da7f7ff9,train
vid_src_0001,vid_src_0001_clean_01.mkv,data/generated/video/vid_src_0001_clean_01.mkv,video,0,clean,0.0,aa7d002a1f6ecf117ab1443540bd2832d295cb712fb40dd40fb5bd06b83e979f,val
vid_src_0001,vid_src_0001_clean_02.mkv,data/generated/video/vid_src_0001_clean_02.mkv,video,0,clean,0.0,c232ed7b87dddb887c075383d69ee1bf2c8bcf81fe2e1f8a9b748e293b9b5fa8,val
vid_src_0001,vid_src_0001_stego_frame_lsb_matching_0.20.mkv,data/generated/video/vid_src_0001_stego_frame_lsb_matching_0.20.mkv,video,1,frame_lsb_matching,0.2,012e5a68ff6c6cff4e43a9aecb8ee70785917ab4c4f963cb5f8eb5c4d1737f8f,val
vid_src_0001,vid_src_0001_stego_frame_lsb_0.40.mkv,data/generated/video/vid_src_0001_stego_frame_lsb_0.40.mkv,video,1,frame_lsb,0.4,f17b14bdbd011318a75041dbacd92f0112da37bc77787e311685fd2fb44da984,val
vid_src_0002,vid_src_0002_clean_01.mkv,data/generated/video/vid_src_0002_clean_01.mkv,video,0,clean,0.0,70afed541e0f4c0c0e20008a34843a4e40703f34da1dc885cf508e8041283099,train
vid_src_0002,vid_src_0002_clean_02.mkv,data/generated/video/vid_src_0002_clean_02.mkv,video,0,clean,0.0,e3cf8a00f43032a591e3c0555c9aca8d3c6475ff575832147ad125764e9156a3,train
vid_src_0002,vid_src_0002_stego_frame_lsb_0.40.mkv,data/generated/video/vid_src_0002_stego_frame_lsb_0.40.mkv,video,1,frame_lsb,0.4,d1bbdb33f1428e6d56419ed4ad396374396053f77e3eba2dc0188ed8f67dbab8,train
vid_src_0002,vid_src_0002_stego_frame_lsb_matching_0.10.mkv,data/generated/video/vid_src_0002_stego_frame_lsb_matching_0.10.mkv,video,1,frame_lsb_matching,0.1,38101233e8c09bf17037ec0cb96c282765d8f966f8fdd165514f9ffaadfe1e78,train
vid_src_0003,vid_src_0003_clean_01.mkv,data/generated/video/vid_src_0003_clean_01.mkv,video,0,clean,0.0,98e524253f136e1aae31df3a170a3ed8224a978798d49669662623713ed8e5b5,train
vid_src_0003,vid_src_0003_clean_02.mkv,data/generated/video/vid_src_0003_clean_02.mkv,video,0,clean,0.0,b5cc4fdde51072e37a8d910e54022e66f6e7ad2d74b43457e763f5adfdd2bd82,train
vid_src_0003,vid_src_0003_stego_frame_lsb_matching_0.10.mkv,data/generated/video/vid_src_0003_stego_frame_lsb_matching_0.10.mkv,video,1,frame_lsb_matching,0.1,f4f5ba859a0e49085c159cfd542f39acb8efa75927268c02a223f9eec79aa088,train
vid_src_0003,vid_src_0003_stego_frame_lsb_0.20.mkv,data/generated/video/vid_src_0003_stego_frame_lsb_0.20.mkv,video,1,frame_lsb,0.2,9c79eb1f93d9f3cb858dc53afd5a69844300c7ea6b83bab67a99d7fbe1417498,train
vid_src_0004,vid_src_0004_clean_01.mkv,data/generated/video/vid_src_0004_clean_01.mkv,video,0,clean,0.0,6d9c03f7072c17f7e4789db88f3ee643bc549f22147f5598aeca2b31f3e71883,val
vid_src_0004,vid_src_0004_clean_02.mkv,data/generated/video/vid_src_0004_clean_02.mkv,video,0,clean,0.0,95893b95ad5314d9707e502bb235ff563ea017b6badc9b8ce614f84c8dabe7e5,val
vid_src_0004,vid_src_0004_stego_frame_lsb_0.20.mkv,data/generated/video/vid_src_0004_stego_frame_lsb_0.20.mkv,video,1,frame_lsb,0.2,f1ab43c0e2a000dc16bf5c0e59d0d25a4ccfe5a61ab4a1bd705fd0148caaf684,val
vid_src_0004,vid_src_0004_stego_frame_lsb_matching_0.40.mkv,data/generated/video/vid_src_0004_stego_frame_lsb_matching_0.40.mkv,video,1,frame_lsb_matching,0.4,aa3aeb7d0d91ca8d61f6a2dd1b2b73f5cdcdeee2f59225115ce8fdc3892fa35d,val
vid_src_0005,vid_src_0005_clean_01.mkv,data/generated/video/vid_src_0005_clean_01.mkv,video,0,clean,0.0,a740c5c5ec6e91ab89fc5f992fd595caad15d805eb52adfe963489958d02d321,train
vid_src_0005,vid_src_0005_clean_02.mkv,data/generated/video/vid_src_0005_clean_02.mkv,video,0,clean,0.0,b651157623b97b460ac7c14a6af1e4ab88a7d022048d7f03bf268c8c954ac5d7,train
vid_src_0005,vid_src_0005_stego_frame_lsb_matching_0.40.mkv,data/generated/video/vid_src_0005_stego_frame_lsb_matching_0.40.mkv,video,1,frame_lsb_matching,0.4,0d7529e2ef4a61247f02a4e516825fe5d9d275d7075566ceb027bb63b12dfd8d,train
vid_src_0005,vid_src_0005_stego_frame_lsb_0.10.mkv,data/generated/video/vid_src_0005_stego_frame_lsb_0.10.mkv,video,1,frame_lsb,0.1,7477701afc395aa258300edc7b55b9ff745c255cbb0987bc192772f02d2c36fb,train
vid_src_0006,vid_src_0006_clean_01.mkv,data/generated/video/vid_src_0006_clean_01.mkv,video,0,clean,0.0,520b9d3df417b3331e691414d19dee222c9551aeaee375ab6416f2ff18b35169,train
vid_src_0006,vid_src_0006_clean_02.mkv,data/generated/video/vid_src_0006_clean_02.mkv,video,0,clean,0.0,ccdf40cb685dafe64eb28bfefaa0eed8d2770eef1a31e83238fc19cce55f0053,train
vid_src_0006,vid_src_0006_stego_frame_lsb_0.10.mkv,data/generated/video/vid_src_0006_stego_frame_lsb_0.10.mkv,video,1,frame_lsb,0.1,ea1eb1b02a1a2e994a50fd86bde587728b611b8123f8180e15b675a3e3657dc0,train
vid_src_0006,vid_src_0006_stego_frame_lsb_matching_0.20.mkv,data/generated/video/vid_src_0006_stego_frame_lsb_matching_0.20.mkv,video,1,frame_lsb_matching,0.2,746424b92d4353ef9df946eb8333d6f7380197fd7698b9b0cc43de89261637de,train
vid_src_0007,vid_src_0007_clean_01.mkv,data/generated/video/vid_src_0007_clean_01.mkv,video,0,clean,0.0,9040839bb3522677a1a08a043af6910dc7fe28fa0c45905e536b4fe670b92af7,train
vid_src_0007,vid_src_0007_clean_02.mkv,data/generated/video/vid_src_0007_clean_02.mkv,video,0,clean,0.0,b5cac0cc4b7f3b6263a3472b4d871a64478c3cd708bae4289cbce2474327b8e7,train
vid_src_0007,vid_src_0007_stego_frame_lsb_matching_0.20.mkv,data/generated/video/vid_src_0007_stego_frame_lsb_matching_0.20.mkv,video,1,frame_lsb_matching,0.2,a82458bdb0cd38398b9510499c6986c060e9598c85055641d8b850eaea8f164d,train
vid_src_0007,vid_src_0007_stego_frame_lsb_0.40.mkv,data/generated/video/vid_src_0007_stego_frame_lsb_0.40.mkv,video,1,frame_lsb,0.4,176ddaa88c794eac8d61167a36f42c52b3e747e947c6254b7cb0cfc8b89c63f8,train
vid_src_0008,vid_src_0008_clean_01.mkv,data/generated/video/vid_src_0008_clean_01.mkv,video,0,clean,0.0,840e342e6b64417bf209eec1a692fb3429654079b26f26b99e745bb264a9fc87,train
vid_src_0008,vid_src_0008_clean_02.mkv,data/generated/video/vid_src_0008_clean_02.mkv,video,0,clean,0.0,995bf235a69d3f0b99e303d73c917133c8a1d691d20d1760130644b5a38b3834,train
vid_src_0008,vid_src_0008_stego_frame_lsb_0.40.mkv,data/generated/video/vid_src_0008_stego_frame_lsb_0.40.mkv,video,1,frame_lsb,0.4,fb9bce6673902c04136a42af90155f99f88caf4cd29f407faad0ecadfc73fe5f,train
vid_src_0008,vid_src_0008_stego_frame_lsb_matching_0.10.mkv,data/generated/video/vid_src_0008_stego_frame_lsb_matching_0.10.mkv,video,1,frame_lsb_matching,0.1,1c1f738ab0d01c50fd599fd3dc752629b797a0995a1fbae0cbe905bc46f1053d,train
vid_src_0009,vid_src_0009_clean_01.mkv,data/generated/video/vid_src_0009_clean_01.mkv,video,0,clean,0.0,5ab45974cdf309ca56b716e6fe2b853d5b6dc6441d477fde196511b7d106f388,train
vid_src_0009,vid_src_0009_clean_02.mkv,data/generated/video/vid_src_0009_clean_02.mkv,video,0,clean,0.0,49f8d945d6101549116770174281264a52ac474a15b5bc5795cc798bbf9022e0,train
vid_src_0009,vid_src_0009_stego_frame_lsb_matching_0.10.mkv,data/generated/video/vid_src_0009_stego_frame_lsb_matching_0.10.mkv,video,1,frame_lsb_matching,0.1,231901a26304f5d4b3ccbe479d742f2f61c02d9df10113b3872ab31098c668b4,train
vid_src_0009,vid_src_0009_stego_frame_lsb_0.20.mkv,data/generated/video/vid_src_0009_stego_frame_lsb_0.20.mkv,video,1,frame_lsb,0.2,06109dfcea9bc32cc5c2bc9bbdc39e65903c3d4b77b1452d1c72557bafc1bc52,train
vid_src_0010,vid_src_0010_clean_01.mkv,data/generated/video/vid_src_0010_clean_01.mkv,video,0,clean,0.0,788b8da9a4313139c0a56a183efc9b9fdf018366f0463a4ce75485cddd6e1dc4,train
vid_src_0010,vid_src_0010_clean_02.mkv,data/generated/video/vid_src_0010_clean_02.mkv,video,0,clean,0.0,0b25e49112b0e3acda8250484a65902163a8d55caae30cc65615328bd83a8a72,train
vid_src_0010,vid_src_0010_stego_frame_lsb_0.20.mkv,data/generated/video/vid_src_0010_stego_frame_lsb_0.20.mkv,video,1,frame_lsb,0.2,2ccaf6faa87a9c6965832671f5afa79591ab30d5c872f34d69aaf45b94489e92,train
vid_src_0010,vid_src_0010_stego_frame_lsb_matching_0.40.mkv,data/generated/video/vid_src_0010_stego_frame_lsb_matching_0.40.mkv,video,1,frame_lsb_matching,0.4,ed6f281ab8c216ed0cbc05f8e60f537ad0db33811728a2baa29773b84574c92d,train
vid_src_0011,vid_src_0011_clean_01.mkv,data/generated/video/vid_src_0011_clean_01.mkv,video,0,clean,0.0,582441d6d4149ec58a0219f89f2a144718bd04071cea9c468b3a4c586aeeaee1,train
vid_src_0011,vid_src_0011_clean_02.mkv,data/generated/video/vid_src_0011_clean_02.mkv,video,0,clean,0.0,e41a4deebbb43e6b31e47e2f7eb8a5bb250af6644f9514409dbcb47d277cd486,train
vid_src_0011,vid_src_0011_stego_frame_lsb_matching_0.40.mkv,data/generated/video/vid_src_0011_stego_frame_lsb_matching_0.40.mkv,video,1,frame_lsb_matching,0.4,992f001f3324105cfd70e5e3dfdf196704ed6d12912d2d859d6ff5ce3a3a1c88,train
vid_src_0011,vid_src_0011_stego_frame_lsb_0.10.mkv,data/generated/video/vid_src_0011_stego_frame_lsb_0.10.mkv,video,1,frame_lsb,0.1,9e2ba40b2d392b6334e05cdb2c7b85bfcf637fe191f06420094e30f01d4e709b,train
vid_src_0012,vid_src_0012_clean_01.mkv,data/generated/video/vid_src_0012_clean_01.mkv,video,0,clean,0.0,88c9508c18b040399e9cc726dcef5e6a98b777b7bb0527aaaf5206acfe44d4e4,test
vid_src_0012,vid_src_0012_clean_02.mkv,data/generated/video/vid_src_0012_clean_02.mkv,video,0,clean,0.0,99876ce958c08019dd5794377d2e887b280e77ad6f12d11d9f00b5afce35541f,test
vid_src_0012,vid_src_0012_stego_frame_lsb_0.10.mkv,data/generated/video/vid_src_0012_stego_frame_lsb_0.10.mkv,video,1,frame_lsb,0.1,763076b4ce785c480b7b234832c7c7bccab92e859d0efa1baf7364803aad0d80,test
vid_src_0012,vid_src_0012_stego_frame_lsb_matching_0.20.mkv,data/generated/video/vid_src_0012_stego_frame_lsb_matching_0.20.mkv,video,1,frame_lsb_matching,0.2,dc6769b20e45d29cac5501c19c8503c44a9f7136ac493499be27ca8169384dde,test
vid_src_0013,vid_src_0013_clean_01.mkv,data/generated/video/vid_src_0013_clean_01.mkv,video,0,clean,0.0,2725db84732db081fa4f12a52c0c6bb27f8dea9e52ebdd6b2dd79b9b14f50dbb,train
vid_src_0013,vid_src_0013_clean_02.mkv,data/generated/video/vid_src_0013_clean_02.mkv,video,0,clean,0.0,16371e7e8e65d98cf367a379afd4a621b23aa2226472da98b8cef4b77d1fadfa,train
vid_src_0013,vid_src_0013_stego_frame_lsb_matching_0.20.mkv,data/generated/video/vid_src_0013_stego_frame_lsb_matching_0.20.mkv,video,1,frame_lsb_matching,0.2,5031ddd91e0d9c0ddd9dc6cb8a11095edaf2ce11422b068e76d8495ca8eb31b1,train
vid_src_0013,vid_src_0013_stego_frame_lsb_0.40.mkv,data/generated/video/vid_src_0013_stego_frame_lsb_0.40.mkv,video,1,frame_lsb,0.4,7a44dfdf4cd4f5de46228771bd1b6baa7d1fccf1f162245c8b1abb6ebd5c4ce3,train
vid_src_0014,vid_src_0014_clean_01.mkv,data/generated/video/vid_src_0014_clean_01.mkv,video,0,clean,0.0,0c7dd5c7550c01373273b8c6b96bbfa5c285a6e5ce921586d02ec5f71abfd586,train
vid_src_0014,vid_src_0014_clean_02.mkv,data/generated/video/vid_src_0014_clean_02.mkv,video,0,clean,0.0,3391a63df19438c39a502643703331d2c495e7813042a11f94ceb83efb6c46b7,train
vid_src_0014,vid_src_0014_stego_frame_lsb_0.40.mkv,data/generated/video/vid_src_0014_stego_frame_lsb_0.40.mkv,video,1,frame_lsb,0.4,2bc4948665f285e5ea0d4c1ed419b09e26797b8f27ce6cf9bccc3c25945eb3f6,train
vid_src_0014,vid_src_0014_stego_frame_lsb_matching_0.10.mkv,data/generated/video/vid_src_0014_stego_frame_lsb_matching_0.10.mkv,video,1,frame_lsb_matching,0.1,187336291e540a88438c1dc91597cd236a640bcb531e9a306c49671ef02bb856,train
vid_src_0015,vid_src_0015_clean_01.mkv,data/generated/video/vid_src_0015_clean_01.mkv,video,0,clean,0.0,cd28b4ad0bf4192ee3e84f14e5f756590f555527ca739a733f99c885c3c8dd84,train
vid_src_0015,vid_src_0015_clean_02.mkv,data/generated/video/vid_src_0015_clean_02.mkv,video,0,clean,0.0,c663b13573d5204c046319e04851c550bad21e7f1b7d5296744f14ca69946db4,train
vid_src_0015,vid_src_0015_stego_frame_lsb_matching_0.10.mkv,data/generated/video/vid_src_0015_stego_frame_lsb_matching_0.10.mkv,video,1,frame_lsb_matching,0.1,261791a8edc5d8f174854857abf34099f2dfb6cd2d51a5059e0611eef8833a2f,train
vid_src_0015,vid_src_0015_stego_frame_lsb_0.20.mkv,data/generated/video/vid_src_0015_stego_frame_lsb_0.20.mkv,video,1,frame_lsb,0.2,d2a33631900e47d0c97a51736561396668cae21ef2b89489513fc8ca83feed5b,train
vid_src_0016,vid_src_0016_clean_01.mkv,data/generated/video/vid_src_0016_clean_01.mkv,video,0,clean,0.0,a0491e398ac35d9927363fe9fc05c30c7561bcfa72252f8733a7b51dfa62c8f0,test
vid_src_0016,vid_src_0016_clean_02.mkv,data/generated/video/vid_src_0016_clean_02.mkv,video,0,clean,0.0,85868c024e904a702a6329413c263125481160d26506984b311eb212d42c034a,test
vid_src_0016,vid_src_0016_stego_frame_lsb_0.20.mkv,data/generated/video/vid_src_0016_stego_frame_lsb_0.20.mkv,video,1,frame_lsb,0.2,bb097e2c23cfee6dc56bfceacd23120387a80dfdc2c88fd6def5021ef56cac23,test
vid_src_0016,vid_src_0016_stego_frame_lsb_matching_0.40.mkv,data/generated/video/vid_src_0016_stego_frame_lsb_matching_0.40.mkv,video,1,frame_lsb_matching,0.4,c76c178cad9dadea77fe86be519d3f61fe1e48648251d685f8c5d02ddba4f377,test
vid_src_0017,vid_src_0017_clean_01.mkv,data/generated/video/vid_src_0017_clean_01.mkv,video,0,clean,0.0,5e072f9c83e103a74e2a11d5091222f93c18a54faced4c4f688648009bb02362,test
vid_src_0017,vid_src_0017_clean_02.mkv,data/generated/video/vid_src_0017_clean_02.mkv,video,0,clean,0.0,973ae976beb0cb3e61cefa7be8791832f0e53a086ee79eb66a93b60e9ea98eef,test
vid_src_0017,vid_src_0017_stego_frame_lsb_matching_0.40.mkv,data/generated/video/vid_src_0017_stego_frame_lsb_matching_0.40.mkv,video,1,frame_lsb_matching,0.4,8183a3f7d9c4a0b9b6f83c192b3a35645fb1ef04f833cd0860a7d809a14ef7ae,test
vid_src_0017,vid_src_0017_stego_frame_lsb_0.10.mkv,data/generated/video/vid_src_0017_stego_frame_lsb_0.10.mkv,video,1,frame_lsb,0.1,8ebe65116a8e2a4b83562ded67012ad893365c1618f088f560a9f11fc536f2a6,test
vid_src_0018,vid_src_0018_clean_01.mkv,data/generated/video/vid_src_0018_clean_01.mkv,video,0,clean,0.0,caa945e0c7941f11e3d93df9f7eafb92caf370467e8a6f5cee9c2e653ff32d99,train
vid_src_0018,vid_src_0018_clean_02.mkv,data/generated/video/vid_src_0018_clean_02.mkv,video,0,clean,0.0,c1b57bfd025fa28dcfafbcd374202b9e00aa03ca25ace7acdbd0231270d829af,train
vid_src_0018,vid_src_0018_stego_frame_lsb_0.10.mkv,data/generated/video/vid_src_0018_stego_frame_lsb_0.10.mkv,video,1,frame_lsb,0.1,0aeb6c00ebd49b7f9b0f52a5c3c054992b16cbc79e02c6a97d872ff07b5e4ef7,train
vid_src_0018,vid_src_0018_stego_frame_lsb_matching_0.20.mkv,data/generated/video/vid_src_0018_stego_frame_lsb_matching_0.20.mkv,video,1,frame_lsb_matching,0.2,6addb119e31daf0909566a8465ae5a7885b5e5ca81b14d4a4d4d822fe470fed6,train
vid_src_0019,vid_src_0019_clean_01.mkv,data/generated/video/vid_src_0019_clean_01.mkv,video,0,clean,0.0,8d9de30acdab059e3a367dc216309b1d04e87be03a90edc80a070301c5d80345,val
vid_src_0019,vid_src_0019_clean_02.mkv,data/generated/video/vid_src_0019_clean_02.mkv,video,0,clean,0.0,f76dd280d171cca10bcb0dd4d16195a7293f44084f8a6c66a44964c25440607d,val
vid_src_0019,vid_src_0019_stego_frame_lsb_matching_0.20.mkv,data/generated/video/vid_src_0019_stego_frame_lsb_matching_0.20.mkv,video,1,frame_lsb_matching,0.2,d14ebbfc5954f9d487aa9036c1420fe02cab9b798a65a90ab0d83574b3367662,val
vid_src_0019,vid_src_0019_stego_frame_lsb_0.40.mkv,data/generated/video/vid_src_0019_stego_frame_lsb_0.40.mkv,video,1,frame_lsb,0.4,c2a125c138515cd3012cbdb3a48876b52df89b9b55dc9c0002144fafa809a34f,val
vid_src_0020,vid_src_0020_clean_01.mkv,data/generated/video/vid_src_0020_clean_01.mkv,video,0,clean,0.0,4754fa4c019e0679eef074233d066b948d7923bb28431795f574bc1b9bb17ba5,test
vid_src_0020,vid_src_0020_clean_02.mkv,data/generated/video/vid_src_0020_clean_02.mkv,video,0,clean,0.0,03a9774b1d509ed268e2dc658acd2005351507a1de303ee9f3131c4960451e11,test
vid_src_0020,vid_src_0020_stego_frame_lsb_0.40.mkv,data/generated/video/vid_src_0020_stego_frame_lsb_0.40.mkv,video,1,frame_lsb,0.4,cd5140cbdd5f03c775c8f9bf8e19e32339268b4c693bd858c5a317015f25d2d4,test
vid_src_0020,vid_src_0020_stego_frame_lsb_matching_0.10.mkv,data/generated/video/vid_src_0020_stego_frame_lsb_matching_0.10.mkv,video,1,frame_lsb_matching,0.1,25dea5e9baa93265257b92cbc86e5a5519ae738e4c72271164aa78a77178f7b0,test
vid_src_0021,vid_src_0021_clean_01.mkv,data/generated/video/vid_src_0021_clean_01.mkv,video,0,clean,0.0,f11dcec9e42d62bc036b6c01d0dcb1a6b155840445ddb7fc1eedb814b68e5735,test
vid_src_0021,vid_src_0021_clean_02.mkv,data/generated/video/vid_src_0021_clean_02.mkv,video,0,clean,0.0,0dcd9ef260e37be8e22bd03878c5cc1a77445a090b0b64ecd4cddb37b1e3f621,test
vid_src_0021,vid_src_0021_stego_frame_lsb_matching_0.10.mkv,data/generated/video/vid_src_0021_stego_frame_lsb_matching_0.10.mkv,video,1,frame_lsb_matching,0.1,562bbf5980246d881f0bc6199fca4a3f808530f31ef186ff5e817ef5513b778a,test
vid_src_0021,vid_src_0021_stego_frame_lsb_0.20.mkv,data/generated/video/vid_src_0021_stego_frame_lsb_0.20.mkv,video,1,frame_lsb,0.2,3f9521581205ebd65e91d97efbd15242d58c5b3e77e42b9280ad6cb91e2e1889,test
vid_src_0022,vid_src_0022_clean_01.mkv,data/generated/video/vid_src_0022_clean_01.mkv,video,0,clean,0.0,d1a077a0a9c4b5d428823152145deb6ff188f732a1abc89fceb46f7bb66783dd,train
vid_src_0022,vid_src_0022_clean_02.mkv,data/generated/video/vid_src_0022_clean_02.mkv,video,0,clean,0.0,6b6f34f37783ca6db7fcbdb60a914c6cf230de5e14d5d648ea960a808323ddf3,train
vid_src_0022,vid_src_0022_stego_frame_lsb_0.20.mkv,data/generated/video/vid_src_0022_stego_frame_lsb_0.20.mkv,video,1,frame_lsb,0.2,292022643f429da4a63d0da07e0c5a0891453323c19b347a070000bad60cea30,train
vid_src_0022,vid_src_0022_stego_frame_lsb_matching_0.40.mkv,data/generated/video/vid_src_0022_stego_frame_lsb_matching_0.40.mkv,video,1,frame_lsb_matching,0.4,6c9acf38b638096cea02566a20bc4f74e578cfd833490ec12d435d6019156fed,train
vid_src_0023,vid_src_0023_clean_01.mkv,data/generated/video/vid_src_0023_clean_01.mkv,video,0,clean,0.0,11de0cf31877607b54910e007c0a9a6a0bad5cb36e87d92118836eeb70569896,train
vid_src_0023,vid_src_0023_clean_02.mkv,data/generated/video/vid_src_0023_clean_02.mkv,video,0,clean,0.0,9b29bb160d66dae91c443cca3eec4ec255635cd921eb01d5a52603dfc00f1c5a,train
vid_src_0023,vid_src_0023_stego_frame_lsb_matching_0.40.mkv,data/generated/video/vid_src_0023_stego_frame_lsb_matching_0.40.mkv,video,1,frame_lsb_matching,0.4,c6971508c8d27fff8fa03094bd7b9b9dc820b884f30b5cd254c4246ea4680224,train
vid_src_0023,vid_src_0023_stego_frame_lsb_0.10.mkv,data/generated/video/vid_src_0023_stego_frame_lsb_0.10.mkv,video,1,frame_lsb,0.1,30350f605d1b82fae0eec2660e9d43765beb7595be8b0fe31fabdf775e7bdc05,train
vid_src_0024,vid_src_0024_clean_01.mkv,data/generated/video/vid_src_0024_clean_01.mkv,video,0,clean,0.0,4c1edbaa6bb1fa661f74a1fc2a119b3e4648a8acfd7c58f2d898418a9e68b6ce,train
vid_src_0024,vid_src_0024_clean_02.mkv,data/generated/video/vid_src_0024_clean_02.mkv,video,0,clean,0.0,ed62d7b44caa37ea229d9c3bd189408e1f73fa8d0e2fb945be8b43ff826683d8,train
vid_src_0024,vid_src_0024_stego_frame_lsb_0.10.mkv,data/generated/video/vid_src_0024_stego_frame_lsb_0.10.mkv,video,1,frame_lsb,0.1,03899c6f653148180414d5b62941d2da98de818a9248a29e6db36f16ce39b050,train
vid_src_0024,vid_src_0024_stego_frame_lsb_matching_0.20.mkv,data/generated/video/vid_src_0024_stego_frame_lsb_matching_0.20.mkv,video,1,frame_lsb_matching,0.2,9d73b7f090cb74dd596bb71d31aca0d080b44dab5c6c0e61d45aa007b0c96ca8,train
vid_src_0025,vid_src_0025_clean_01.mkv,data/generated/video/vid_src_0025_clean_01.mkv,video,0,clean,0.0,264920e7ee094cd34a02abcd16e4dd4cec216ed2cb386cbf9e9675e08d921c1d,test
vid_src_0025,vid_src_0025_clean_02.mkv,data/generated/video/vid_src_0025_clean_02.mkv,video,0,clean,0.0,2bea234f648f679c9f6e755c3991d55b5a2df6909bf4a046949a3cd0bbb494a1,test
vid_src_0025,vid_src_0025_stego_frame_lsb_matching_0.20.mkv,data/generated/video/vid_src_0025_stego_frame_lsb_matching_0.20.mkv,video,1,frame_lsb_matching,0.2,468ff61aceeac98732e9039ebb359c9feb05dfd0211b8672c357700073e41e4f,test
vid_src_0025,vid_src_0025_stego_frame_lsb_0.40.mkv,data/generated/video/vid_src_0025_stego_frame_lsb_0.40.mkv,video,1,frame_lsb,0.4,ebc474a724d774adaffd87ddfa17b940425c71d08d90c48f3145ca64ca50a98b,test
vid_src_0026,vid_src_0026_clean_01.mkv,data/generated/video/vid_src_0026_clean_01.mkv,video,0,clean,0.0,a2f1085ee322cc8fa1b04b947adf6cb42feb254a797979ecb4657961e24fb0da,train
vid_src_0026,vid_src_0026_clean_02.mkv,data/generated/video/vid_src_0026_clean_02.mkv,video,0,clean,0.0,c85ad3a149c6e7fd022ff03007fea751fd17190320c3a83d7b45fa94f1343314,train
vid_src_0026,vid_src_0026_stego_frame_lsb_0.40.mkv,data/generated/video/vid_src_0026_stego_frame_lsb_0.40.mkv,video,1,frame_lsb,0.4,e0bd6bff18f89c43def055799dffd0d2aa0a24fd2bd479d43f375ad84f3e58d6,train
vid_src_0026,vid_src_0026_stego_frame_lsb_matching_0.10.mkv,data/generated/video/vid_src_0026_stego_frame_lsb_matching_0.10.mkv,video,1,frame_lsb_matching,0.1,926b79179645f2aa48fb2dcd43fb1832e0d27ccf25fcf731e6631bb1c6049051,train
vid_src_0027,vid_src_0027_clean_01.mkv,data/generated/video/vid_src_0027_clean_01.mkv,video,0,clean,0.0,c3695879c47de9045edbb85beafded825045350d6b2da4733f371bcb8d3dc13b,val
vid_src_0027,vid_src_0027_clean_02.mkv,data/generated/video/vid_src_0027_clean_02.mkv,video,0,clean,0.0,f1410c2399b5bbbe955e4d44672185f4d9cc5d80b7df2f967e6a33101b76b1f6,val
vid_src_0027,vid_src_0027_stego_frame_lsb_matching_0.10.mkv,data/generated/video/vid_src_0027_stego_frame_lsb_matching_0.10.mkv,video,1,frame_lsb_matching,0.1,a3ddc1a6d51b3552bc5eb5637b8ec54551da8c86c2094ba71b47a47e95ec74d4,val
vid_src_0027,vid_src_0027_stego_frame_lsb_0.20.mkv,data/generated/video/vid_src_0027_stego_frame_lsb_0.20.mkv,video,1,frame_lsb,0.2,9a4177ccd8ac04e39b786024c6df08ae4ddf205dbfb76c7f458298da441e7ce9,val
vid_src_0028,vid_src_0028_clean_01.mkv,data/generated/video/vid_src_0028_clean_01.mkv,video,0,clean,0.0,2177a42c64d9068a88e56e98c6246697b6860247cb5618a2778c227067c4c9d4,test
vid_src_0028,vid_src_0028_clean_02.mkv,data/generated/video/vid_src_0028_clean_02.mkv,video,0,clean,0.0,5491ade7e3aa063b2dff140513a2974a73ca320b16c10f286c295d695cc9fa0d,test
vid_src_0028,vid_src_0028_stego_frame_lsb_0.20.mkv,data/generated/video/vid_src_0028_stego_frame_lsb_0.20.mkv,video,1,frame_lsb,0.2,bb03acd56dec456f2222cf561e0c834fd12fa3d18d3a0ee98f6db106634ddfdf,test
vid_src_0028,vid_src_0028_stego_frame_lsb_matching_0.40.mkv,data/generated/video/vid_src_0028_stego_frame_lsb_matching_0.40.mkv,video,1,frame_lsb_matching,0.4,1688234f19a82a9a4d85bef7dd2c324e28988b6bda28d083c4c0c088a846bebd,test
vid_src_0029,vid_src_0029_clean_01.mkv,data/generated/video/vid_src_0029_clean_01.mkv,video,0,clean,0.0,0a5ce1b5e921c46672476dc7ad993deb7708bfd18e2790a0adeee872dc8e5ad0,train
vid_src_0029,vid_src_0029_clean_02.mkv,data/generated/video/vid_src_0029_clean_02.mkv,video,0,clean,0.0,8965b8d45990caf8b8ad48b5b2cff897fe09c5c068cbb553c662e371d0f846b3,train
vid_src_0029,vid_src_0029_stego_frame_lsb_matching_0.40.mkv,data/generated/video/vid_src_0029_stego_frame_lsb_matching_0.40.mkv,video,1,frame_lsb_matching,0.4,7359eb94dc9f8a8e8adbead74c19f4815bb00283048d652ea29df5e7d94efcde,train
vid_src_0029,vid_src_0029_stego_frame_lsb_0.10.mkv,data/generated/video/vid_src_0029_stego_frame_lsb_0.10.mkv,video,1,frame_lsb,0.1,162271e337f331791d95c62b8451bfd9efc5e92302c3a4ed560e44102a693475,train
vid_src_0030,vid_src_0030_clean_01.mkv,data/generated/video/vid_src_0030_clean_01.mkv,video,0,clean,0.0,4637a12d9fd37314e3478647104f1f51ab7246ac08240647a10218e8a85dcf88,train
vid_src_0030,vid_src_0030_clean_02.mkv,data/generated/video/vid_src_0030_clean_02.mkv,video,0,clean,0.0,6722ef3c9791aebce1eb66a989fdec2e690fa667398588ddc03733d35b60f8cb,train
vid_src_0030,vid_src_0030_stego_frame_lsb_0.10.mkv,data/generated/video/vid_src_0030_stego_frame_lsb_0.10.mkv,video,1,frame_lsb,0.1,80c4965ca46209abdef110f83d01d092defddce9c20a82e66fa7f762ff73b88b,train
vid_src_0030,vid_src_0030_stego_frame_lsb_matching_0.20.mkv,data/generated/video/vid_src_0030_stego_frame_lsb_matching_0.20.mkv,video,1,frame_lsb_matching,0.2,304f69f57bb203c5d2c3b7e2ccdbd789349a5a8aaa72d8d7459109e636708222,train
vid_src_0031,vid_src_0031_clean_01.mkv,data/generated/video/vid_src_0031_clean_01.mkv,video,0,clean,0.0,1ed22522d70dc11b9a7c235504f285f8f6b96e005ef38eefa0fe6dcafddf376a,train
vid_src_0031,vid_src_0031_clean_02.mkv,data/generated/video/vid_src_0031_clean_02.mkv,video,0,clean,0.0,fadd7295da60e3697097fb8ed19d420d3649c997c71e71d5280113bdba8f4b3e,train
vid_src_0031,vid_src_0031_stego_frame_lsb_matching_0.20.mkv,data/generated/video/vid_src_0031_stego_frame_lsb_matching_0.20.mkv,video,1,frame_lsb_matching,0.2,a86404c093c3de1bcd867d48cb44a49fd587372175222c3d9aa85df17f38dd2d,train
vid_src_0031,vid_src_0031_stego_frame_lsb_0.40.mkv,data/generated/video/vid_src_0031_stego_frame_lsb_0.40.mkv,video,1,frame_lsb,0.4,f154c16d0e4618336c32814c143e7b64d86687d11135b5aa3e176c6fa235eac8,train
vid_src_0032,vid_src_0032_clean_01.mkv,data/generated/video/vid_src_0032_clean_01.mkv,video,0,clean,0.0,26bc4e8235a5806c492d70774f34e84502746857334c161812f7913ba6cd5a23,train
vid_src_0032,vid_src_0032_clean_02.mkv,data/generated/video/vid_src_0032_clean_02.mkv,video,0,clean,0.0,1ed3c1c20a6939fd681625495af95bb8b93a2552444611d04f5b48f29314b751,train
vid_src_0032,vid_src_0032_stego_frame_lsb_0.40.mkv,data/generated/video/vid_src_0032_stego_frame_lsb_0.40.mkv,video,1,frame_lsb,0.4,7d29631632a05a2d801e44cad3f16a263f44e48476c04ec906a50356f9922836,train
vid_src_0032,vid_src_0032_stego_frame_lsb_matching_0.10.mkv,data/generated/video/vid_src_0032_stego_frame_lsb_matching_0.10.mkv,video,1,frame_lsb_matching,0.1,e8efe26f650340a7ab0dba0481bb63a655fdb44e860a8b64ca7ef32984d52a75,train
vid_src_0033,vid_src_0033_clean_01.mkv,data/generated/video/vid_src_0033_clean_01.mkv,video,0,clean,0.0,a40062fd55129589f2394e2b326660176b11dbd900c9652cb2131443b92d84ec,train
vid_src_0033,vid_src_0033_clean_02.mkv,data/generated/video/vid_src_0033_clean_02.mkv,video,0,clean,0.0,a159d3077a082a028de9d215d9d2074afe2432befb6c35295ae35cb197ee725c,train
vid_src_0033,vid_src_0033_stego_frame_lsb_matching_0.10.mkv,data/generated/video/vid_src_0033_stego_frame_lsb_matching_0.10.mkv,video,1,frame_lsb_matching,0.1,874dcd624e27a495ea910bd1ea70e6d54dae782a5da8eb4143abf2e0a6045a90,train
vid_src_0033,vid_src_0033_stego_frame_lsb_0.20.mkv,data/generated/video/vid_src_0033_stego_frame_lsb_0.20.mkv,video,1,frame_lsb,0.2,b0ffdb585f9a613826fe33170327a99ed70498212d7bdb5e1fe48edd7379d2c9,train
vid_src_0034,vid_src_0034_clean_01.mkv,data/generated/video/vid_src_0034_clean_01.mkv,video,0,clean,0.0,77159453a4ae17a2052f7fb59fb82ed22640254d9e7f27cf4ff273dc4d5e8563,test
vid_src_0034,vid_src_0034_clean_02.mkv,data/generated/video/vid_src_0034_clean_02.mkv,video,0,clean,0.0,8c6c2833e0f2a495e93d141e89b6d03e37d3aa0015c51c4eadcb567af1b20711,test
vid_src_0034,vid_src_0034_stego_frame_lsb_0.20.mkv,data/generated/video/vid_src_0034_stego_frame_lsb_0.20.mkv,video,1,frame_lsb,0.2,8980f913a6337d47ddd2bf00dacb06208ea787090544509b6d2b401328f05acd,test
vid_src_0034,vid_src_0034_stego_frame_lsb_matching_0.40.mkv,data/generated/video/vid_src_0034_stego_frame_lsb_matching_0.40.mkv,video,1,frame_lsb_matching,0.4,5a727efc657fa634063e04a36e0d68d929b3284e8d0254d0bd71c15807652c84,test
vid_src_0035,vid_src_0035_clean_01.mkv,data/generated/video/vid_src_0035_clean_01.mkv,video,0,clean,0.0,cfeeb9cdab56982ba76f97eff2efeb136f5224b527afc4578fbbe83fcbebad5c,train
vid_src_0035,vid_src_0035_clean_02.mkv,data/generated/video/vid_src_0035_clean_02.mkv,video,0,clean,0.0,ec16ea73c7e368a341dbfe58a26cf929c057d4b0a5986676a1f2174ba833fc3b,train
vid_src_0035,vid_src_0035_stego_frame_lsb_matching_0.40.mkv,data/generated/video/vid_src_0035_stego_frame_lsb_matching_0.40.mkv,video,1,frame_lsb_matching,0.4,59d8e959e5ec7a3cbad212f119f1979c65774df0b84c093c3eb492eab83c485b,train
vid_src_0035,vid_src_0035_stego_frame_lsb_0.10.mkv,data/generated/video/vid_src_0035_stego_frame_lsb_0.10.mkv,video,1,frame_lsb,0.1,7615cd5bfef11fd639580cd16c90371b46b265bec21f2f14a247b970dbc87dba,train
vid_src_0036,vid_src_0036_clean_01.mkv,data/generated/video/vid_src_0036_clean_01.mkv,video,0,clean,0.0,47b2cf6abdaffa28bb8bc968fd49e6bd392b020118c9b905f6544f4f0e83e0ec,train
vid_src_0036,vid_src_0036_clean_02.mkv,data/generated/video/vid_src_0036_clean_02.mkv,video,0,clean,0.0,16691a021e5027bbd95da80afcf8353e67729b0841436721931d2ec6e12d209e,train
vid_src_0036,vid_src_0036_stego_frame_lsb_0.10.mkv,data/generated/video/vid_src_0036_stego_frame_lsb_0.10.mkv,video,1,frame_lsb,0.1,f1d99b04950212866ca6d395735a0395124d44f6712a5952db35a7e30646015e,train
vid_src_0036,vid_src_0036_stego_frame_lsb_matching_0.20.mkv,data/generated/video/vid_src_0036_stego_frame_lsb_matching_0.20.mkv,video,1,frame_lsb_matching,0.2,b9feee904f9047acf6dedc6cad92e0b6144e7d8ea658be04d479b3b5128f3fb8,train
vid_src_0037,vid_src_0037_clean_01.mkv,data/generated/video/vid_src_0037_clean_01.mkv,video,0,clean,0.0,2a5f70afe8884643282f10d9b1133b89811d506ca929de43f37c47267e1c982d,test
vid_src_0037,vid_src_0037_clean_02.mkv,data/generated/video/vid_src_0037_clean_02.mkv,video,0,clean,0.0,ef101935d6207a611dd892df4d20c88f8b1d62e5862899c73568a5c64f45c63c,test
vid_src_0037,vid_src_0037_stego_frame_lsb_matching_0.20.mkv,data/generated/video/vid_src_0037_stego_frame_lsb_matching_0.20.mkv,video,1,frame_lsb_matching,0.2,ef983798190f2362e81f0f91153d2b65a4684ef20a97a7aa2fe171120bf0fd16,test
vid_src_0037,vid_src_0037_stego_frame_lsb_0.40.mkv,data/generated/video/vid_src_0037_stego_frame_lsb_0.40.mkv,video,1,frame_lsb,0.4,f9b4fc6bad45f77874fc17802c9daff8d8924a30f9c437f6c2e24770192a150d,test
vid_src_0038,vid_src_0038_clean_01.mkv,data/generated/video/vid_src_0038_clean_01.mkv,video,0,clean,0.0,3ae63e929186ad6e8d3623e797d9a871a94a6b2d0e5ee3223062ca31a511b290,test
vid_src_0038,vid_src_0038_clean_02.mkv,data/generated/video/vid_src_0038_clean_02.mkv,video,0,clean,0.0,92f86c602b14075cd49037c90aa0abe55ff8c106601a824a63c3c794252c4d2e,test
vid_src_0038,vid_src_0038_stego_frame_lsb_0.40.mkv,data/generated/video/vid_src_0038_stego_frame_lsb_0.40.mkv,video,1,frame_lsb,0.4,ea3e55edda7fa170f8359874a5d86fd89511b649312d5a5ff39b9f8a07d193d6,test
vid_src_0038,vid_src_0038_stego_frame_lsb_matching_0.10.mkv,data/generated/video/vid_src_0038_stego_frame_lsb_matching_0.10.mkv,video,1,frame_lsb_matching,0.1,759ec0b2c975609b2e2f41d221bc99f3c3fd570bc73f553e96b50b584f35d3ff,test
vid_src_0039,vid_src_0039_clean_01.mkv,data/generated/video/vid_src_0039_clean_01.mkv,video,0,clean,0.0,a6ac478545a9f9f6e566498ed3fd403f73488f69b22cd1c1ace97c4b17b133da,val
vid_src_0039,vid_src_0039_clean_02.mkv,data/generated/video/vid_src_0039_clean_02.mkv,video,0,clean,0.0,c6489068ca23162e4948b4ba9862af6d50fe6b1de36452914a3f43f251c3ecac,val
vid_src_0039,vid_src_0039_stego_frame_lsb_matching_0.10.mkv,data/generated/video/vid_src_0039_stego_frame_lsb_matching_0.10.mkv,video,1,frame_lsb_matching,0.1,e6b80ae38ce47c884f94483e0a45c3af96b469988a6023b5385f50113e8b0885,val
vid_src_0039,vid_src_0039_stego_frame_lsb_0.20.mkv,data/generated/video/vid_src_0039_stego_frame_lsb_0.20.mkv,video,1,frame_lsb,0.2,bb873cb6a8dc82af8ba4d7fbe1e3092e109eadcaea7b2f98094c2b468999191d,val
vid_src_0040,vid_src_0040_clean_01.mkv,data/generated/video/vid_src_0040_clean_01.mkv,video,0,clean,0.0,23247c3686fc3d75ff7bff917b3af74e28668586780453e7af0707887b350b3e,train
vid_src_0040,vid_src_0040_clean_02.mkv,data/generated/video/vid_src_0040_clean_02.mkv,video,0,clean,0.0,c68b3aec5094edd3cb346fd883b9ad974183c3a086bea7781c1c9c984bfbd9bf,train
vid_src_0040,vid_src_0040_stego_frame_lsb_0.20.mkv,data/generated/video/vid_src_0040_stego_frame_lsb_0.20.mkv,video,1,frame_lsb,0.2,4e4b2a02bfb65e028988794fae4dfa7b1a8c59f708cf68565689ec9da3f69abd,train
vid_src_0040,vid_src_0040_stego_frame_lsb_matching_0.40.mkv,data/generated/video/vid_src_0040_stego_frame_lsb_matching_0.40.mkv,video,1,frame_lsb_matching,0.4,98a286b60b795c09d179e396887cdbb732d8ca3d59fea8837acf05d0fb6ef1ff,train
vid_src_0041,vid_src_0041_clean_01.mkv,data/generated/video/vid_src_0041_clean_01.mkv,video,0,clean,0.0,db42e88c90af37adc1322c4ecc4ebec59d0d377b2a429ccf4ff771c3599a54e2,train
vid_src_0041,vid_src_0041_clean_02.mkv,data/generated/video/vid_src_0041_clean_02.mkv,video,0,clean,0.0,7d58989a74a4c8396bffddf3c69b4a8540b79b53b0af946bfd483ae3b9884ace,train
vid_src_0041,vid_src_0041_stego_frame_lsb_matching_0.40.mkv,data/generated/video/vid_src_0041_stego_frame_lsb_matching_0.40.mkv,video,1,frame_lsb_matching,0.4,f6d5747976be4d95acdba7007c20cd16f058da821fcf258ee587d11dcfddfe27,train
vid_src_0041,vid_src_0041_stego_frame_lsb_0.10.mkv,data/generated/video/vid_src_0041_stego_frame_lsb_0.10.mkv,video,1,frame_lsb,0.1,6cd7ee6f494ffb59576fbcf58881fcd1adc630aa0353d1f1c7650d9c08f2831c,train
vid_src_0042,vid_src_0042_clean_01.mkv,data/generated/video/vid_src_0042_clean_01.mkv,video,0,clean,0.0,1b4c2f1edbf0ed5037084bb445140aaf6381a6b10f0b25aec1a9e75a4858549b,train
vid_src_0042,vid_src_0042_clean_02.mkv,data/generated/video/vid_src_0042_clean_02.mkv,video,0,clean,0.0,2d067670dd95ea04c1355c95abc6aa87a3526b7a7147eeb1455241db1da53684,train
vid_src_0042,vid_src_0042_stego_frame_lsb_0.10.mkv,data/generated/video/vid_src_0042_stego_frame_lsb_0.10.mkv,video,1,frame_lsb,0.1,7e1de0b9c5022d61d7f667d4a6cf8f0e1d07a8121a7366cafff98bfca6746c8b,train
vid_src_0042,vid_src_0042_stego_frame_lsb_matching_0.20.mkv,data/generated/video/vid_src_0042_stego_frame_lsb_matching_0.20.mkv,video,1,frame_lsb_matching,0.2,763dcb48230dd49dac689648ea078a0ff31c830017c29726191fe340bb7aad40,train
vid_src_0043,vid_src_0043_clean_01.mkv,data/generated/video/vid_src_0043_clean_01.mkv,video,0,clean,0.0,28242c9598f944c4733feacba2ab4fe5b430cca38ce581ef14f79f204b04e078,train
vid_src_0043,vid_src_0043_clean_02.mkv,data/generated/video/vid_src_0043_clean_02.mkv,video,0,clean,0.0,b99018bcb04ce37bb3168f9e563507ab84be6532dfd12807d97daae9b0584838,train
vid_src_0043,vid_src_0043_stego_frame_lsb_matching_0.20.mkv,data/generated/video/vid_src_0043_stego_frame_lsb_matching_0.20.mkv,video,1,frame_lsb_matching,0.2,e2554de335796e616e4821b5df7ec618efa5e6a3c8c628be6d0b78bce153f95c,train
vid_src_0043,vid_src_0043_stego_frame_lsb_0.40.mkv,data/generated/video/vid_src_0043_stego_frame_lsb_0.40.mkv,video,1,frame_lsb,0.4,b07e6897d9846e52d4100cbbaa52297db65b7e2e0ded46db9de7d5c889074367,train
vid_src_0044,vid_src_0044_clean_01.mkv,data/generated/video/vid_src_0044_clean_01.mkv,video,0,clean,0.0,5df52dd7239fef9f221adb34a6132ca327f8129a36e68afc48f7e0783c5f27e1,test
vid_src_0044,vid_src_0044_clean_02.mkv,data/generated/video/vid_src_0044_clean_02.mkv,video,0,clean,0.0,4008de6aeb368968ba769ed3e4e29c2093388c621c9e7fb0790d9550c3cbd913,test
vid_src_0044,vid_src_0044_stego_frame_lsb_0.40.mkv,data/generated/video/vid_src_0044_stego_frame_lsb_0.40.mkv,video,1,frame_lsb,0.4,489d459a3680c6ff64054c952238146b5afca15f6d8f7e5990a968ad85b8e900,test
vid_src_0044,vid_src_0044_stego_frame_lsb_matching_0.10.mkv,data/generated/video/vid_src_0044_stego_frame_lsb_matching_0.10.mkv,video,1,frame_lsb_matching,0.1,5ba3b61ffded4a76b289dd6d2f2286afd9e5173b61adf2e40b9794c41ed85d96,test
vid_src_0045,vid_src_0045_clean_01.mkv,data/generated/video/vid_src_0045_clean_01.mkv,video,0,clean,0.0,3336dd8a1d3e476e6228a3a9fa2c46fa04628d88d7ca12160070721063b077b5,train
vid_src_0045,vid_src_0045_clean_02.mkv,data/generated/video/vid_src_0045_clean_02.mkv,video,0,clean,0.0,271efd1c12fedd5851947898e7613c43df123bd69f13d7816d76ede677673918,train
vid_src_0045,vid_src_0045_stego_frame_lsb_matching_0.10.mkv,data/generated/video/vid_src_0045_stego_frame_lsb_matching_0.10.mkv,video,1,frame_lsb_matching,0.1,08be67bd7d5a312f9c231ebc509df08647c4ee6fe19ccd286aa7ee2a01950393,train
vid_src_0045,vid_src_0045_stego_frame_lsb_0.20.mkv,data/generated/video/vid_src_0045_stego_frame_lsb_0.20.mkv,video,1,frame_lsb,0.2,41025ca5c6abb0e8c72e46273e3972445f2519fc82ab774db97a24be7b1a36ff,train
vid_src_0046,vid_src_0046_clean_01.mkv,data/generated/video/vid_src_0046_clean_01.mkv,video,0,clean,0.0,a51faf8cfe540386ebcb88a4fb26accef4e903e9a8f4f0a99ff127d15a58fb5e,train
vid_src_0046,vid_src_0046_clean_02.mkv,data/generated/video/vid_src_0046_clean_02.mkv,video,0,clean,0.0,3e59db1f260a5a28b81d02c7eeb7a0e7b2d8b619637a320cc3ecffd0cda4dbf4,train
vid_src_0046,vid_src_0046_stego_frame_lsb_0.20.mkv,data/generated/video/vid_src_0046_stego_frame_lsb_0.20.mkv,video,1,frame_lsb,0.2,67ee1d290811dc78a163420c2d527c6a115fa2f632027256812e4bcfff7bb3b6,train
vid_src_0046,vid_src_0046_stego_frame_lsb_matching_0.40.mkv,data/generated/video/vid_src_0046_stego_frame_lsb_matching_0.40.mkv,video,1,frame_lsb_matching,0.4,b26408c53ea107353f7a51cdeb869a0ff99074dd03a3452808c7b8edf05e65b3,train
vid_src_0047,vid_src_0047_clean_01.mkv,data/generated/video/vid_src_0047_clean_01.mkv,video,0,clean,0.0,50963fdcb1da6d741330a5c0ab2db52dcac1053c5b577330112df4e597e07c77,train
vid_src_0047,vid_src_0047_clean_02.mkv,data/generated/video/vid_src_0047_clean_02.mkv,video,0,clean,0.0,3a45ccf26d0da4ac90d80166fad1b78aefe6a9f1daeb368408bbb6afd3cc7e3d,train
vid_src_0047,vid_src_0047_stego_frame_lsb_matching_0.40.mkv,data/generated/video/vid_src_0047_stego_frame_lsb_matching_0.40.mkv,video,1,frame_lsb_matching,0.4,4ee8784de59406035bf77aa92b053ac6d81c13cd4e7c0b81a998bf7c1fddf34f,train
vid_src_0047,vid_src_0047_stego_frame_lsb_0.10.mkv,data/generated/video/vid_src_0047_stego_frame_lsb_0.10.mkv,video,1,frame_lsb,0.1,c9f5d99057d06d97dcd6bf2c3546f54102d48b90f4d7494e265a63d8da4f6a3e,train
vid_src_0048,vid_src_0048_clean_01.mkv,data/generated/video/vid_src_0048_clean_01.mkv,video,0,clean,0.0,5959dd066d098c16f5d60364198d06e181ad83ce87bfde11948f4a8660645347,train
vid_src_0048,vid_src_0048_clean_02.mkv,data/generated/video/vid_src_0048_clean_02.mkv,video,0,clean,0.0,21431eca72672f4e44d5057542ddd644b185c3633c100a045eac6a55856513a3,train
vid_src_0048,vid_src_0048_stego_frame_lsb_0.10.mkv,data/generated/video/vid_src_0048_stego_frame_lsb_0.10.mkv,video,1,frame_lsb,0.1,908892d5f2fef85b2853d79ad4ab9e7d7db60ec9a454ebdc410027dc6da3c198,train
vid_src_0048,vid_src_0048_stego_frame_lsb_matching_0.20.mkv,data/generated/video/vid_src_0048_stego_frame_lsb_matching_0.20.mkv,video,1,frame_lsb_matching,0.2,0012cc4ea4a8209579ccec60e070d67040ef28d194c6533c316a1da3c51dac92,train
vid_src_0049,vid_src_0049_clean_01.mkv,data/generated/video/vid_src_0049_clean_01.mkv,video,0,clean,0.0,200b0e2bd45459f6e8e5fc61bed9847167e2e9150ddc2c37f5c7501d9e707538,train
vid_src_0049,vid_src_0049_clean_02.mkv,data/generated/video/vid_src_0049_clean_02.mkv,video,0,clean,0.0,245d97afd8b0449b2e72b72499b2df0cebe71a146be454ae1d4e22d6583e5002,train
vid_src_0049,vid_src_0049_stego_frame_lsb_matching_0.20.mkv,data/generated/video/vid_src_0049_stego_frame_lsb_matching_0.20.mkv,video,1,frame_lsb_matching,0.2,0877537bf80aae86aa7106091dc07f9c37b77d7048adc022810500bb42e6e461,train
vid_src_0049,vid_src_0049_stego_frame_lsb_0.40.mkv,data/generated/video/vid_src_0049_stego_frame_lsb_0.40.mkv,video,1,frame_lsb,0.4,16c5fa7c1328371b030676748053116a2c42dd2f0384776d2b86c6e5f6ebbae8,train
vid_src_0050,vid_src_0050_clean_01.mkv,data/generated/video/vid_src_0050_clean_01.mkv,video,0,clean,0.0,2b6caab661e7dc94d327c00cbb9d3c3600404a008b85ddadf3b07e6056914f91,train
vid_src_0050,vid_src_0050_clean_02.mkv,data/generated/video/vid_src_0050_clean_02.mkv,video,0,clean,0.0,1a80376632899ea1e93bb1f521cc644c4d7a133d8b21b68df1994cf92785d5df,train
vid_src_0050,vid_src_0050_stego_frame_lsb_0.40.mkv,data/generated/video/vid_src_0050_stego_frame_lsb_0.40.mkv,video,1,frame_lsb,0.4,44732c926d4a14ddf2651749d20e67dae1587d9b08a3ea13bd8b61ff6b97913d,train
vid_src_0050,vid_src_0050_stego_frame_lsb_matching_0.10.mkv,data/generated/video/vid_src_0050_stego_frame_lsb_matching_0.10.mkv,video,1,frame_lsb_matching,0.1,80fc1be3c960a37a6b7d4a6c24eace02bc977ddd8beb0729459339fcbf8e433d,train
vid_src_0051,vid_src_0051_clean_01.mkv,data/generated/video/vid_src_0051_clean_01.mkv,video,0,clean,0.0,4e70147f5fafcb6d9bc983503a390c320ec030e498dbd6da2caa92e8da2cee77,test
vid_src_0051,vid_src_0051_clean_02.mkv,data/generated/video/vid_src_0051_clean_02.mkv,video,0,clean,0.0,777889ffc4247771f22ede8806ff4c01d4b2d3d19d461b7bff1d41c5a864b9df,test
vid_src_0051,vid_src_0051_stego_frame_lsb_matching_0.10.mkv,data/generated/video/vid_src_0051_stego_frame_lsb_matching_0.10.mkv,video,1,frame_lsb_matching,0.1,06589fc5b0fdac2bd8b2955c5b7e8121f139c9157e7bb3048b245c92e59ae6ce,test
vid_src_0051,vid_src_0051_stego_frame_lsb_0.20.mkv,data/generated/video/vid_src_0051_stego_frame_lsb_0.20.mkv,video,1,frame_lsb,0.2,b8e4280c738ab94711d0363a87f6850ed3c384ba8f2fab4aa7aed48a813b0b60,test
vid_src_0052,vid_src_0052_clean_01.mkv,data/generated/video/vid_src_0052_clean_01.mkv,video,0,clean,0.0,3e5a5d7fb49d8e9ee3f95a325e868d5c8d2a28cd1ff56def3ea24de305679fbd,train
vid_src_0052,vid_src_0052_clean_02.mkv,data/generated/video/vid_src_0052_clean_02.mkv,video,0,clean,0.0,e0380b1cdb0e63c413475effd91570d0c2e4fa56d1a7bcad4ee49b4e5c778c65,train
vid_src_0052,vid_src_0052_stego_frame_lsb_0.20.mkv,data/generated/video/vid_src_0052_stego_frame_lsb_0.20.mkv,video,1,frame_lsb,0.2,a6c3c309142c6a1c37e11dbc25c2d8a53cac02c19e6f219e8336285090e2cb70,train
vid_src_0052,vid_src_0052_stego_frame_lsb_matching_0.40.mkv,data/generated/video/vid_src_0052_stego_frame_lsb_matching_0.40.mkv,video,1,frame_lsb_matching,0.4,ce278a394714b97039c0789b0ee2fafd6de686d99c5fde960ff1c3021000ee87,train
vid_src_0053,vid_src_0053_clean_01.mkv,data/generated/video/vid_src_0053_clean_01.mkv,video,0,clean,0.0,ae8827a763a2621377654862033463b382a42b50356f3a5d7c34079f47316ef1,train
vid_src_0053,vid_src_0053_clean_02.mkv,data/generated/video/vid_src_0053_clean_02.mkv,video,0,clean,0.0,3f2f070358e4e9e7fdbf1a7291e5123d128cab4a427d7f449241717d6010cd6d,train
vid_src_0053,vid_src_0053_stego_frame_lsb_matching_0.40.mkv,data/generated/video/vid_src_0053_stego_frame_lsb_matching_0.40.mkv,video,1,frame_lsb_matching,0.4,327618423d6e4444ea1661792cc58a94fd01f85d032a8c91fc8244e9fb79f5bb,train
vid_src_0053,vid_src_0053_stego_frame_lsb_0.10.mkv,data/generated/video/vid_src_0053_stego_frame_lsb_0.10.mkv,video,1,frame_lsb,0.1,59bde07e217da5086bfbc4aaa09a72e616628221fbd66302670df0737e0fc1fe,train
vid_src_0054,vid_src_0054_clean_01.mkv,data/generated/video/vid_src_0054_clean_01.mkv,video,0,clean,0.0,f65d116e5099cd657aab70fb8e1ef7bddca908b7c8f7fc11a80ef2597b07b0de,train
vid_src_0054,vid_src_0054_clean_02.mkv,data/generated/video/vid_src_0054_clean_02.mkv,video,0,clean,0.0,59419f87c64df30db97af6486264590bd172d555946c312f320a352247cc1a30,train
vid_src_0054,vid_src_0054_stego_frame_lsb_0.10.mkv,data/generated/video/vid_src_0054_stego_frame_lsb_0.10.mkv,video,1,frame_lsb,0.1,af3b0202231bf2bdd1bd536dfdc6b88c35156c065704cca1b56075dbfe026b61,train
vid_src_0054,vid_src_0054_stego_frame_lsb_matching_0.20.mkv,data/generated/video/vid_src_0054_stego_frame_lsb_matching_0.20.mkv,video,1,frame_lsb_matching,0.2,645fd69d84aa31f31b0f13dc66d61a7faeb42e8229080400178965ae72197b76,train
vid_src_0055,vid_src_0055_clean_01.mkv,data/generated/video/vid_src_0055_clean_01.mkv,video,0,clean,0.0,f27a6e91586b4b6378c5e4ada73bd9aa93560a3ff477823b1d11aaa221e0d804,test
vid_src_0055,vid_src_0055_clean_02.mkv,data/generated/video/vid_src_0055_clean_02.mkv,video,0,clean,0.0,344b812709973c05c95938658f350fe204b2151d7cbc1155d99bf32c969be34e,test
vid_src_0055,vid_src_0055_stego_frame_lsb_matching_0.20.mkv,data/generated/video/vid_src_0055_stego_frame_lsb_matching_0.20.mkv,video,1,frame_lsb_matching,0.2,5e0c25d8eb07f0fd1906149df9049b75a8addf85f3913ff577fd5bd5f98e04a6,test
vid_src_0055,vid_src_0055_stego_frame_lsb_0.40.mkv,data/generated/video/vid_src_0055_stego_frame_lsb_0.40.mkv,video,1,frame_lsb,0.4,6f44411fede39731c5e7ceaeec1071ea28c86ba33e83a956c1705519a2984bf6,test
vid_src_0056,vid_src_0056_clean_01.mkv,data/generated/video/vid_src_0056_clean_01.mkv,video,0,clean,0.0,41968883aab3f51ca00d4a80facfbd7ef90f7e1080bf887e3da549aa7ed9b701,test
vid_src_0056,vid_src_0056_clean_02.mkv,data/generated/video/vid_src_0056_clean_02.mkv,video,0,clean,0.0,6fd8040f0c795ecfafae834363af206b090fb0423c27e438bd24152f61584888,test
vid_src_0056,vid_src_0056_stego_frame_lsb_0.40.mkv,data/generated/video/vid_src_0056_stego_frame_lsb_0.40.mkv,video,1,frame_lsb,0.4,84a88d0f4405e22ba7da0cc2caa0b26db61c7c6befd620b10b070869093f1cb4,test
vid_src_0056,vid_src_0056_stego_frame_lsb_matching_0.10.mkv,data/generated/video/vid_src_0056_stego_frame_lsb_matching_0.10.mkv,video,1,frame_lsb_matching,0.1,54cfe0698d9e4ec167a407b2bfa82be428ff96d29027fea6586b7f7820dde05f,test
vid_src_0057,vid_src_0057_clean_01.mkv,data/generated/video/vid_src_0057_clean_01.mkv,video,0,clean,0.0,98e7c009a9b15b9c20868529d43cee7110a3ff1ce788bc0566035af987066ec8,val
vid_src_0057,vid_src_0057_clean_02.mkv,data/generated/video/vid_src_0057_clean_02.mkv,video,0,clean,0.0,824196305c4838d0046873faedb0f44fe2c66e9ed90347e4a12610b0c515b39d,val
vid_src_0057,vid_src_0057_stego_frame_lsb_matching_0.10.mkv,data/generated/video/vid_src_0057_stego_frame_lsb_matching_0.10.mkv,video,1,frame_lsb_matching,0.1,616a82c0dc84c5e310ced71ba9566c0aeb380d9c165ca50c8699c7dfdf0784be,val
vid_src_0057,vid_src_0057_stego_frame_lsb_0.20.mkv,data/generated/video/vid_src_0057_stego_frame_lsb_0.20.mkv,video,1,frame_lsb,0.2,2b2f110509204811009f974236d74be26c6552b4a716114f8b1dd2b1a999f5a2,val
vid_src_0058,vid_src_0058_clean_01.mkv,data/generated/video/vid_src_0058_clean_01.mkv,video,0,clean,0.0,f8b43146070d628e6eb76acf05051930b1cbafd0b55ce5f4dad769ef62a66660,train
vid_src_0058,vid_src_0058_clean_02.mkv,data/generated/video/vid_src_0058_clean_02.mkv,video,0,clean,0.0,7aa9fcf3c1ee388e69234ee54e5f550b105c1b7ff4b6ff6619d44e2fb072c77c,train
vid_src_0058,vid_src_0058_stego_frame_lsb_0.20.mkv,data/generated/video/vid_src_0058_stego_frame_lsb_0.20.mkv,video,1,frame_lsb,0.2,790452813a5daea6487d07cb883eb27379ae0cce9ad687e89c4aece5a6fa0da5,train
vid_src_0058,vid_src_0058_stego_frame_lsb_matching_0.40.mkv,data/generated/video/vid_src_0058_stego_frame_lsb_matching_0.40.mkv,video,1,frame_lsb_matching,0.4,d45b406c4176dfbc2c9b6a6388abb4cfbf6f5a98c5fd7c9b51b290bbdb18fff4,train
vid_src_0059,vid_src_0059_clean_01.mkv,data/generated/video/vid_src_0059_clean_01.mkv,video,0,clean,0.0,5a89cc8e4872fe213941f980b0f2a0595c2f71cfc54a149a5a1a47760504a6c1,train
vid_src_0059,vid_src_0059_clean_02.mkv,data/generated/video/vid_src_0059_clean_02.mkv,video,0,clean,0.0,011c532b03cd7eb445205b86ef790c5ebdec7e2f94b567a198582ae8ff9a71a8,train
vid_src_0059,vid_src_0059_stego_frame_lsb_matching_0.40.mkv,data/generated/video/vid_src_0059_stego_frame_lsb_matching_0.40.mkv,video,1,frame_lsb_matching,0.4,95e60977c2d83e7ea932c06bb2abfadd5e8a17691e992c242ea3327b37fffc7d,train
vid_src_0059,vid_src_0059_stego_frame_lsb_0.10.mkv,data/generated/video/vid_src_0059_stego_frame_lsb_0.10.mkv,video,1,frame_lsb,0.1,5bfc950befad938b974f789c32ecb823ede610b2041a6cd64661e33b495f04f0,train
vid_src_0060,vid_src_0060_clean_01.mkv,data/generated/video/vid_src_0060_clean_01.mkv,video,0,clean,0.0,a4998339dd0f41974bf4c73dbd102e999e7e1078785d2a4c681f91d9bbf6a4c7,train
vid_src_0060,vid_src_0060_clean_02.mkv,data/generated/video/vid_src_0060_clean_02.mkv,video,0,clean,0.0,233bef69044a5c8bbc18e0f28135a312091657580429df0fd844c11dc2fd7831,train
vid_src_0060,vid_src_0060_stego_frame_lsb_0.10.mkv,data/generated/video/vid_src_0060_stego_frame_lsb_0.10.mkv,video,1,frame_lsb,0.1,4c12e84c419a5ec154923434f082f200cecf83edb2d1e36fa0b066fac8067f6c,train
vid_src_0060,vid_src_0060_stego_frame_lsb_matching_0.20.mkv,data/generated/video/vid_src_0060_stego_frame_lsb_matching_0.20.mkv,video,1,frame_lsb_matching,0.2,363b622f86772ca476d022bf5d8e03abac9252c2f76ab1d67dcee0aa99ae13fb,train
vid_src_0061,vid_src_0061_clean_01.mkv,data/generated/video/vid_src_0061_clean_01.mkv,video,0,clean,0.0,244f7878a2501881334caa5f3bda9ec7d16a791275b7e52e3b2fdec0ec88865e,train
vid_src_0061,vid_src_0061_clean_02.mkv,data/generated/video/vid_src_0061_clean_02.mkv,video,0,clean,0.0,bb6cc2f0b5f5be3f3f91172efe9efece3c3c1e24e35a52250be83dce933cc41f,train
vid_src_0061,vid_src_0061_stego_frame_lsb_matching_0.20.mkv,data/generated/video/vid_src_0061_stego_frame_lsb_matching_0.20.mkv,video,1,frame_lsb_matching,0.2,4dffdd83e1195518953d143390e7530d58895636e78d63d6f8007c6c5a6a35b4,train
vid_src_0061,vid_src_0061_stego_frame_lsb_0.40.mkv,data/generated/video/vid_src_0061_stego_frame_lsb_0.40.mkv,video,1,frame_lsb,0.4,5b8bdcd209490c6afdcd39c5b3a40a6d656a723caffe1a12946522d4b0c48398,train
vid_src_0062,vid_src_0062_clean_01.mkv,data/generated/video/vid_src_0062_clean_01.mkv,video,0,clean,0.0,5d05366fc6ce8635bd7b54d1c9db66464e369756f08332cc593a9b5db79df6d8,train
vid_src_0062,vid_src_0062_clean_02.mkv,data/generated/video/vid_src_0062_clean_02.mkv,video,0,clean,0.0,a6e70a41a35d9acd57fcba40c2e4c6c3f3238de0e78fa16e682ca6a46c5f2bb0,train
vid_src_0062,vid_src_0062_stego_frame_lsb_0.40.mkv,data/generated/video/vid_src_0062_stego_frame_lsb_0.40.mkv,video,1,frame_lsb,0.4,1337ef2989b4616459991ad6eded7130e398e07d5de12cb6c6a3d0dcb304e4fe,train
vid_src_0062,vid_src_0062_stego_frame_lsb_matching_0.10.mkv,data/generated/video/vid_src_0062_stego_frame_lsb_matching_0.10.mkv,video,1,frame_lsb_matching,0.1,720fb059b905dee9ff17ce2d11d884edd4c93af4483b19416e360f5590a1058d,train
vid_src_0063,vid_src_0063_clean_01.mkv,data/generated/video/vid_src_0063_clean_01.mkv,video,0,clean,0.0,16e89206617c74c3509dcc9236caca4c992a62db5f89ad38e36e5c782443890c,train
vid_src_0063,vid_src_0063_clean_02.mkv,data/generated/video/vid_src_0063_clean_02.mkv,video,0,clean,0.0,29a9e3d9168e289c2e08f0171b709224c2280363bdcdef128383f1df94653bf0,train
vid_src_0063,vid_src_0063_stego_frame_lsb_matching_0.10.mkv,data/generated/video/vid_src_0063_stego_frame_lsb_matching_0.10.mkv,video,1,frame_lsb_matching,0.1,a5995bab22bad1a3cba6588cddd06491227eaac7b81d5f7be8d94fbcb7f80a02,train
vid_src_0063,vid_src_0063_stego_frame_lsb_0.20.mkv,data/generated/video/vid_src_0063_stego_frame_lsb_0.20.mkv,video,1,frame_lsb,0.2,33b7d1b68c82ca15e9f6108044438f6a01770e6450caf9d160d48243d895e37c,train
vid_src_0064,vid_src_0064_clean_01.mkv,data/generated/video/vid_src_0064_clean_01.mkv,video,0,clean,0.0,c0762db66a8ea0e898a385f360a6e62c12176a91c9d3d0b753be94d2ff5bd81e,test
vid_src_0064,vid_src_0064_clean_02.mkv,data/generated/video/vid_src_0064_clean_02.mkv,video,0,clean,0.0,2da2c834349cb8c20dfaeebd2ee5819726c3e7308c82ffc8d32c1bc92a4f1716,test
vid_src_0064,vid_src_0064_stego_frame_lsb_0.20.mkv,data/generated/video/vid_src_0064_stego_frame_lsb_0.20.mkv,video,1,frame_lsb,0.2,17831562c5cf096049b587f145087d43963cc02e61e3d28f51d7a7112b964144,test
vid_src_0064,vid_src_0064_stego_frame_lsb_matching_0.40.mkv,data/generated/video/vid_src_0064_stego_frame_lsb_matching_0.40.mkv,video,1,frame_lsb_matching,0.4,c5769cfcd4835fbb5f2b1cb2df5a31e4b5bf0b2848342fd65ebf6b9f33d6dad5,test
vid_src_0065,vid_src_0065_clean_01.mkv,data/generated/video/vid_src_0065_clean_01.mkv,video,0,clean,0.0,5016def97a7428e9e5d50cf9c42de8fe71a3a5ab114b67cb1757c16efaf590c3,test
vid_src_0065,vid_src_0065_clean_02.mkv,data/generated/video/vid_src_0065_clean_02.mkv,video,0,clean,0.0,ce9af2073f0dcb27877eec3f8eb4425fc31fda336095970e8e776d336373d4b8,test
vid_src_0065,vid_src_0065_stego_frame_lsb_matching_0.40.mkv,data/generated/video/vid_src_0065_stego_frame_lsb_matching_0.40.mkv,video,1,frame_lsb_matching,0.4,50af61f8fef588c68d1ce2db4a182fb3842f1f379fa08454cec232f7e5714a6a,test
vid_src_0065,vid_src_0065_stego_frame_lsb_0.10.mkv,data/generated/video/vid_src_0065_stego_frame_lsb_0.10.mkv,video,1,frame_lsb,0.1,37c4fc9a9c7d0cb3e6abf3d93fbede9ff75b9c5830d9cf1e0db87c096fb36937,test
vid_src_0066,vid_src_0066_clean_01.mkv,data/generated/video/vid_src_0066_clean_01.mkv,video,0,clean,0.0,02388f7090ed6417a677ec946cb73ba58b1b93641b77188fe7b939b7d7be37b4,train
vid_src_0066,vid_src_0066_clean_02.mkv,data/generated/video/vid_src_0066_clean_02.mkv,video,0,clean,0.0,80b63cd01f5e2d7d3f458e8f1be7e0729d602374b24ca2de4a7058e0695b5dc1,train
vid_src_0066,vid_src_0066_stego_frame_lsb_0.10.mkv,data/generated/video/vid_src_0066_stego_frame_lsb_0.10.mkv,video,1,frame_lsb,0.1,5cac0462f1440558029efedddbb3bd72431b11157e225e37d6f5887c9e72322e,train
vid_src_0066,vid_src_0066_stego_frame_lsb_matching_0.20.mkv,data/generated/video/vid_src_0066_stego_frame_lsb_matching_0.20.mkv,video,1,frame_lsb_matching,0.2,99f237f1b9721f07d4274c3b3d226418e749c34aaaa3e8c37563192f4ef97cfa,train
vid_src_0067,vid_src_0067_clean_01.mkv,data/generated/video/vid_src_0067_clean_01.mkv,video,0,clean,0.0,11ef2813999847a92795aea499438af5ee23b68dae0d4eef55a61025eadc8c3b,train
vid_src_0067,vid_src_0067_clean_02.mkv,data/generated/video/vid_src_0067_clean_02.mkv,video,0,clean,0.0,0c4b41a8ee88065d40c946ecf3eb6a29a49364e215859b304b466b88ec5af22b,train
vid_src_0067,vid_src_0067_stego_frame_lsb_matching_0.20.mkv,data/generated/video/vid_src_0067_stego_frame_lsb_matching_0.20.mkv,video,1,frame_lsb_matching,0.2,ded817919110c689f6f2e37656f71452ad1631ff3830a9d0e65275710b4d159b,train
vid_src_0067,vid_src_0067_stego_frame_lsb_0.40.mkv,data/generated/video/vid_src_0067_stego_frame_lsb_0.40.mkv,video,1,frame_lsb,0.4,4decb469d9e6644b7cb957340b72949b42fff637b21d4e5084435655584db915,train
vid_src_0068,vid_src_0068_clean_01.mkv,data/generated/video/vid_src_0068_clean_01.mkv,video,0,clean,0.0,31c69cfeb2ba8c0d7ee811370a89d5ac76e039c281e8c7bee0f08e3b0cc7c2fa,train
vid_src_0068,vid_src_0068_clean_02.mkv,data/generated/video/vid_src_0068_clean_02.mkv,video,0,clean,0.0,4356aaf04aaaf56437d349f5564de851132f062d9abb4b286d9615ff37da1bd4,train
vid_src_0068,vid_src_0068_stego_frame_lsb_0.40.mkv,data/generated/video/vid_src_0068_stego_frame_lsb_0.40.mkv,video,1,frame_lsb,0.4,eced34b9ddcfc61ff6864209158e2e841d4fa6f9748f2ba3ea78ac2f0554c11a,train
vid_src_0068,vid_src_0068_stego_frame_lsb_matching_0.10.mkv,data/generated/video/vid_src_0068_stego_frame_lsb_matching_0.10.mkv,video,1,frame_lsb_matching,0.1,ffcc735dad5b22152aaf44e47d38c628fcbc6f4ebaa2360e1f875582ffd0b2ba,train
vid_src_0069,vid_src_0069_clean_01.mkv,data/generated/video/vid_src_0069_clean_01.mkv,video,0,clean,0.0,f5cb57921a18a2beb0cf595685d9bc5382ba8fc26dd827457cf0e054028c9f5f,train
vid_src_0069,vid_src_0069_clean_02.mkv,data/generated/video/vid_src_0069_clean_02.mkv,video,0,clean,0.0,d9866cf3b7cdeb750a3ce1aa53c6065604160bf0a22bb10fcfb290cb0a574b80,train
vid_src_0069,vid_src_0069_stego_frame_lsb_matching_0.10.mkv,data/generated/video/vid_src_0069_stego_frame_lsb_matching_0.10.mkv,video,1,frame_lsb_matching,0.1,39a14980b730afa9eaf74d20e72067eca253b9776c9ad2a871f3895f9e23a93a,train
vid_src_0069,vid_src_0069_stego_frame_lsb_0.20.mkv,data/generated/video/vid_src_0069_stego_frame_lsb_0.20.mkv,video,1,frame_lsb,0.2,6fcea40111be2d72ed68e6d5ec5a750ad48987e5fc7198e91dc74b9bde7f5c15,train
vid_src_0070,vid_src_0070_clean_01.mkv,data/generated/video/vid_src_0070_clean_01.mkv,video,0,clean,0.0,8b98fd253deb25c2424972f6dc16a10a578f907d0437ae30d3c6fbdd4ca42c56,val
vid_src_0070,vid_src_0070_clean_02.mkv,data/generated/video/vid_src_0070_clean_02.mkv,video,0,clean,0.0,3006eca9f7e9ee1746d1985b793c771987ec55bafebbc2220109b340922fb0a8,val
vid_src_0070,vid_src_0070_stego_frame_lsb_0.20.mkv,data/generated/video/vid_src_0070_stego_frame_lsb_0.20.mkv,video,1,frame_lsb,0.2,2eb8ed9a082f5c5d5f58c57f23b118847b39373be73510fbd4fd0ce6e3ce9368,val
vid_src_0070,vid_src_0070_stego_frame_lsb_matching_0.40.mkv,data/generated/video/vid_src_0070_stego_frame_lsb_matching_0.40.mkv,video,1,frame_lsb_matching,0.4,32ed6a95b01997c2d2a7c43c21e9b834cfc42c22a18857d16ec95419d476caf7,val
vid_src_0071,vid_src_0071_clean_01.mkv,data/generated/video/vid_src_0071_clean_01.mkv,video,0,clean,0.0,00ba6110565cc52633941f773700a855ec13f03cfe9848345b3347bc14d224ea,test
vid_src_0071,vid_src_0071_clean_02.mkv,data/generated/video/vid_src_0071_clean_02.mkv,video,0,clean,0.0,ee7bd7da4b221178f2b4bd7041835176148a05acdfb5936f33325527fd91dd7b,test
vid_src_0071,vid_src_0071_stego_frame_lsb_matching_0.40.mkv,data/generated/video/vid_src_0071_stego_frame_lsb_matching_0.40.mkv,video,1,frame_lsb_matching,0.4,a8f412c5734e3445d774d72e403baa874dd270c4265186efb91ae6b989268952,test
vid_src_0071,vid_src_0071_stego_frame_lsb_0.10.mkv,data/generated/video/vid_src_0071_stego_frame_lsb_0.10.mkv,video,1,frame_lsb,0.1,9dfe14ebd91bc038b911e212dbc0b952a615511b15617d7299b2058f35976b7d,test
vid_src_0072,vid_src_0072_clean_01.mkv,data/generated/video/vid_src_0072_clean_01.mkv,video,0,clean,0.0,c4d9adbb242f8c2f1e59a22a4fa9735c0d58008f473689a36727c8c105a21978,test
vid_src_0072,vid_src_0072_clean_02.mkv,data/generated/video/vid_src_0072_clean_02.mkv,video,0,clean,0.0,449b89ced58f6cb5f731db3b1f811bb1b3d10907026dee304a7172beae18e599,test
vid_src_0072,vid_src_0072_stego_frame_lsb_0.10.mkv,data/generated/video/vid_src_0072_stego_frame_lsb_0.10.mkv,video,1,frame_lsb,0.1,830a3b3d1a7324fa79cf921038f0409f7fc7ca14ffa51efe0f9be821834a7a18,test
vid_src_0072,vid_src_0072_stego_frame_lsb_matching_0.20.mkv,data/generated/video/vid_src_0072_stego_frame_lsb_matching_0.20.mkv,video,1,frame_lsb_matching,0.2,c1c79222034cb26b8ceb04b2283430050ae054f15b1fe85d57932309ca69d56d,test
vid_src_0073,vid_src_0073_clean_01.mkv,data/generated/video/vid_src_0073_clean_01.mkv,video,0,clean,0.0,4d79f4208f7436f2c6926409b5576e9d7d76e1678dabb5cafd6f60505a3c5260,val
vid_src_0073,vid_src_0073_clean_02.mkv,data/generated/video/vid_src_0073_clean_02.mkv,video,0,clean,0.0,53f31999c9c2d4db21642578c14d7d03d93784cd2d4cba2fb7d4962d6be6da5f,val
vid_src_0073,vid_src_0073_stego_frame_lsb_matching_0.20.mkv,data/generated/video/vid_src_0073_stego_frame_lsb_matching_0.20.mkv,video,1,frame_lsb_matching,0.2,ea0e952eeaf7fa7d75625ecb04be803900595c7f2babb7674f95844322bfa9c8,val
vid_src_0073,vid_src_0073_stego_frame_lsb_0.40.mkv,data/generated/video/vid_src_0073_stego_frame_lsb_0.40.mkv,video,1,frame_lsb,0.4,87b649795d7a788c82b885fa08e042e4753077ad53f74a01b56f49770cbaba86,val
vid_src_0074,vid_src_0074_clean_01.mkv,data/generated/video/vid_src_0074_clean_01.mkv,video,0,clean,0.0,589a6ea5119b238ff05e839577726c7091b8873e6e51b577c0120fc03b846e57,train
vid_src_0074,vid_src_0074_clean_02.mkv,data/generated/video/vid_src_0074_clean_02.mkv,video,0,clean,0.0,7cf4bb72bee4cc3872ffd504fc17c0e7459f1d320514c44368a388e165b9c092,train
vid_src_0074,vid_src_0074_stego_frame_lsb_0.40.mkv,data/generated/video/vid_src_0074_stego_frame_lsb_0.40.mkv,video,1,frame_lsb,0.4,fea76ec75cf91692478f447a4087fd46a0fa995e523bd4c0b6f25d036364595f,train
vid_src_0074,vid_src_0074_stego_frame_lsb_matching_0.10.mkv,data/generated/video/vid_src_0074_stego_frame_lsb_matching_0.10.mkv,video,1,frame_lsb_matching,0.1,15b8ff0856fc91199d86888491fb5207bbeb15a7ad0571ebc602939e1b0c33d8,train
vid_src_0075,vid_src_0075_clean_01.mkv,data/generated/video/vid_src_0075_clean_01.mkv,video,0,clean,0.0,7ff5a1dceb27307a524e00a573542b54746a467dfd0340c4da5c948da3edafd0,train
vid_src_0075,vid_src_0075_clean_02.mkv,data/generated/video/vid_src_0075_clean_02.mkv,video,0,clean,0.0,91be60fe1c3a4134659ae7ca5134ec1e5e0d1ab8efaee9264649e9abf016ced4,train
vid_src_0075,vid_src_0075_stego_frame_lsb_matching_0.10.mkv,data/generated/video/vid_src_0075_stego_frame_lsb_matching_0.10.mkv,video,1,frame_lsb_matching,0.1,6ae513aabc0e9422ea0a02008e3795ef86c2b1d870d16f3548066f9ef6373349,train
vid_src_0075,vid_src_0075_stego_frame_lsb_0.20.mkv,data/generated/video/vid_src_0075_stego_frame_lsb_0.20.mkv,video,1,frame_lsb,0.2,e032db3e1dc39420aaca4b88470a00d7ae053acdbd8849e1e966fd415fa6f7da,train
vid_src_0076,vid_src_0076_clean_01.mkv,data/generated/video/vid_src_0076_clean_01.mkv,video,0,clean,0.0,04b86c3848a25ea087df51ab0d031fdae6c6e59e243805d6292d182de71d5a56,test
vid_src_0076,vid_src_0076_clean_02.mkv,data/generated/video/vid_src_0076_clean_02.mkv,video,0,clean,0.0,a0da2877f7fa62b63105fe1c34a378aa6203d6de9422eba581e30d2b99895e0f,test
vid_src_0076,vid_src_0076_stego_frame_lsb_0.20.mkv,data/generated/video/vid_src_0076_stego_frame_lsb_0.20.mkv,video,1,frame_lsb,0.2,7d6a47cb09a7ccd2341f99b95511d681956736fdd6a6a1cd42bdd0dee5838104,test
vid_src_0076,vid_src_0076_stego_frame_lsb_matching_0.40.mkv,data/generated/video/vid_src_0076_stego_frame_lsb_matching_0.40.mkv,video,1,frame_lsb_matching,0.4,b3bd7b6bb3a382baa5dfa43f78bca6a894ca59eb6573cf6c3b85bc0926e178a4,test
vid_src_0077,vid_src_0077_clean_01.mkv,data/generated/video/vid_src_0077_clean_01.mkv,video,0,clean,0.0,1e53a82d09ff99394849e27deb2a270d3ae68289b24f0c1734446fc362a51030,train
vid_src_0077,vid_src_0077_clean_02.mkv,data/generated/video/vid_src_0077_clean_02.mkv,video,0,clean,0.0,abb4af69d19079b3fbebcf66409e88225d3681544a40f046e2b55247412b9ba3,train
vid_src_0077,vid_src_0077_stego_frame_lsb_matching_0.40.mkv,data/generated/video/vid_src_0077_stego_frame_lsb_matching_0.40.mkv,video,1,frame_lsb_matching,0.4,057107601eadc8f10fdd96837c18f170e65549064412141119891748e25a039a,train
vid_src_0077,vid_src_0077_stego_frame_lsb_0.10.mkv,data/generated/video/vid_src_0077_stego_frame_lsb_0.10.mkv,video,1,frame_lsb,0.1,d0982b7d9b7c36bd8646bf46b39ea37b340eed3336871c43f5aa82e15de57aa3,train
vid_src_0078,vid_src_0078_clean_01.mkv,data/generated/video/vid_src_0078_clean_01.mkv,video,0,clean,0.0,2004e65c341ed1ddafc1d776400c3c051598eecca7150f4594640ed3c9810d6e,train
vid_src_0078,vid_src_0078_clean_02.mkv,data/generated/video/vid_src_0078_clean_02.mkv,video,0,clean,0.0,9d41929522b71e9c0109dd365a6ccb8973e8b7c10c2754448bf28a40c2156868,train
vid_src_0078,vid_src_0078_stego_frame_lsb_0.10.mkv,data/generated/video/vid_src_0078_stego_frame_lsb_0.10.mkv,video,1,frame_lsb,0.1,3402ceac428e8d82155db802e7070027f12381da807551aff31480faffc4842d,train
vid_src_0078,vid_src_0078_stego_frame_lsb_matching_0.20.mkv,data/generated/video/vid_src_0078_stego_frame_lsb_matching_0.20.mkv,video,1,frame_lsb_matching,0.2,343665bae618339d9e2205c9444c7ff0acc1dc33b3c82aaf5634eb676012123a,train
vid_src_0079,vid_src_0079_clean_01.mkv,data/generated/video/vid_src_0079_clean_01.mkv,video,0,clean,0.0,f227c384c808d7acda23a24dad19cf1a49d4de7142972c9ee919c2299c50ec0f,train
vid_src_0079,vid_src_0079_clean_02.mkv,data/generated/video/vid_src_0079_clean_02.mkv,video,0,clean,0.0,74520a2d8a258b4ea1f9e50695b826ac32edd2250e9db0107f09c68177862dd1,train
vid_src_0079,vid_src_0079_stego_frame_lsb_matching_0.20.mkv,data/generated/video/vid_src_0079_stego_frame_lsb_matching_0.20.mkv,video,1,frame_lsb_matching,0.2,6954327cf2bcbfc162f2b298e782a9c192df22efdd46a0fdce29944d950f4f0f,train
vid_src_0079,vid_src_0079_stego_frame_lsb_0.40.mkv,data/generated/video/vid_src_0079_stego_frame_lsb_0.40.mkv,video,1,frame_lsb,0.4,e7205018dbfec46c9f47916e6d28ceb7c2069e864960240761a7c3db110c56d7,train
vid_src_0080,vid_src_0080_clean_01.mkv,data/generated/video/vid_src_0080_clean_01.mkv,video,0,clean,0.0,c5719c16e9670764bc56f0656cbef6d370e39b9b4d1b7cbc120e86bb44e6776d,train
vid_src_0080,vid_src_0080_clean_02.mkv,data/generated/video/vid_src_0080_clean_02.mkv,video,0,clean,0.0,9d026b74525c2f01ba5d99ccf973f93d98fd2efbe116b2d37b58783475c6960a,train
vid_src_0080,vid_src_0080_stego_frame_lsb_0.40.mkv,data/generated/video/vid_src_0080_stego_frame_lsb_0.40.mkv,video,1,frame_lsb,0.4,2f1b6ea63570a0332a52c0ac0d6fdd5bae485f474c75738661573feb7e713d8e,train
vid_src_0080,vid_src_0080_stego_frame_lsb_matching_0.10.mkv,data/generated/video/vid_src_0080_stego_frame_lsb_matching_0.10.mkv,video,1,frame_lsb_matching,0.1,311eaabbc290b102caad65888c9d752ee324635313dacff36b4e54c3490a3a29,train
vid_src_0081,vid_src_0081_clean_01.mkv,data/generated/video/vid_src_0081_clean_01.mkv,video,0,clean,0.0,2d27fd622ba38f62daf819de45097e7d255b147f73abbe3800c21f8146ad6dba,val
vid_src_0081,vid_src_0081_clean_02.mkv,data/generated/video/vid_src_0081_clean_02.mkv,video,0,clean,0.0,e89bcf1244934c2151b9f3888b0f7cccf16b070dcb51982281c937a0c94166a7,val
vid_src_0081,vid_src_0081_stego_frame_lsb_matching_0.10.mkv,data/generated/video/vid_src_0081_stego_frame_lsb_matching_0.10.mkv,video,1,frame_lsb_matching,0.1,c474a1d4879c3056913b04c33215bbdefc2ec7d3160a33461f1b8758b4072962,val
vid_src_0081,vid_src_0081_stego_frame_lsb_0.20.mkv,data/generated/video/vid_src_0081_stego_frame_lsb_0.20.mkv,video,1,frame_lsb,0.2,182641bd7cd3c89956a13d5681f167bbe90c60e3f3c23df8510dc940ca566751,val
vid_src_0082,vid_src_0082_clean_01.mkv,data/generated/video/vid_src_0082_clean_01.mkv,video,0,clean,0.0,897b0201cfba6c70691e0c39f98d9331350d4add16212abb0a1ba9870878a338,test
vid_src_0082,vid_src_0082_clean_02.mkv,data/generated/video/vid_src_0082_clean_02.mkv,video,0,clean,0.0,2a9fa7e9f7e9360af5312bcb3aec29ff9319fea72a51e1276fa673ddb7220e65,test
vid_src_0082,vid_src_0082_stego_frame_lsb_0.20.mkv,data/generated/video/vid_src_0082_stego_frame_lsb_0.20.mkv,video,1,frame_lsb,0.2,44515a760059b4dfcfa675225d899129aabed00cebe4fafced43d5b023c79113,test
vid_src_0082,vid_src_0082_stego_frame_lsb_matching_0.40.mkv,data/generated/video/vid_src_0082_stego_frame_lsb_matching_0.40.mkv,video,1,frame_lsb_matching,0.4,ae186825286d2c7e024cb9835346f8d060fe87b55c6044bcf06d8be94facf181,test
vid_src_0083,vid_src_0083_clean_01.mkv,data/generated/video/vid_src_0083_clean_01.mkv,video,0,clean,0.0,132f4bbbe7e892033fd2646660b2062bc4a441a1944e4ee58a273a31ce5fee1f,train
vid_src_0083,vid_src_0083_clean_02.mkv,data/generated/video/vid_src_0083_clean_02.mkv,video,0,clean,0.0,1230c1d4de420513d87fea84a63e4eed3646861a05222889901d5dde5fcf5070,train
vid_src_0083,vid_src_0083_stego_frame_lsb_matching_0.40.mkv,data/generated/video/vid_src_0083_stego_frame_lsb_matching_0.40.mkv,video,1,frame_lsb_matching,0.4,e2972cd2ea6ec7770fdfa782ec02ce7147f03318c40b3cc1db60bb16ccc2bca7,train
vid_src_0083,vid_src_0083_stego_frame_lsb_0.10.mkv,data/generated/video/vid_src_0083_stego_frame_lsb_0.10.mkv,video,1,frame_lsb,0.1,493fa685d5addecabd1fdea47df63589e9ab1adf4c78d41bf458b9ca88130da7,train
vid_src_0084,vid_src_0084_clean_01.mkv,data/generated/video/vid_src_0084_clean_01.mkv,video,0,clean,0.0,dd3686321319e601c3e3e223a9115f80518d963a1ceacf634003cacef39582a1,train
vid_src_0084,vid_src_0084_clean_02.mkv,data/generated/video/vid_src_0084_clean_02.mkv,video,0,clean,0.0,7b415b309c0723f511e9a98906e2558d4fdcd351b2fcfd182c0f92cee9e3139e,train
vid_src_0084,vid_src_0084_stego_frame_lsb_0.10.mkv,data/generated/video/vid_src_0084_stego_frame_lsb_0.10.mkv,video,1,frame_lsb,0.1,52dc73b645ebb0afd12f9e5817451b7f1915224b28cb67a0fd959b1080d1a2b2,train
vid_src_0084,vid_src_0084_stego_frame_lsb_matching_0.20.mkv,data/generated/video/vid_src_0084_stego_frame_lsb_matching_0.20.mkv,video,1,frame_lsb_matching,0.2,b3bb6e16806f313ad6c52fc74b999a3794051d23fb4e6c26ff516a502a984a23,train
vid_src_0085,vid_src_0085_clean_01.mkv,data/generated/video/vid_src_0085_clean_01.mkv,video,0,clean,0.0,4a257be1e69f71717f71d00abdefffd26fedc9c9cbd8b48a8b68d36d95bfaaa1,train
vid_src_0085,vid_src_0085_clean_02.mkv,data/generated/video/vid_src_0085_clean_02.mkv,video,0,clean,0.0,18fa036df5cb19a503d3ada545b22f6e5c87436ba2576315594ffa1579ce83a7,train
vid_src_0085,vid_src_0085_stego_frame_lsb_matching_0.20.mkv,data/generated/video/vid_src_0085_stego_frame_lsb_matching_0.20.mkv,video,1,frame_lsb_matching,0.2,5a7bf7b6678cefb3770764bcf4f2392c032e52d5ca13321bd2cc6c5db5c5d920,train
vid_src_0085,vid_src_0085_stego_frame_lsb_0.40.mkv,data/generated/video/vid_src_0085_stego_frame_lsb_0.40.mkv,video,1,frame_lsb,0.4,22bb9de567f8dc32aa3d4ca76376fce19b44ee807d308d34008ec09f87bd782a,train
vid_src_0086,vid_src_0086_clean_01.mkv,data/generated/video/vid_src_0086_clean_01.mkv,video,0,clean,0.0,e85bbb7ea08280334b9e74d43f2d199a2087eed8aad2103570de5e42664413e2,test
vid_src_0086,vid_src_0086_clean_02.mkv,data/generated/video/vid_src_0086_clean_02.mkv,video,0,clean,0.0,b59c04bdf5cd32c65d59f7e8cc32043cc079f4109d4d737951b2b14ed42a78e5,test
vid_src_0086,vid_src_0086_stego_frame_lsb_0.40.mkv,data/generated/video/vid_src_0086_stego_frame_lsb_0.40.mkv,video,1,frame_lsb,0.4,5fae17aca335a4d0c19b8f6c76e59b597ff5ed363405a21c9a43eceddfc48d64,test
vid_src_0086,vid_src_0086_stego_frame_lsb_matching_0.10.mkv,data/generated/video/vid_src_0086_stego_frame_lsb_matching_0.10.mkv,video,1,frame_lsb_matching,0.1,0fac986d69c9939a6cce82cf476803419ab7f57396e0e6b6034224aa4a05b9dd,test
vid_src_0087,vid_src_0087_clean_01.mkv,data/generated/video/vid_src_0087_clean_01.mkv,video,0,clean,0.0,ed29b678b3b434f810ba4e1b960d4e69bcebd5ff7bdecde1ed1e471767614692,train
vid_src_0087,vid_src_0087_clean_02.mkv,data/generated/video/vid_src_0087_clean_02.mkv,video,0,clean,0.0,e33066cc91966b5fed68e422da7de09c3fafa3760fb1373d40cd357b656dcb01,train
vid_src_0087,vid_src_0087_stego_frame_lsb_matching_0.10.mkv,data/generated/video/vid_src_0087_stego_frame_lsb_matching_0.10.mkv,video,1,frame_lsb_matching,0.1,8b9757de7cf5e2b9c0b9b9e57aa945d680c22e42127c4b9f36e8e4c1c791aaf1,train
vid_src_0087,vid_src_0087_stego_frame_lsb_0.20.mkv,data/generated/video/vid_src_0087_stego_frame_lsb_0.20.mkv,video,1,frame_lsb,0.2,6de0f33a2cf8723e31df0d75693e67e965645a7347adcaf699a1c3107c4ac4b0,train
vid_src_0088,vid_src_0088_clean_01.mkv,data/generated/video/vid_src_0088_clean_01.mkv,video,0,clean,0.0,f7d0357a17294a54b78aed71eba5b697931fa10cca9b4ad46daf93b840dd7f6a,train
vid_src_0088,vid_src_0088_clean_02.mkv,data/generated/video/vid_src_0088_clean_02.mkv,video,0,clean,0.0,91cbc8f61f2774e13b633047648b1fa318173ba140ba9d0e5ea9bfa4c1a397e1,train
vid_src_0088,vid_src_0088_stego_frame_lsb_0.20.mkv,data/generated/video/vid_src_0088_stego_frame_lsb_0.20.mkv,video,1,frame_lsb,0.2,10852142f1f9e1baf4ec09f12f22be330ea89128f644bd98fbbf91117a245369,train
vid_src_0088,vid_src_0088_stego_frame_lsb_matching_0.40.mkv,data/generated/video/vid_src_0088_stego_frame_lsb_matching_0.40.mkv,video,1,frame_lsb_matching,0.4,1899bc1e9d44cfc7bab742b23f7134ac439b15514854181ea7e153733325f5b7,train
vid_src_0089,vid_src_0089_clean_01.mkv,data/generated/video/vid_src_0089_clean_01.mkv,video,0,clean,0.0,bae8f03924a8b305e997a12e95e705de5543619e56390cdb3db4e3c9060aab57,train
vid_src_0089,vid_src_0089_clean_02.mkv,data/generated/video/vid_src_0089_clean_02.mkv,video,0,clean,0.0,f5c656c1f6a114885cd81a2eef76f4524e1a7a6f06637f5d0d275cc930760620,train
vid_src_0089,vid_src_0089_stego_frame_lsb_matching_0.40.mkv,data/generated/video/vid_src_0089_stego_frame_lsb_matching_0.40.mkv,video,1,frame_lsb_matching,0.4,f9db9b6cc015c07c5873d49a0fa54b0e2f7ad16ddb5fe0571c5e796966c2fe77,train
vid_src_0089,vid_src_0089_stego_frame_lsb_0.10.mkv,data/generated/video/vid_src_0089_stego_frame_lsb_0.10.mkv,video,1,frame_lsb,0.1,7ea2e02b1eb3617d4bf7ce5bf45c6cb7f786fc1a270407c29e5b4ecd662edbd6,train
vid_src_0090,vid_src_0090_clean_01.mkv,data/generated/video/vid_src_0090_clean_01.mkv,video,0,clean,0.0,65749d5cf5de1a60e2d836579c7ea18af72bebee0afd4b0c5ab6440dea9e5646,val
vid_src_0090,vid_src_0090_clean_02.mkv,data/generated/video/vid_src_0090_clean_02.mkv,video,0,clean,0.0,2a04ba0161fd53962f201736ec4319835e2b57a61fe4da271bfd61f447cb93c0,val
vid_src_0090,vid_src_0090_stego_frame_lsb_0.10.mkv,data/generated/video/vid_src_0090_stego_frame_lsb_0.10.mkv,video,1,frame_lsb,0.1,9aa618686dc4a308aae1a0cdc324b9e1878c53c16375ded1e465133c43498f4b,val
vid_src_0090,vid_src_0090_stego_frame_lsb_matching_0.20.mkv,data/generated/video/vid_src_0090_stego_frame_lsb_matching_0.20.mkv,video,1,frame_lsb_matching,0.2,37714c5946c544a99df3ca044a4095d2e6b43cc8cafd339fbdec0ddf9db454c5,val
vid_src_0091,vid_src_0091_clean_01.mkv,data/generated/video/vid_src_0091_clean_01.mkv,video,0,clean,0.0,a38180210915f01caf85cb6e4d331a1fdbb8b828a89086c1de138eb313f3c28f,train
vid_src_0091,vid_src_0091_clean_02.mkv,data/generated/video/vid_src_0091_clean_02.mkv,video,0,clean,0.0,14d0923eb3a28f247619ca8f2a1cca53bbd0f30ce95ececcbdee768791cbb266,train
vid_src_0091,vid_src_0091_stego_frame_lsb_matching_0.20.mkv,data/generated/video/vid_src_0091_stego_frame_lsb_matching_0.20.mkv,video,1,frame_lsb_matching,0.2,64e32b9438d9b5e937f8d78688c991196a212d6de1510d0c07f653e76f4450d3,train
vid_src_0091,vid_src_0091_stego_frame_lsb_0.40.mkv,data/generated/video/vid_src_0091_stego_frame_lsb_0.40.mkv,video,1,frame_lsb,0.4,912bb8c6eb2c66a8df1722edacbbc12f389f0dc34a243bcb9b7ea892a5c53616,train
vid_src_0092,vid_src_0092_clean_01.mkv,data/generated/video/vid_src_0092_clean_01.mkv,video,0,clean,0.0,c8c16f2bfcf53dd1bb541ac79dbe3aad89cfa3af1d0c3953d09660aea9c61402,test
vid_src_0092,vid_src_0092_clean_02.mkv,data/generated/video/vid_src_0092_clean_02.mkv,video,0,clean,0.0,ba5f55d30bce746825f2ecbb00221d52e1a22a05c360695d7871b2d88b60c1c0,test
vid_src_0092,vid_src_0092_stego_frame_lsb_0.40.mkv,data/generated/video/vid_src_0092_stego_frame_lsb_0.40.mkv,video,1,frame_lsb,0.4,0f026cbbeafb20e727069aa473abbef85a33e252c39ba3e1aea8220d9dd176f2,test
vid_src_0092,vid_src_0092_stego_frame_lsb_matching_0.10.mkv,data/generated/video/vid_src_0092_stego_frame_lsb_matching_0.10.mkv,video,1,frame_lsb_matching,0.1,1c7ba22deda92067fade6e3bd6f3b81450cb4e71ca3b921226b2307d776c8973,test
vid_src_0093,vid_src_0093_clean_01.mkv,data/generated/video/vid_src_0093_clean_01.mkv,video,0,clean,0.0,1b373643894665b0da13f3f7d6395af8ae516ed58172be78d5796628ee87c6a4,train
vid_src_0093,vid_src_0093_clean_02.mkv,data/generated/video/vid_src_0093_clean_02.mkv,video,0,clean,0.0,76462ec04604ddfe8ab5c0aaf19bdc4ba9ce11d15568fb8798168c28ea273b34,train
vid_src_0093,vid_src_0093_stego_frame_lsb_matching_0.10.mkv,data/generated/video/vid_src_0093_stego_frame_lsb_matching_0.10.mkv,video,1,frame_lsb_matching,0.1,c67f2666f067ebae397f1965c5666636f6f3107c047c9be644579e7690cfdc44,train
vid_src_0093,vid_src_0093_stego_frame_lsb_0.20.mkv,data/generated/video/vid_src_0093_stego_frame_lsb_0.20.mkv,video,1,frame_lsb,0.2,fed9673daaff3af515dc350f96c3ed0a88cab1fc9efc15b1a968e287a72231a7,train
vid_src_0094,vid_src_0094_clean_01.mkv,data/generated/video/vid_src_0094_clean_01.mkv,video,0,clean,0.0,8d5635e799c721c3ff23b8ac631fd840508b55e75c163d378bd564a9f96dd530,train
vid_src_0094,vid_src_0094_clean_02.mkv,data/generated/video/vid_src_0094_clean_02.mkv,video,0,clean,0.0,d14073d83605573c0634458784ea8e9cf8e7487a0b660d4785f012a67f18cc01,train
vid_src_0094,vid_src_0094_stego_frame_lsb_0.20.mkv,data/generated/video/vid_src_0094_stego_frame_lsb_0.20.mkv,video,1,frame_lsb,0.2,d30e3d89eaffd4fde051ff9ed0e9092d732d2d26bd05ded7a92a91494ec576df,train
vid_src_0094,vid_src_0094_stego_frame_lsb_matching_0.40.mkv,data/generated/video/vid_src_0094_stego_frame_lsb_matching_0.40.mkv,video,1,frame_lsb_matching,0.4,97f6bef6bf3ac2e454fa14cc9f7f48893089dbf5fb47c8e09a195c3cef545e16,train
vid_src_0095,vid_src_0095_clean_01.mkv,data/generated/video/vid_src_0095_clean_01.mkv,video,0,clean,0.0,c84cf661fbc10816a064ce70300bab0f1d7d3939e20e09cd95548813913e49e3,test
vid_src_0095,vid_src_0095_clean_02.mkv,data/generated/video/vid_src_0095_clean_02.mkv,video,0,clean,0.0,1f4e99d30b55b3190bfe936b6c2fa5202eb0f0ddf1145dd8aee236f886f5c264,test
vid_src_0095,vid_src_0095_stego_frame_lsb_matching_0.40.mkv,data/generated/video/vid_src_0095_stego_frame_lsb_matching_0.40.mkv,video,1,frame_lsb_matching,0.4,1eb07a7303b214d1d37a3eef1ddf7f50e17a8c4186c373c13ac4f41c6ce80b5a,test
vid_src_0095,vid_src_0095_stego_frame_lsb_0.10.mkv,data/generated/video/vid_src_0095_stego_frame_lsb_0.10.mkv,video,1,frame_lsb,0.1,215aa99547807b3f3b71ae3a83fd93063748c7369287badcf11f9a4c72c19803,test
vid_src_0096,vid_src_0096_clean_01.mkv,data/generated/video/vid_src_0096_clean_01.mkv,video,0,clean,0.0,b2e9869e94e7946b1d5ce986873ef86cf5abe05133bf991585df9594ad97219a,train
vid_src_0096,vid_src_0096_clean_02.mkv,data/generated/video/vid_src_0096_clean_02.mkv,video,0,clean,0.0,f941d05e2f535d5d5b536da10cdfad4c515f858b4bf3fc61def3d9ca365d5ed9,train
vid_src_0096,vid_src_0096_stego_frame_lsb_0.10.mkv,data/generated/video/vid_src_0096_stego_frame_lsb_0.10.mkv,video,1,frame_lsb,0.1,b41b588f92a3dd5a31aaf1cf7880848ff4878e6a46febf53cfe404fcd86ff045,train
vid_src_0096,vid_src_0096_stego_frame_lsb_matching_0.20.mkv,data/generated/video/vid_src_0096_stego_frame_lsb_matching_0.20.mkv,video,1,frame_lsb_matching,0.2,7a15a1716a03b68279cc6c1fc0a1b395492b6a998cda48d2c222434cc319cdc5,train
vid_src_0097,vid_src_0097_clean_01.mkv,data/generated/video/vid_src_0097_clean_01.mkv,video,0,clean,0.0,89d0020358073694a08535db3e0f9f4bf11a5c9e1206685dc301d2393b4b1bf5,val
vid_src_0097,vid_src_0097_clean_02.mkv,data/generated/video/vid_src_0097_clean_02.mkv,video,0,clean,0.0,4332e6e4b58e5b692cd0944f4c2be88ee19ddd4bf8a329952d0278a5799c8056,val
vid_src_0097,vid_src_0097_stego_frame_lsb_matching_0.20.mkv,data/generated/video/vid_src_0097_stego_frame_lsb_matching_0.20.mkv,video,1,frame_lsb_matching,0.2,9f8c19c8034adabf367de0d76296fc5d71e42404b291dc56688cde2e4fec1e68,val
vid_src_0097,vid_src_0097_stego_frame_lsb_0.40.mkv,data/generated/video/vid_src_0097_stego_frame_lsb_0.40.mkv,video,1,frame_lsb,0.4,0b8a646dad50ccfd01fc0f1300434084ad600208c4a884f1438b3d301a8f6e50,val
vid_src_0098,vid_src_0098_clean_01.mkv,data/generated/video/vid_src_0098_clean_01.mkv,video,0,clean,0.0,4499810f3824e697edc74285fb83f7545c1901dec21de984885aa6779960c299,train
vid_src_0098,vid_src_0098_clean_02.mkv,data/generated/video/vid_src_0098_clean_02.mkv,video,0,clean,0.0,64de405dd9552fcf0c5b8883e8b40bad1d6f0122563d972876fb931c1cb7ec0d,train
vid_src_0098,vid_src_0098_stego_frame_lsb_0.40.mkv,data/generated/video/vid_src_0098_stego_frame_lsb_0.40.mkv,video,1,frame_lsb,0.4,3530849790cca2a01133c15c04900f85284959b500d8eb860c093ff978ff792b,train
vid_src_0098,vid_src_0098_stego_frame_lsb_matching_0.10.mkv,data/generated/video/vid_src_0098_stego_frame_lsb_matching_0.10.mkv,video,1,frame_lsb_matching,0.1,de2cb7b0e193e6943196119e2c2c46b811425439c18e93d07853d3ba79eb076f,train
vid_src_0099,vid_src_0099_clean_01.mkv,data/generated/video/vid_src_0099_clean_01.mkv,video,0,clean,0.0,b557a872e9183f883010b583d9b42b5e92b79c02934b092bda1442bf5101a0be,train
vid_src_0099,vid_src_0099_clean_02.mkv,data/generated/video/vid_src_0099_clean_02.mkv,video,0,clean,0.0,fd3ae12fd3491d07072ad995543278e825c409e33ef37aae298473c7ba76860d,train
vid_src_0099,vid_src_0099_stego_frame_lsb_matching_0.10.mkv,data/generated/video/vid_src_0099_stego_frame_lsb_matching_0.10.mkv,video,1,frame_lsb_matching,0.1,93aea7c2de50a551509515abb4dbb157e976d9681a0079ab744dd3b57021376d,train
vid_src_0099,vid_src_0099_stego_frame_lsb_0.20.mkv,data/generated/video/vid_src_0099_stego_frame_lsb_0.20.mkv,video,1,frame_lsb,0.2,b273dcbbab68e340f7b58f91aea484830fb9d41a390b8bf87e4895a6a1f08e14,train
vid_src_0100,vid_src_0100_clean_01.mkv,data/generated/video/vid_src_0100_clean_01.mkv,video,0,clean,0.0,e0a3e57df7af8eea583a6c3e391fc3db800690db0ce532f6ac2b5666c18fc376,train
vid_src_0100,vid_src_0100_clean_02.mkv,data/generated/video/vid_src_0100_clean_02.mkv,video,0,clean,0.0,7cc8925f6f58a6e73e7da74ac013720cfc6319a4724c8b0f3a4e1468f685e012,train
vid_src_0100,vid_src_0100_stego_frame_lsb_0.20.mkv,data/generated/video/vid_src_0100_stego_frame_lsb_0.20.mkv,video,1,frame_lsb,0.2,0c20b8d3675a7e82e987cbbf195b3129e54fe39cd9f130a288c5ef3338ccbfb8,train
vid_src_0100,vid_src_0100_stego_frame_lsb_matching_0.40.mkv,data/generated/video/vid_src_0100_stego_frame_lsb_matching_0.40.mkv,video,1,frame_lsb_matching,0.4,33e79b488ef01d3a9ed90624c336656338b8bad141c5177b57e00c38c60ab81d,train
vid_src_0101,vid_src_0101_clean_01.mkv,data/generated/video/vid_src_0101_clean_01.mkv,video,0,clean,0.0,58349a81f466a2001feaea257533af0b347d625f1d78ce02abdc10da43054aab,val
vid_src_0101,vid_src_0101_clean_02.mkv,data/generated/video/vid_src_0101_clean_02.mkv,video,0,clean,0.0,a307a164330ddd8b5a5a620e753683893dff85b02b6b2d065addf8fdbd6e2644,val
vid_src_0101,vid_src_0101_stego_frame_lsb_matching_0.40.mkv,data/generated/video/vid_src_0101_stego_frame_lsb_matching_0.40.mkv,video,1,frame_lsb_matching,0.4,e79089f8ecbe54756161931b03d98a5efff7bf0e9796aceb78cc0a7ac75b9fc3,val
vid_src_0101,vid_src_0101_stego_frame_lsb_0.10.mkv,data/generated/video/vid_src_0101_stego_frame_lsb_0.10.mkv,video,1,frame_lsb,0.1,a4267e2745fe5aeb8784f6f12850e577a40c29501a6d774b93997a167326e3dc,val
vid_src_0102,vid_src_0102_clean_01.mkv,data/generated/video/vid_src_0102_clean_01.mkv,video,0,clean,0.0,e161c856cef45e3ae0278b5b323f3301a527910bd881d3cb17ad8a6befd49983,train
vid_src_0102,vid_src_0102_clean_02.mkv,data/generated/video/vid_src_0102_clean_02.mkv,video,0,clean,0.0,814a74db127477a87a61579c567128111c70efc2dfce979a3dfa59b241aa00c4,train
vid_src_0102,vid_src_0102_stego_frame_lsb_0.10.mkv,data/generated/video/vid_src_0102_stego_frame_lsb_0.10.mkv,video,1,frame_lsb,0.1,c0d04d97ca940dc3d9646c384da94a7b3590b45278ff36e3f51028d1397afa14,train
vid_src_0102,vid_src_0102_stego_frame_lsb_matching_0.20.mkv,data/generated/video/vid_src_0102_stego_frame_lsb_matching_0.20.mkv,video,1,frame_lsb_matching,0.2,ca2436dfdf3c8ae4233b8cd910e9d9c356af6f842503982b4b4f975b72d3eea6,train
vid_src_0103,vid_src_0103_clean_01.mkv,data/generated/video/vid_src_0103_clean_01.mkv,video,0,clean,0.0,e59f87702ae39133ef7a5d17c0c58006dc398fed5b32dc8295fcc14221217a74,val
vid_src_0103,vid_src_0103_clean_02.mkv,data/generated/video/vid_src_0103_clean_02.mkv,video,0,clean,0.0,ecd21bd75999e06a3ce253586548b013f5547a3ae7aa625964f562b61bced12d,val
vid_src_0103,vid_src_0103_stego_frame_lsb_matching_0.20.mkv,data/generated/video/vid_src_0103_stego_frame_lsb_matching_0.20.mkv,video,1,frame_lsb_matching,0.2,c086dddc8e0ca72c77a33bbc8306f4686cffc1f71742544a0cc23d6b02b710ae,val
vid_src_0103,vid_src_0103_stego_frame_lsb_0.40.mkv,data/generated/video/vid_src_0103_stego_frame_lsb_0.40.mkv,video,1,frame_lsb,0.4,f13812d5e2a80329bf1815193173ec908d78afd6df93a3e0a49145269bbcddd5,val
vid_src_0104,vid_src_0104_clean_01.mkv,data/generated/video/vid_src_0104_clean_01.mkv,video,0,clean,0.0,13390110143b626bb953a19941ed919256a0667466905fa724219db28da84e07,test
vid_src_0104,vid_src_0104_clean_02.mkv,data/generated/video/vid_src_0104_clean_02.mkv,video,0,clean,0.0,116fbb1db0318e22a987d8bebc71954cd571fda9087902e2f1407c8c8e159165,test
vid_src_0104,vid_src_0104_stego_frame_lsb_0.40.mkv,data/generated/video/vid_src_0104_stego_frame_lsb_0.40.mkv,video,1,frame_lsb,0.4,b4186644b97552859d49faf9b9c76be804c50b223d5312bba95170dab51e4a02,test
vid_src_0104,vid_src_0104_stego_frame_lsb_matching_0.10.mkv,data/generated/video/vid_src_0104_stego_frame_lsb_matching_0.10.mkv,video,1,frame_lsb_matching,0.1,f900afe2d55371c49d1f3d74723d92083a33c9970412df1e95090c355385647f,test
vid_src_0105,vid_src_0105_clean_01.mkv,data/generated/video/vid_src_0105_clean_01.mkv,video,0,clean,0.0,bb426a16d4f7b44f96bb0fe0b9bc0e69b65aad86950ba68a986985f5f1c47466,train
vid_src_0105,vid_src_0105_clean_02.mkv,data/generated/video/vid_src_0105_clean_02.mkv,video,0,clean,0.0,ab4ef88eca75673fddb71c0be64a09889b82c806f10c275fdbd10bb4a10231c5,train
vid_src_0105,vid_src_0105_stego_frame_lsb_matching_0.10.mkv,data/generated/video/vid_src_0105_stego_frame_lsb_matching_0.10.mkv,video,1,frame_lsb_matching,0.1,84f03677fb413f7f50ab4f43d779c60a52a3c37196509020af74e756699c6575,train
vid_src_0105,vid_src_0105_stego_frame_lsb_0.20.mkv,data/generated/video/vid_src_0105_stego_frame_lsb_0.20.mkv,video,1,frame_lsb,0.2,63fb36e10451271eb529fba508b0dc0966f4da1e8942fecfe0ce5fd011cf0a65,train
vid_src_0106,vid_src_0106_clean_01.mkv,data/generated/video/vid_src_0106_clean_01.mkv,video,0,clean,0.0,b2ee43ab58f551055df000b713ab4793e68119ff82f57c37ac5482e21ec4ed41,val
vid_src_0106,vid_src_0106_clean_02.mkv,data/generated/video/vid_src_0106_clean_02.mkv,video,0,clean,0.0,9d01cfdeb3ea4c61e576604b8ab30add00f0f41804edbfe7e1b80308363e52bd,val
vid_src_0106,vid_src_0106_stego_frame_lsb_0.20.mkv,data/generated/video/vid_src_0106_stego_frame_lsb_0.20.mkv,video,1,frame_lsb,0.2,244fd6782a026e915110780726672ba37117fa80239481f06c587c0f48d62bc2,val
vid_src_0106,vid_src_0106_stego_frame_lsb_matching_0.40.mkv,data/generated/video/vid_src_0106_stego_frame_lsb_matching_0.40.mkv,video,1,frame_lsb_matching,0.4,2ec6163fc4148020668f541a5875f1c79f36186c7304ab2f44dc9c247b96bf14,val
vid_src_0107,vid_src_0107_clean_01.mkv,data/generated/video/vid_src_0107_clean_01.mkv,video,0,clean,0.0,603dee57821245899dd26a74bf71ced59dec7f3eed1dc9d05d116eac631794a1,val
vid_src_0107,vid_src_0107_clean_02.mkv,data/generated/video/vid_src_0107_clean_02.mkv,video,0,clean,0.0,70cc7a67364a9bf69fecd25e70d92a519b8e761f13587de559f6f9d399e7e015,val
vid_src_0107,vid_src_0107_stego_frame_lsb_matching_0.40.mkv,data/generated/video/vid_src_0107_stego_frame_lsb_matching_0.40.mkv,video,1,frame_lsb_matching,0.4,a25c1b7204ed19ca517a5eb7a12247e30fe669b90707387cc21b217f8a75942f,val
vid_src_0107,vid_src_0107_stego_frame_lsb_0.10.mkv,data/generated/video/vid_src_0107_stego_frame_lsb_0.10.mkv,video,1,frame_lsb,0.1,3416680b8f7ec29a4f09cdaaff7a31db249bbad71bceebdcf06fff4f24b16c79,val
vid_src_0108,vid_src_0108_clean_01.mkv,data/generated/video/vid_src_0108_clean_01.mkv,video,0,clean,0.0,08cc644a4f411873d4415643409d02718004d3c1bb4c635c749ab6e5d89e6574,train
vid_src_0108,vid_src_0108_clean_02.mkv,data/generated/video/vid_src_0108_clean_02.mkv,video,0,clean,0.0,2c83412157feeebe07b1de386daf23487ffc7f2de55faca5639367bf55329bc5,train
vid_src_0108,vid_src_0108_stego_frame_lsb_0.10.mkv,data/generated/video/vid_src_0108_stego_frame_lsb_0.10.mkv,video,1,frame_lsb,0.1,07e9f02bc861ff220f550ce641ca99aafced0945350af7dc7425501484954c40,train
vid_src_0108,vid_src_0108_stego_frame_lsb_matching_0.20.mkv,data/generated/video/vid_src_0108_stego_frame_lsb_matching_0.20.mkv,video,1,frame_lsb_matching,0.2,9c38ae7674ec392a41b0f279d9bef9f495f589b5be92615a63fbf1b9f345ad14,train
vid_src_0109,vid_src_0109_clean_01.mkv,data/generated/video/vid_src_0109_clean_01.mkv,video,0,clean,0.0,2b6c4f0171b77e248c884243baa3e96927b8fbfd661bd01ad4d58ff25cf94d0d,train
vid_src_0109,vid_src_0109_clean_02.mkv,data/generated/video/vid_src_0109_clean_02.mkv,video,0,clean,0.0,a2edf0bce66b3bbc4765b037702412842d80b5670b2e0b2a9af26b17298f3c83,train
vid_src_0109,vid_src_0109_stego_frame_lsb_matching_0.20.mkv,data/generated/video/vid_src_0109_stego_frame_lsb_matching_0.20.mkv,video,1,frame_lsb_matching,0.2,340d36c18910e278c3695c1de220ea696ba79a69fb3b86157061c7cbe83acb27,train
vid_src_0109,vid_src_0109_stego_frame_lsb_0.40.mkv,data/generated/video/vid_src_0109_stego_frame_lsb_0.40.mkv,video,1,frame_lsb,0.4,9c28872915389eb445cb147a44818ed4b89e3da06dcc2dc0a50711491ef7935d,train
vid_src_0110,vid_src_0110_clean_01.mkv,data/generated/video/vid_src_0110_clean_01.mkv,video,0,clean,0.0,d6573562bc25b0a760d56f8f947887ca82d29f6773ea9346a5ad5dde01e4e18e,train
vid_src_0110,vid_src_0110_clean_02.mkv,data/generated/video/vid_src_0110_clean_02.mkv,video,0,clean,0.0,416e6e2b5cf8fcb3a1488c1be28a220666cdb31bc9a0cedfa716241a1178d32e,train
vid_src_0110,vid_src_0110_stego_frame_lsb_0.40.mkv,data/generated/video/vid_src_0110_stego_frame_lsb_0.40.mkv,video,1,frame_lsb,0.4,951ac61199e190baa84ec94fcbf1598d2ded578a15e7825df3317fe3a12eaa2b,train
vid_src_0110,vid_src_0110_stego_frame_lsb_matching_0.10.mkv,data/generated/video/vid_src_0110_stego_frame_lsb_matching_0.10.mkv,video,1,frame_lsb_matching,0.1,633783343e8c8732d3fb85746d7c111017ba6ae3b56fa152d94af509b0295712,train
vid_src_0111,vid_src_0111_clean_01.mkv,data/generated/video/vid_src_0111_clean_01.mkv,video,0,clean,0.0,c63110922655b4af4f6ba5ac4ecc26c78fff8dbc01545b3aa56c0fbc044d01c0,val
vid_src_0111,vid_src_0111_clean_02.mkv,data/generated/video/vid_src_0111_clean_02.mkv,video,0,clean,0.0,4dffd55387232ce25e914a04f7132e0175ca38711f71745342200754537bdc86,val
vid_src_0111,vid_src_0111_stego_frame_lsb_matching_0.10.mkv,data/generated/video/vid_src_0111_stego_frame_lsb_matching_0.10.mkv,video,1,frame_lsb_matching,0.1,3ed2247e7dd8028c2b3659b07c78faf8c8a767f78e8eb3a84d3de70692ff3e59,val
vid_src_0111,vid_src_0111_stego_frame_lsb_0.20.mkv,data/generated/video/vid_src_0111_stego_frame_lsb_0.20.mkv,video,1,frame_lsb,0.2,a50e9430f92aac7ec7ab21da59be92af5fe076caad025fe81f5ffcc90f3e9a8f,val
vid_src_0112,vid_src_0112_clean_01.mkv,data/generated/video/vid_src_0112_clean_01.mkv,video,0,clean,0.0,b847ebe1940960d0c95a41316b0e91da3031fc9c2d5bb79bcf76ce3fbe109817,train
vid_src_0112,vid_src_0112_clean_02.mkv,data/generated/video/vid_src_0112_clean_02.mkv,video,0,clean,0.0,31f1c0693f5d523d8b4d3ca6c4f79558c7acbf01c3e7ee43830b795f863da24e,train
vid_src_0112,vid_src_0112_stego_frame_lsb_0.20.mkv,data/generated/video/vid_src_0112_stego_frame_lsb_0.20.mkv,video,1,frame_lsb,0.2,e4f2af032f4c5f6ee497f3514f5ed2f8f674b8ac2fc1c0670d9264fbb6564f49,train
vid_src_0112,vid_src_0112_stego_frame_lsb_matching_0.40.mkv,data/generated/video/vid_src_0112_stego_frame_lsb_matching_0.40.mkv,video,1,frame_lsb_matching,0.4,6be537a992f82202726df916dacf7987eeb7be1852ede97ddccbd621b31c2ed5,train
vid_src_0113,vid_src_0113_clean_01.mkv,data/generated/video/vid_src_0113_clean_01.mkv,video,0,clean,0.0,19c9aa24fe6ddd9444e70b4b5e294ec2a1e6e177efcf373e6d0f02822ea4bf27,train
vid_src_0113,vid_src_0113_clean_02.mkv,data/generated/video/vid_src_0113_clean_02.mkv,video,0,clean,0.0,e09925391303552c127e3fdc19e6cf8f55a4c7f10fc2fff897645bcd52491225,train
vid_src_0113,vid_src_0113_stego_frame_lsb_matching_0.40.mkv,data/generated/video/vid_src_0113_stego_frame_lsb_matching_0.40.mkv,video,1,frame_lsb_matching,0.4,e708661002075183a3639c0397022b46f73628d2c4e9a9dd6ebe375be32a53e2,train
vid_src_0113,vid_src_0113_stego_frame_lsb_0.10.mkv,data/generated/video/vid_src_0113_stego_frame_lsb_0.10.mkv,video,1,frame_lsb,0.1,7b959def84b0ac264819a1eac8839cb5a5f8e4d4b9be3b985bbe5e3eada722a6,train
vid_src_0114,vid_src_0114_clean_01.mkv,data/generated/video/vid_src_0114_clean_01.mkv,video,0,clean,0.0,302d3b07802fa2bcbab55020572d18e85f05fc9d31b19659ce1baf1fc276cf0f,train
vid_src_0114,vid_src_0114_clean_02.mkv,data/generated/video/vid_src_0114_clean_02.mkv,video,0,clean,0.0,13f91a96564815ff5e862480be68285afaf383b8cf5ca8386f0d44ca40b3040f,train
vid_src_0114,vid_src_0114_stego_frame_lsb_0.10.mkv,data/generated/video/vid_src_0114_stego_frame_lsb_0.10.mkv,video,1,frame_lsb,0.1,969484f53f11e5c8306e0d72dfa4e7c9f62db4f0c885e2c93d482d42345cb32a,train
vid_src_0114,vid_src_0114_stego_frame_lsb_matching_0.20.mkv,data/generated/video/vid_src_0114_stego_frame_lsb_matching_0.20.mkv,video,1,frame_lsb_matching,0.2,246dd87db2eafb02af39611a3533c04466adadeb90d9e954538d0734be1e5bd0,train
vid_src_0115,vid_src_0115_clean_01.mkv,data/generated/video/vid_src_0115_clean_01.mkv,video,0,clean,0.0,49a91e29a1de5205b367682991041ee8f5685ea60040f148a786e1c87ac283ed,train
vid_src_0115,vid_src_0115_clean_02.mkv,data/generated/video/vid_src_0115_clean_02.mkv,video,0,clean,0.0,eabf97ed962dc274ba4d4df9ca504a3aba620eb4c13ea64fe9ce6fea60ed7e51,train
vid_src_0115,vid_src_0115_stego_frame_lsb_matching_0.20.mkv,data/generated/video/vid_src_0115_stego_frame_lsb_matching_0.20.mkv,video,1,frame_lsb_matching,0.2,0b925748a820fc812c7f317ad7b2b44e953243a23295bb6b6fc43d49ceaf7b16,train
vid_src_0115,vid_src_0115_stego_frame_lsb_0.40.mkv,data/generated/video/vid_src_0115_stego_frame_lsb_0.40.mkv,video,1,frame_lsb,0.4,d028acbf3fbd4bc465c305fcc065a4f526c49000126d0fe25fa0c7d3807104ca,train
vid_src_0116,vid_src_0116_clean_01.mkv,data/generated/video/vid_src_0116_clean_01.mkv,video,0,clean,0.0,776a6babd67bfc8d16dff3827a4ed7e28818b65f65484750c2c66bac5c2ee847,test
vid_src_0116,vid_src_0116_clean_02.mkv,data/generated/video/vid_src_0116_clean_02.mkv,video,0,clean,0.0,d8cae10ecd986828a8438954647607762ecf762760421ac05c2a7deb49fe14b6,test
vid_src_0116,vid_src_0116_stego_frame_lsb_0.40.mkv,data/generated/video/vid_src_0116_stego_frame_lsb_0.40.mkv,video,1,frame_lsb,0.4,35ae98e18bc10d9bf5186c46327e18805a6a77a96ae5cd4814a1cc40f12323d1,test
vid_src_0116,vid_src_0116_stego_frame_lsb_matching_0.10.mkv,data/generated/video/vid_src_0116_stego_frame_lsb_matching_0.10.mkv,video,1,frame_lsb_matching,0.1,c3121b559655bc7822d8e56b068da670c91f1aafd58befc915c3b70a3da2f171,test
vid_src_0117,vid_src_0117_clean_01.mkv,data/generated/video/vid_src_0117_clean_01.mkv,video,0,clean,0.0,a178410c6b01860dc7916272368b1ee84edca78208c7bc3a153cfe775408a51e,train
vid_src_0117,vid_src_0117_clean_02.mkv,data/generated/video/vid_src_0117_clean_02.mkv,video,0,clean,0.0,020990b4a919f15a958a5fb877f4ffdc96b3473b3986b22697a2fc5e549b6d69,train
vid_src_0117,vid_src_0117_stego_frame_lsb_matching_0.10.mkv,data/generated/video/vid_src_0117_stego_frame_lsb_matching_0.10.mkv,video,1,frame_lsb_matching,0.1,b31bef24d0ddf959a8df84e0156c3dd8f7637b21fe2215d9ffeef575bbaaa7cf,train
vid_src_0117,vid_src_0117_stego_frame_lsb_0.20.mkv,data/generated/video/vid_src_0117_stego_frame_lsb_0.20.mkv,video,1,frame_lsb,0.2,e3c2a98bb940356f6625a899a545c5ba940edebda80261e6f27bf5795008b601,train
vid_src_0118,vid_src_0118_clean_01.mkv,data/generated/video/vid_src_0118_clean_01.mkv,video,0,clean,0.0,33f321ab84248cc5cc493408c4c98f2195dee53017ffd2615a258af64f3c5209,train
vid_src_0118,vid_src_0118_clean_02.mkv,data/generated/video/vid_src_0118_clean_02.mkv,video,0,clean,0.0,e12eed74fb9469c888ec0850349d8f57f328d081ccdfa13a54eafb1d66b08c13,train
vid_src_0118,vid_src_0118_stego_frame_lsb_0.20.mkv,data/generated/video/vid_src_0118_stego_frame_lsb_0.20.mkv,video,1,frame_lsb,0.2,833ed822f7e22ebe4f4e55c26d402c9f110980d42b3d20ba314d409cb9a69baf,train
vid_src_0118,vid_src_0118_stego_frame_lsb_matching_0.40.mkv,data/generated/video/vid_src_0118_stego_frame_lsb_matching_0.40.mkv,video,1,frame_lsb_matching,0.4,30d7e62e688c6a0801485e63ab9fdde9eedc91c96e48b6e09984c0e46bf07a92,train
vid_src_0119,vid_src_0119_clean_01.mkv,data/generated/video/vid_src_0119_clean_01.mkv,video,0,clean,0.0,ff90318373a0a865d66a7eaef8a3d55fe3d05c4eeb053621e50081d31df3f6d3,val
vid_src_0119,vid_src_0119_clean_02.mkv,data/generated/video/vid_src_0119_clean_02.mkv,video,0,clean,0.0,8cb67cb8f4f9d97456f90ee200b9f8468ea3b1184088d8244ab12191b7f4cefc,val
vid_src_0119,vid_src_0119_stego_frame_lsb_matching_0.40.mkv,data/generated/video/vid_src_0119_stego_frame_lsb_matching_0.40.mkv,video,1,frame_lsb_matching,0.4,8465ab2429f0a62ef3b4e8f4b4156fc6a8294a816c00994fa04675bbabbc6c58,val
vid_src_0119,vid_src_0119_stego_frame_lsb_0.10.mkv,data/generated/video/vid_src_0119_stego_frame_lsb_0.10.mkv,video,1,frame_lsb,0.1,75b2753998066f92cff38e2abec47053029c99ace38d94a0007366eb2cd9e6e3,val
vid_src_0120,vid_src_0120_clean_01.mkv,data/generated/video/vid_src_0120_clean_01.mkv,video,0,clean,0.0,bb8123d67debdd659134a79bb9cd3858b0cfaaf8b3dcdcca229b01664c84fec4,train
vid_src_0120,vid_src_0120_clean_02.mkv,data/generated/video/vid_src_0120_clean_02.mkv,video,0,clean,0.0,6583e531d14c3ee2ca20912e8c7c19a7e1ee34773248576fcfd88a7bd1697986,train
vid_src_0120,vid_src_0120_stego_frame_lsb_0.10.mkv,data/generated/video/vid_src_0120_stego_frame_lsb_0.10.mkv,video,1,frame_lsb,0.1,f8d97f35e07dcd5b343cb3b5ad52f717a2b6edcef6e98ca38ee24d4fbb43b7bc,train
vid_src_0120,vid_src_0120_stego_frame_lsb_matching_0.20.mkv,data/generated/video/vid_src_0120_stego_frame_lsb_matching_0.20.mkv,video,1,frame_lsb_matching,0.2,e0e765f11d4bda827d2c1b51d225745aa036f9bc40f592be9632a3512825ee3c,train
vid_src_0121,vid_src_0121_clean_01.mkv,data/generated/video/vid_src_0121_clean_01.mkv,video,0,clean,0.0,efaae98975f8014d465e44f60e407e05fa5d1d05c7a51321c65f13490ed51c0b,val
vid_src_0121,vid_src_0121_clean_02.mkv,data/generated/video/vid_src_0121_clean_02.mkv,video,0,clean,0.0,0284aca4afa08ca9022e02ee8e04e0975e5c16ded5bcf348bbc43efe054dcacd,val
vid_src_0121,vid_src_0121_stego_frame_lsb_matching_0.20.mkv,data/generated/video/vid_src_0121_stego_frame_lsb_matching_0.20.mkv,video,1,frame_lsb_matching,0.2,8f908ed37c0579198a88df939b5c9a8b1be78fa9eaf74363cfd0a6803720c0af,val
vid_src_0121,vid_src_0121_stego_frame_lsb_0.40.mkv,data/generated/video/vid_src_0121_stego_frame_lsb_0.40.mkv,video,1,frame_lsb,0.4,a739d2ee909bf77c21a96a4922ce87b63523efb54bb3c212d370721cc37a4d56,val
vid_src_0122,vid_src_0122_clean_01.mkv,data/generated/video/vid_src_0122_clean_01.mkv,video,0,clean,0.0,83cdf324c3901d29e6740fdc97bf4e09a296887696316009a805101da277d306,test
vid_src_0122,vid_src_0122_clean_02.mkv,data/generated/video/vid_src_0122_clean_02.mkv,video,0,clean,0.0,34d2f31e87d6a941dccaa44f64d97058ccc3fc779354353a172c8d219a4080cd,test
vid_src_0122,vid_src_0122_stego_frame_lsb_0.40.mkv,data/generated/video/vid_src_0122_stego_frame_lsb_0.40.mkv,video,1,frame_lsb,0.4,c026152be4548743bad0898a8be3b8baa5141cff39a0e4413bea1dc6fc94e9f5,test
vid_src_0122,vid_src_0122_stego_frame_lsb_matching_0.10.mkv,data/generated/video/vid_src_0122_stego_frame_lsb_matching_0.10.mkv,video,1,frame_lsb_matching,0.1,e6da4a262c970676c82d78df7027b5864c27ce18c054893036b7a9fa7633b0e0,test
vid_src_0123,vid_src_0123_clean_01.mkv,data/generated/video/vid_src_0123_clean_01.mkv,video,0,clean,0.0,6137de15aea9f8bec6479788f8d39893123133843b0c32704354e0c1834dd474,test
vid_src_0123,vid_src_0123_clean_02.mkv,data/generated/video/vid_src_0123_clean_02.mkv,video,0,clean,0.0,020e0e6d52010d420406a18d958ef9bb0edcfeacda712c140b1084cee2405aa1,test
vid_src_0123,vid_src_0123_stego_frame_lsb_matching_0.10.mkv,data/generated/video/vid_src_0123_stego_frame_lsb_matching_0.10.mkv,video,1,frame_lsb_matching,0.1,f07e5e9aa6035e53b8f88968bb03fdd8e9f8e1fdf9a620a3ff3d3cc95ab3f590,test
vid_src_0123,vid_src_0123_stego_frame_lsb_0.20.mkv,data/generated/video/vid_src_0123_stego_frame_lsb_0.20.mkv,video,1,frame_lsb,0.2,e8190883aae6ddd3e11161dfd768949b390e2646aed6007ba8da444a4b980430,test
vid_src_0124,vid_src_0124_clean_01.mkv,data/generated/video/vid_src_0124_clean_01.mkv,video,0,clean,0.0,a0aaaf4afa184b7df98cace19cf810b06facce19a914c35f09438a4095ad94c8,train
vid_src_0124,vid_src_0124_clean_02.mkv,data/generated/video/vid_src_0124_clean_02.mkv,video,0,clean,0.0,e3f299a3f2a46b18f0659b835a56c23d8932a05ea3c847446509f333816afb0b,train
vid_src_0124,vid_src_0124_stego_frame_lsb_0.20.mkv,data/generated/video/vid_src_0124_stego_frame_lsb_0.20.mkv,video,1,frame_lsb,0.2,515dd26c8f8ddc3d4f20f55206633b914d55f28d18684dcbff007c6ac1ab252d,train
vid_src_0124,vid_src_0124_stego_frame_lsb_matching_0.40.mkv,data/generated/video/vid_src_0124_stego_frame_lsb_matching_0.40.mkv,video,1,frame_lsb_matching,0.4,729b51b5e3aac0d9e6deeb0d5112176d8ae562e0a751dc6b7e173e5dab1d941d,train
vid_src_0125,vid_src_0125_clean_01.mkv,data/generated/video/vid_src_0125_clean_01.mkv,video,0,clean,0.0,5a84903f76758442a96dc0e84cf32b60a7d90b9531f5d8fa59f7f1fc84419f02,val
vid_src_0125,vid_src_0125_clean_02.mkv,data/generated/video/vid_src_0125_clean_02.mkv,video,0,clean,0.0,5cc5fa2399507127c8709b8f435698e55f08806eb34faa4e77c04bc9c0b894e6,val
vid_src_0125,vid_src_0125_stego_frame_lsb_matching_0.40.mkv,data/generated/video/vid_src_0125_stego_frame_lsb_matching_0.40.mkv,video,1,frame_lsb_matching,0.4,fd23faf92c36181d4e1ffb8a628d3c3d153c06c5b6d3838ca00225c21552f784,val
vid_src_0125,vid_src_0125_stego_frame_lsb_0.10.mkv,data/generated/video/vid_src_0125_stego_frame_lsb_0.10.mkv,video,1,frame_lsb,0.1,f7e53d0fbac9a877a2fde2a1c471adbed9b95e3182718ac9e944611f9e984443,val
vid_src_0126,vid_src_0126_clean_01.mkv,data/generated/video/vid_src_0126_clean_01.mkv,video,0,clean,0.0,78fd761380fe0d402f9b612e78a9d362ac8fb3208d747229b60f0dcc1d50959e,test
vid_src_0126,vid_src_0126_clean_02.mkv,data/generated/video/vid_src_0126_clean_02.mkv,video,0,clean,0.0,46693a111b5c7a32e0034f19e09b18852d84002bf265be604598e355bd5e66d5,test
vid_src_0126,vid_src_0126_stego_frame_lsb_0.10.mkv,data/generated/video/vid_src_0126_stego_frame_lsb_0.10.mkv,video,1,frame_lsb,0.1,78b97e2d77a782e117ae640faf9bbc4d3f91c45f3a66b8eca67b1b855c082f29,test
vid_src_0126,vid_src_0126_stego_frame_lsb_matching_0.20.mkv,data/generated/video/vid_src_0126_stego_frame_lsb_matching_0.20.mkv,video,1,frame_lsb_matching,0.2,ca525e2e7c05c731ff02994fbc3809e99bb78b5205e7d4cfb12803ffd0167fc2,test
vid_src_0127,vid_src_0127_clean_01.mkv,data/generated/video/vid_src_0127_clean_01.mkv,video,0,clean,0.0,63c2ea6222750044aeca10e7e859f0fd14a5be6894a4e9cf76b0b18e7e28fc72,train
vid_src_0127,vid_src_0127_clean_02.mkv,data/generated/video/vid_src_0127_clean_02.mkv,video,0,clean,0.0,97c245ce386892dc111aa542cabd10fecec0feba0ad72b568834d82907bc40e9,train
vid_src_0127,vid_src_0127_stego_frame_lsb_matching_0.20.mkv,data/generated/video/vid_src_0127_stego_frame_lsb_matching_0.20.mkv,video,1,frame_lsb_matching,0.2,df067134ddd4252662f1c05382a758fd70ee4552ff95961b36e6e24d4e0491b3,train
vid_src_0127,vid_src_0127_stego_frame_lsb_0.40.mkv,data/generated/video/vid_src_0127_stego_frame_lsb_0.40.mkv,video,1,frame_lsb,0.4,ebba7a0f2140584d88fd19c5d2e996a81b05b96c0bce97252a9b4b3a682031ae,train
vid_src_0128,vid_src_0128_clean_01.mkv,data/generated/video/vid_src_0128_clean_01.mkv,video,0,clean,0.0,97c0d823cca847b47fddee24b5b4f24defd060494f2d6629e90a9707710577a0,train
vid_src_0128,vid_src_0128_clean_02.mkv,data/generated/video/vid_src_0128_clean_02.mkv,video,0,clean,0.0,33db8bc48261136813f9963ab0a063a5bafb061c5d653fc07fbfe65f54cc88e3,train
vid_src_0128,vid_src_0128_stego_frame_lsb_0.40.mkv,data/generated/video/vid_src_0128_stego_frame_lsb_0.40.mkv,video,1,frame_lsb,0.4,2ffda1ec49b0f4e2a73ac2af9cd8d51cff8a523e259852ae02f2aac520bdf3f7,train
vid_src_0128,vid_src_0128_stego_frame_lsb_matching_0.10.mkv,data/generated/video/vid_src_0128_stego_frame_lsb_matching_0.10.mkv,video,1,frame_lsb_matching,0.1,15926610c1ecef338d416c4c04e91b662278e0656bfcc46d8ca26dea2dd65334,train
vid_src_0129,vid_src_0129_clean_01.mkv,data/generated/video/vid_src_0129_clean_01.mkv,video,0,clean,0.0,e4a547247b65fbb346967533a45a457450f359026ed35a7eb91ad515c1819780,train
vid_src_0129,vid_src_0129_clean_02.mkv,data/generated/video/vid_src_0129_clean_02.mkv,video,0,clean,0.0,e8bcefd93547dc7ca9d3c6a1ef38662cbadc82c97c6dc4e21781ba17486bbff9,train
vid_src_0129,vid_src_0129_stego_frame_lsb_matching_0.10.mkv,data/generated/video/vid_src_0129_stego_frame_lsb_matching_0.10.mkv,video,1,frame_lsb_matching,0.1,e24381313066bfe83932417447b780204213fd23136877a76c536837c1d8014a,train
vid_src_0129,vid_src_0129_stego_frame_lsb_0.20.mkv,data/generated/video/vid_src_0129_stego_frame_lsb_0.20.mkv,video,1,frame_lsb,0.2,869ba00bd330ab67aeafd41ed3cfd31cf1daf093a106f15a41f177c74c3519e0,train
vid_src_0130,vid_src_0130_clean_01.mkv,data/generated/video/vid_src_0130_clean_01.mkv,video,0,clean,0.0,09ca02f8c206d3cf52c864f8bd24c842e35bba2f30598b5aa70ec138661d1505,test
vid_src_0130,vid_src_0130_clean_02.mkv,data/generated/video/vid_src_0130_clean_02.mkv,video,0,clean,0.0,287c93c0cf86e4b0c1215cca0a5fff90380b49511c8d3a6da17b9bc933f9f43f,test
vid_src_0130,vid_src_0130_stego_frame_lsb_0.20.mkv,data/generated/video/vid_src_0130_stego_frame_lsb_0.20.mkv,video,1,frame_lsb,0.2,b1c3e2105f34d53285db44066b1ce5291d4890ee8820be2cd2a619d449d8e027,test
vid_src_0130,vid_src_0130_stego_frame_lsb_matching_0.40.mkv,data/generated/video/vid_src_0130_stego_frame_lsb_matching_0.40.mkv,video,1,frame_lsb_matching,0.4,1bcefccfc042b9bd2485f4df7253f2e328f1264548cf635ad0807445203f7688,test
vid_src_0131,vid_src_0131_clean_01.mkv,data/generated/video/vid_src_0131_clean_01.mkv,video,0,clean,0.0,56c62c0938c0bcaaf9a037dfa10a17e28461e644ef854de15292c19e7085cc05,train
vid_src_0131,vid_src_0131_clean_02.mkv,data/generated/video/vid_src_0131_clean_02.mkv,video,0,clean,0.0,638c83dbd9a5ab83565cd83677b86365bea0dc0ca382e6782bc09f80eee02bfb,train
vid_src_0131,vid_src_0131_stego_frame_lsb_matching_0.40.mkv,data/generated/video/vid_src_0131_stego_frame_lsb_matching_0.40.mkv,video,1,frame_lsb_matching,0.4,b12fb81f989851a8c98b588b735926daac5cef7bf8fe2f6f83a21f87b5533a49,train
vid_src_0131,vid_src_0131_stego_frame_lsb_0.10.mkv,data/generated/video/vid_src_0131_stego_frame_lsb_0.10.mkv,video,1,frame_lsb,0.1,7713af674dba5962ac221e4e6c5c9c8e30f623550b8afe80ec625624148b5d3b,train
vid_src_0132,vid_src_0132_clean_01.mkv,data/generated/video/vid_src_0132_clean_01.mkv,video,0,clean,0.0,752c968ecc090d25552cdc5c2aa7da51dcb2369e5ddc6925258fc22e7935e477,train
vid_src_0132,vid_src_0132_clean_02.mkv,data/generated/video/vid_src_0132_clean_02.mkv,video,0,clean,0.0,e0b1931e308a644c1e7498a7082617f406066268ed86c4c6ff2e9b1eea607e06,train
vid_src_0132,vid_src_0132_stego_frame_lsb_0.10.mkv,data/generated/video/vid_src_0132_stego_frame_lsb_0.10.mkv,video,1,frame_lsb,0.1,1993b5e03798062efaf5559b463fef3a6125eaf9fee4a8484b370dd472e531b3,train
vid_src_0132,vid_src_0132_stego_frame_lsb_matching_0.20.mkv,data/generated/video/vid_src_0132_stego_frame_lsb_matching_0.20.mkv,video,1,frame_lsb_matching,0.2,c6f9b5cc1b08b97f3ccbdc4c2b1253cdc66fa8b4b42c34a346e0d7ce745ed54a,train
vid_src_0133,vid_src_0133_clean_01.mkv,data/generated/video/vid_src_0133_clean_01.mkv,video,0,clean,0.0,47140e6a7c26f9b777f505182116eb03b0d4a12784f9964981d9f8710d814894,train
vid_src_0133,vid_src_0133_clean_02.mkv,data/generated/video/vid_src_0133_clean_02.mkv,video,0,clean,0.0,2d3c5a2d2db12693e5abae19ebb3d3f67e35672a8f1c887bfc1c8bb693699d21,train
vid_src_0133,vid_src_0133_stego_frame_lsb_matching_0.20.mkv,data/generated/video/vid_src_0133_stego_frame_lsb_matching_0.20.mkv,video,1,frame_lsb_matching,0.2,b99818492a46c23e49bd636c67294073cec46f7e03c4b5e08e57b85d1082d824,train
vid_src_0133,vid_src_0133_stego_frame_lsb_0.40.mkv,data/generated/video/vid_src_0133_stego_frame_lsb_0.40.mkv,video,1,frame_lsb,0.4,3b57dd0d51a28edf850051e2d36b766b1b238e074c3aad5c6f249c3ab439354c,train
vid_src_0134,vid_src_0134_clean_01.mkv,data/generated/video/vid_src_0134_clean_01.mkv,video,0,clean,0.0,6ae6df4e05646ec6ccbe564e9e527f215202fd0e3fb9bbd79b141dac2ee658e9,train
vid_src_0134,vid_src_0134_clean_02.mkv,data/generated/video/vid_src_0134_clean_02.mkv,video,0,clean,0.0,c42ff7ddd33480770aeab1a37049dc6d919538ab3e1431b25fe31cee7429c3c6,train
vid_src_0134,vid_src_0134_stego_frame_lsb_0.40.mkv,data/generated/video/vid_src_0134_stego_frame_lsb_0.40.mkv,video,1,frame_lsb,0.4,45e0485e19818f786d43e4a778fc730c5630e7fa612543b1ed552c36a9330e4a,train
vid_src_0134,vid_src_0134_stego_frame_lsb_matching_0.10.mkv,data/generated/video/vid_src_0134_stego_frame_lsb_matching_0.10.mkv,video,1,frame_lsb_matching,0.1,7ed359a058592ad1738adbc237dd843fef3b6e46933f775f2d471441b1671c1e,train
vid_src_0135,vid_src_0135_clean_01.mkv,data/generated/video/vid_src_0135_clean_01.mkv,video,0,clean,0.0,fb2bc7bb6f480bb81a8f7e3b82044dccddb6b48d14d2b5284b3065710fa32d87,train
vid_src_0135,vid_src_0135_clean_02.mkv,data/generated/video/vid_src_0135_clean_02.mkv,video,0,clean,0.0,ba61b797124750abb68278889d5f697cb2bbd63ef5b925794fa641b329b8a6c9,train
vid_src_0135,vid_src_0135_stego_frame_lsb_matching_0.10.mkv,data/generated/video/vid_src_0135_stego_frame_lsb_matching_0.10.mkv,video,1,frame_lsb_matching,0.1,64ee011104af09b6fdfd0b50ed0a38d5e78e986e2b4f478ff9eeb68abe351a6c,train
vid_src_0135,vid_src_0135_stego_frame_lsb_0.20.mkv,data/generated/video/vid_src_0135_stego_frame_lsb_0.20.mkv,video,1,frame_lsb,0.2,5f04c65ff9efa73ee5cf65c702f2c3fdc724103686bf2729c0de7a5c56915160,train
vid_src_0136,vid_src_0136_clean_01.mkv,data/generated/video/vid_src_0136_clean_01.mkv,video,0,clean,0.0,5e8a2c62e5da11a2f151ffb4f2278b5b4c39843ed180123a99d7bf4944ed9e85,train
vid_src_0136,vid_src_0136_clean_02.mkv,data/generated/video/vid_src_0136_clean_02.mkv,video,0,clean,0.0,7980d8aed19639ed58847db24f370209dc1d37e8dd278b806843aa15b79bfd51,train
vid_src_0136,vid_src_0136_stego_frame_lsb_0.20.mkv,data/generated/video/vid_src_0136_stego_frame_lsb_0.20.mkv,video,1,frame_lsb,0.2,341c4b4de622a585b5ea4d2584603d6b4010cc0ca9e4685556023b3f01bc6073,train
vid_src_0136,vid_src_0136_stego_frame_lsb_matching_0.40.mkv,data/generated/video/vid_src_0136_stego_frame_lsb_matching_0.40.mkv,video,1,frame_lsb_matching,0.4,e2d3e552e90f054e4ff10f71bb917101f1b85c372ecec4d0a3fed64f981138a8,train
vid_src_0137,vid_src_0137_clean_01.mkv,data/generated/video/vid_src_0137_clean_01.mkv,video,0,clean,0.0,84720c9c6d07b6b939366ce17a93250a05d96ce7b9f886136bb59071a1fc0d26,train
vid_src_0137,vid_src_0137_clean_02.mkv,data/generated/video/vid_src_0137_clean_02.mkv,video,0,clean,0.0,4524f069fc96c1d0bff1a2f66c9a932004891c2ea57e91b9aa473222703bcbac,train
vid_src_0137,vid_src_0137_stego_frame_lsb_matching_0.40.mkv,data/generated/video/vid_src_0137_stego_frame_lsb_matching_0.40.mkv,video,1,frame_lsb_matching,0.4,fb8b7548f1b4becf9f764833199dcf33de24674aa69213ae4bd0ac9ece122baf,train
vid_src_0137,vid_src_0137_stego_frame_lsb_0.10.mkv,data/generated/video/vid_src_0137_stego_frame_lsb_0.10.mkv,video,1,frame_lsb,0.1,394d79a5b4bf1d6b786800954e8797021e63dda40917b0332dbe02e9c7a70816,train
vid_src_0138,vid_src_0138_clean_01.mkv,data/generated/video/vid_src_0138_clean_01.mkv,video,0,clean,0.0,c0815067635051c5a704a90fc44c8cd98ff47478b2b062595802845d38b68a6a,train
vid_src_0138,vid_src_0138_clean_02.mkv,data/generated/video/vid_src_0138_clean_02.mkv,video,0,clean,0.0,8e550a247f3f414d70da2754758e5841719383e364375ebbd11fa0387ec66ad8,train
vid_src_0138,vid_src_0138_stego_frame_lsb_0.10.mkv,data/generated/video/vid_src_0138_stego_frame_lsb_0.10.mkv,video,1,frame_lsb,0.1,c3aec6405a5a4ae13b865077109b5891af2712f5c85ee773a8673c6d5eb45347,train
vid_src_0138,vid_src_0138_stego_frame_lsb_matching_0.20.mkv,data/generated/video/vid_src_0138_stego_frame_lsb_matching_0.20.mkv,video,1,frame_lsb_matching,0.2,b6a62a945bdaff3dc18639c72d4de40334bd629b215f62c2303495cb268f938c,train
vid_src_0139,vid_src_0139_clean_01.mkv,data/generated/video/vid_src_0139_clean_01.mkv,video,0,clean,0.0,69b8e974ba22b25fb3e16043edb06de7f29198dea9c9894b79d6a3765aff7662,train
vid_src_0139,vid_src_0139_clean_02.mkv,data/generated/video/vid_src_0139_clean_02.mkv,video,0,clean,0.0,43c1fcfc00eb3fc13692a08befab14b798416d1206a8e8d49928f28851b85ff7,train
vid_src_0139,vid_src_0139_stego_frame_lsb_matching_0.20.mkv,data/generated/video/vid_src_0139_stego_frame_lsb_matching_0.20.mkv,video,1,frame_lsb_matching,0.2,b9f7e63c42fff2a2c9e1c4a0c8cd29aba31d5ede61bb3334764810b16d1d5aa3,train
vid_src_0139,vid_src_0139_stego_frame_lsb_0.40.mkv,data/generated/video/vid_src_0139_stego_frame_lsb_0.40.mkv,video,1,frame_lsb,0.4,ea41aa2f4257cb43245a6efa6d1e1fb9ad367aa8d476310aebc33c1d7e5def61,train
vid_src_0140,vid_src_0140_clean_01.mkv,data/generated/video/vid_src_0140_clean_01.mkv,video,0,clean,0.0,4e2b36dcdab3b53271a9568536202653cc34c0919002f9268edd08bb1b42e3f3,train
vid_src_0140,vid_src_0140_clean_02.mkv,data/generated/video/vid_src_0140_clean_02.mkv,video,0,clean,0.0,f599b021cd87287bfc3bbbd020a31fdb0d2d19bd7dec36e3d6e880fdc331a80c,train
vid_src_0140,vid_src_0140_stego_frame_lsb_0.40.mkv,data/generated/video/vid_src_0140_stego_frame_lsb_0.40.mkv,video,1,frame_lsb,0.4,153eff8ce1edc81e1d7bec5af6c99195cb892cd09914d5216ae2711f3b1c68f8,train
vid_src_0140,vid_src_0140_stego_frame_lsb_matching_0.10.mkv,data/generated/video/vid_src_0140_stego_frame_lsb_matching_0.10.mkv,video,1,frame_lsb_matching,0.1,ad97ef03eb4bf13c2a0c25da5b499a97d79397bd484b9e6695c69398e94ee72f,train
vid_src_0141,vid_src_0141_clean_01.mkv,data/generated/video/vid_src_0141_clean_01.mkv,video,0,clean,0.0,0afdf64582f4cf206630dcc998043c4cfa800a1bc426a7fb56f218fd16045aa1,train
vid_src_0141,vid_src_0141_clean_02.mkv,data/generated/video/vid_src_0141_clean_02.mkv,video,0,clean,0.0,86b3097d4813d2527f646bcb1d13b98a65e69bd245b66e200bdbc11c4614b252,train
vid_src_0141,vid_src_0141_stego_frame_lsb_matching_0.10.mkv,data/generated/video/vid_src_0141_stego_frame_lsb_matching_0.10.mkv,video,1,frame_lsb_matching,0.1,a0390169a00f61d1d430a263ae3b118cd21dd36c7ea9df6c3f22210421ef082b,train
vid_src_0141,vid_src_0141_stego_frame_lsb_0.20.mkv,data/generated/video/vid_src_0141_stego_frame_lsb_0.20.mkv,video,1,frame_lsb,0.2,c6de8e9de8b4fb73f0973ca60911b08857ef6518af73889f88dbec230aedfb42,train
vid_src_0142,vid_src_0142_clean_01.mkv,data/generated/video/vid_src_0142_clean_01.mkv,video,0,clean,0.0,46ad5cc6e4bbf2333eba4e828972c5da7987c4c8d06e8fb6598a9a33d9ccd8f8,val
vid_src_0142,vid_src_0142_clean_02.mkv,data/generated/video/vid_src_0142_clean_02.mkv,video,0,clean,0.0,7fc5ca850ef7306275c7d82561d700eac5e1a46f7fd274eb13bc0c200f86a90a,val
vid_src_0142,vid_src_0142_stego_frame_lsb_0.20.mkv,data/generated/video/vid_src_0142_stego_frame_lsb_0.20.mkv,video,1,frame_lsb,0.2,ea03162a29b65c53ba860c6a15566a78cfc7e43ad32cb43ed65c871d06a4598a,val
vid_src_0142,vid_src_0142_stego_frame_lsb_matching_0.40.mkv,data/generated/video/vid_src_0142_stego_frame_lsb_matching_0.40.mkv,video,1,frame_lsb_matching,0.4,a6baa61cc5c544a401ec8e949b9c42a0709514d5ec06cad930e431666fca404c,val
vid_src_0143,vid_src_0143_clean_01.mkv,data/generated/video/vid_src_0143_clean_01.mkv,video,0,clean,0.0,be3b2e6e2b13f2725ad2910545277c44cc7f98daa74237c7fbd3318ef5afe744,train
vid_src_0143,vid_src_0143_clean_02.mkv,data/generated/video/vid_src_0143_clean_02.mkv,video,0,clean,0.0,10b6fec69e29c22e0f60b33695ccd207f9719fca1427f49731e4a821153910d0,train
vid_src_0143,vid_src_0143_stego_frame_lsb_matching_0.40.mkv,data/generated/video/vid_src_0143_stego_frame_lsb_matching_0.40.mkv,video,1,frame_lsb_matching,0.4,02ef84027d23a628db18539c6b7ff511e1be68a483419c91a5f505a1bd42ec3b,train
vid_src_0143,vid_src_0143_stego_frame_lsb_0.10.mkv,data/generated/video/vid_src_0143_stego_frame_lsb_0.10.mkv,video,1,frame_lsb,0.1,fabdbcc71398bc48d740e0ef86babfd37f1f0062b1f31823e4ee39867b3aa503,train
vid_src_0144,vid_src_0144_clean_01.mkv,data/generated/video/vid_src_0144_clean_01.mkv,video,0,clean,0.0,21eca2c95bc64f061d217ad29010ca23227728b60f20f28c6f79f3da52dea8f9,train
vid_src_0144,vid_src_0144_clean_02.mkv,data/generated/video/vid_src_0144_clean_02.mkv,video,0,clean,0.0,e747532661e8570c9b2a47d93a78ede902c56805c1d5be568365111306daf42b,train
vid_src_0144,vid_src_0144_stego_frame_lsb_0.10.mkv,data/generated/video/vid_src_0144_stego_frame_lsb_0.10.mkv,video,1,frame_lsb,0.1,b60c570c447e8c426a585e3b0d577d88b1a440e4bb08ee478bf604444d12fd29,train
vid_src_0144,vid_src_0144_stego_frame_lsb_matching_0.20.mkv,data/generated/video/vid_src_0144_stego_frame_lsb_matching_0.20.mkv,video,1,frame_lsb_matching,0.2,80a91791616b9912ab4598fc1764d7558b73487570820839d4074cdee8c3789f,train
vid_src_0145,vid_src_0145_clean_01.mkv,data/generated/video/vid_src_0145_clean_01.mkv,video,0,clean,0.0,192f6cdea4723d75e48dafa1b9896add8ce3ecb93de9a03473f9b5a08fcbce6f,test
vid_src_0145,vid_src_0145_clean_02.mkv,data/generated/video/vid_src_0145_clean_02.mkv,video,0,clean,0.0,55aba40eb8353dec185779c6d4da6ccfeed0c3a3e20aa1a6e38d0d7919523436,test
vid_src_0145,vid_src_0145_stego_frame_lsb_matching_0.20.mkv,data/generated/video/vid_src_0145_stego_frame_lsb_matching_0.20.mkv,video,1,frame_lsb_matching,0.2,eaf6355df2be4810d721ac9f44738b3e2c40ac5e8dc64131c07d7f94d91dc091,test
vid_src_0145,vid_src_0145_stego_frame_lsb_0.40.mkv,data/generated/video/vid_src_0145_stego_frame_lsb_0.40.mkv,video,1,frame_lsb,0.4,0d023b37ac1d27380003cb77ac1afe02b00f409352a8a5afe26589716eaddd22,test
vid_src_0146,vid_src_0146_clean_01.mkv,data/generated/video/vid_src_0146_clean_01.mkv,video,0,clean,0.0,7518b9cbba96acf02c58f08c73bb78822758727a25468a724407570233132da1,test
vid_src_0146,vid_src_0146_clean_02.mkv,data/generated/video/vid_src_0146_clean_02.mkv,video,0,clean,0.0,eb3dcabab629d588192de550da3637608bd5fca5392e6a7d7486d587fdac19ca,test
vid_src_0146,vid_src_0146_stego_frame_lsb_0.40.mkv,data/generated/video/vid_src_0146_stego_frame_lsb_0.40.mkv,video,1,frame_lsb,0.4,9052f8e67e85f7f42b4d41dc457c54703b818bb517549f268ebd169144873e79,test
vid_src_0146,vid_src_0146_stego_frame_lsb_matching_0.10.mkv,data/generated/video/vid_src_0146_stego_frame_lsb_matching_0.10.mkv,video,1,frame_lsb_matching,0.1,dc2425db3b082316c045bd41ef28dd3fd6bbf65511db5beebe5fde9c65920a90,test
vid_src_0147,vid_src_0147_clean_01.mkv,data/generated/video/vid_src_0147_clean_01.mkv,video,0,clean,0.0,37df74022e49aef15ed6afe3a3318c789d49507d463c2bd7d17ae014e10d20fd,train
vid_src_0147,vid_src_0147_clean_02.mkv,data/generated/video/vid_src_0147_clean_02.mkv,video,0,clean,0.0,fbf115e939bcdf21fa6b42b3ed5a1bfd01b6f567cf58c7dcb7facd5fbd886630,train
vid_src_0147,vid_src_0147_stego_frame_lsb_matching_0.10.mkv,data/generated/video/vid_src_0147_stego_frame_lsb_matching_0.10.mkv,video,1,frame_lsb_matching,0.1,d7ba0cbe1fdd94c30b199c6a151d556ffa69b093b78b729ce2761eb64f47574d,train
vid_src_0147,vid_src_0147_stego_frame_lsb_0.20.mkv,data/generated/video/vid_src_0147_stego_frame_lsb_0.20.mkv,video,1,frame_lsb,0.2,968a7a36e4d7845791c21988b88056b59b8c4d1384ba1ae6da0846a70db6d3eb,train
vid_src_0148,vid_src_0148_clean_01.mkv,data/generated/video/vid_src_0148_clean_01.mkv,video,0,clean,0.0,3713d49d06e8fbee0625edd39c943153c5d57eddaf59afc3eb0f99a9682735a9,val
vid_src_0148,vid_src_0148_clean_02.mkv,data/generated/video/vid_src_0148_clean_02.mkv,video,0,clean,0.0,ca306d96567181c44d8aa8b6adbc04a0703882a3369b4947101de81912e68588,val
vid_src_0148,vid_src_0148_stego_frame_lsb_0.20.mkv,data/generated/video/vid_src_0148_stego_frame_lsb_0.20.mkv,video,1,frame_lsb,0.2,f3e29616849c090dc4580670332be19195bf3da58875c35f9dc51fa667833ac2,val
vid_src_0148,vid_src_0148_stego_frame_lsb_matching_0.40.mkv,data/generated/video/vid_src_0148_stego_frame_lsb_matching_0.40.mkv,video,1,frame_lsb_matching,0.4,6bda0d7643ce0e739d27cb3f3cd5c77c4de04c9a1aa13c6c5089b545fed6f563,val
vid_src_0149,vid_src_0149_clean_01.mkv,data/generated/video/vid_src_0149_clean_01.mkv,video,0,clean,0.0,288e1199df317e63734e6385114e2d19302ff5d84e0b495bbedf67a18cb290b7,val
vid_src_0149,vid_src_0149_clean_02.mkv,data/generated/video/vid_src_0149_clean_02.mkv,video,0,clean,0.0,25b5ff8f4e4ccec6c82043161c2fb497b63814cdbecb1c886b25606912b28382,val
vid_src_0149,vid_src_0149_stego_frame_lsb_matching_0.40.mkv,data/generated/video/vid_src_0149_stego_frame_lsb_matching_0.40.mkv,video,1,frame_lsb_matching,0.4,3b071ccc905c5ad8dca1aacee6287c0b2978d700fc48a84af2cb2e511b207f44,val
vid_src_0149,vid_src_0149_stego_frame_lsb_0.10.mkv,data/generated/video/vid_src_0149_stego_frame_lsb_0.10.mkv,video,1,frame_lsb,0.1,b9d6c5ff8389b1014e1697a19a9245ece45a090b7e99b6a2b6f1cb1f2f0638e8,val
vid_src_0150,vid_src_0150_clean_01.mkv,data/generated/video/vid_src_0150_clean_01.mkv,video,0,clean,0.0,5375ca828b35d9b96f823ec710b09a2dd0b53f149682e126558eae35a796593e,val
vid_src_0150,vid_src_0150_clean_02.mkv,data/generated/video/vid_src_0150_clean_02.mkv,video,0,clean,0.0,3314b52eab7a85f293877a5464901ebc716c28c202a7b201f12443f2fb9c7ddf,val
vid_src_0150,vid_src_0150_stego_frame_lsb_0.10.mkv,data/generated/video/vid_src_0150_stego_frame_lsb_0.10.mkv,video,1,frame_lsb,0.1,4045640039bd4233eb03494f518fd9cd2ac22a2c26c1f712fea7d5efbfabca3f,val
vid_src_0150,vid_src_0150_stego_frame_lsb_matching_0.20.mkv,data/generated/video/vid_src_0150_stego_frame_lsb_matching_0.20.mkv,video,1,frame_lsb_matching,0.2,a9f8c0221ee7b4accce8a96df5672a95c3f5eb537bbb72fb0088c5bb513ccf23,val
vid_src_0151,vid_src_0151_clean_01.mkv,data/generated/video/vid_src_0151_clean_01.mkv,video,0,clean,0.0,8d13a8d25e73e0a0997d4cabaa93ed1963323d4ee61407029ac1cd3ed24b54e2,train
vid_src_0151,vid_src_0151_clean_02.mkv,data/generated/video/vid_src_0151_clean_02.mkv,video,0,clean,0.0,8727e5493e275bcaf168cc3609a35da98ec2e9bc6f6f52f05c02d7f232f139fc,train
vid_src_0151,vid_src_0151_stego_frame_lsb_matching_0.20.mkv,data/generated/video/vid_src_0151_stego_frame_lsb_matching_0.20.mkv,video,1,frame_lsb_matching,0.2,7afb258aa5591788febbc65e22bf24c408e7c36b864a3114d3deb7d10310163d,train
vid_src_0151,vid_src_0151_stego_frame_lsb_0.40.mkv,data/generated/video/vid_src_0151_stego_frame_lsb_0.40.mkv,video,1,frame_lsb,0.4,799a4033ac7b9987c1b73f90ca411b47058d78a13d9f28020b3cf2395a6bde60,train
vid_src_0152,vid_src_0152_clean_01.mkv,data/generated/video/vid_src_0152_clean_01.mkv,video,0,clean,0.0,f488dfd8b1353585ac00d4fab79af11d31fbb87b3df3c6c15040cf76549c3d94,train
vid_src_0152,vid_src_0152_clean_02.mkv,data/generated/video/vid_src_0152_clean_02.mkv,video,0,clean,0.0,bfb4af0ad4956885f2cec46d0687a06bf8ec90b90d3089f958d1fbc8018a76ea,train
vid_src_0152,vid_src_0152_stego_frame_lsb_0.40.mkv,data/generated/video/vid_src_0152_stego_frame_lsb_0.40.mkv,video,1,frame_lsb,0.4,e94fea7a4b900178030bf638c7a467da9e339dcd55bc9bbf9715b19f6e9135e9,train
vid_src_0152,vid_src_0152_stego_frame_lsb_matching_0.10.mkv,data/generated/video/vid_src_0152_stego_frame_lsb_matching_0.10.mkv,video,1,frame_lsb_matching,0.1,59311afc6b68b793824e61ebbf87c6bf288f563bda2557e7e8546a669a826fa9,train
vid_src_0153,vid_src_0153_clean_01.mkv,data/generated/video/vid_src_0153_clean_01.mkv,video,0,clean,0.0,e36a809d68a5d090423a56c3d9a3686f4a3b6e7b2a6fe17ca1475e17021c749e,train
vid_src_0153,vid_src_0153_clean_02.mkv,data/generated/video/vid_src_0153_clean_02.mkv,video,0,clean,0.0,a9e9c66227e9c2404e77ce1b03922741beaa123e5c2fdf9181f3964829ba98ee,train
vid_src_0153,vid_src_0153_stego_frame_lsb_matching_0.10.mkv,data/generated/video/vid_src_0153_stego_frame_lsb_matching_0.10.mkv,video,1,frame_lsb_matching,0.1,6c278d3c73f0513cf88ee1131ca432373b06cfae593726a544a4a98f8fce2382,train
vid_src_0153,vid_src_0153_stego_frame_lsb_0.20.mkv,data/generated/video/vid_src_0153_stego_frame_lsb_0.20.mkv,video,1,frame_lsb,0.2,4c473e84a77022be757560a4aae79f10876e237ae079b3e49cba4e8ca9271b43,train
vid_src_0154,vid_src_0154_clean_01.mkv,data/generated/video/vid_src_0154_clean_01.mkv,video,0,clean,0.0,fecd9325f5b3096cc53cf8db74eeca55abcfa181a53a0eb0316becf9e27a9bfb,val
vid_src_0154,vid_src_0154_clean_02.mkv,data/generated/video/vid_src_0154_clean_02.mkv,video,0,clean,0.0,72d8319b005e02b43616823a01f87c18b4501b0f89756a537964a467a75778fe,val
vid_src_0154,vid_src_0154_stego_frame_lsb_0.20.mkv,data/generated/video/vid_src_0154_stego_frame_lsb_0.20.mkv,video,1,frame_lsb,0.2,1ed7a670fad5710b584f160ec79e4d768b8a395a9a0a835bed00c6da7736b6c0,val
vid_src_0154,vid_src_0154_stego_frame_lsb_matching_0.40.mkv,data/generated/video/vid_src_0154_stego_frame_lsb_matching_0.40.mkv,video,1,frame_lsb_matching,0.4,041e6a8d3267f13a3ff0adc65ca7651319deae95156ff9fc8ec14808d56ba22e,val
vid_src_0155,vid_src_0155_clean_01.mkv,data/generated/video/vid_src_0155_clean_01.mkv,video,0,clean,0.0,949d1afed49a1be3aa797d2a73d1b763dd478548e7a430c7b0327e8f9a1762a3,val
vid_src_0155,vid_src_0155_clean_02.mkv,data/generated/video/vid_src_0155_clean_02.mkv,video,0,clean,0.0,89bd4d6cfc399d66639f72b5b6461cfa7825dc201363aab880ee0382e67067a5,val
vid_src_0155,vid_src_0155_stego_frame_lsb_matching_0.40.mkv,data/generated/video/vid_src_0155_stego_frame_lsb_matching_0.40.mkv,video,1,frame_lsb_matching,0.4,c45919a8ab336df45a7937297830bab85f86dc341ccaa804538b1dfa3223a89a,val
vid_src_0155,vid_src_0155_stego_frame_lsb_0.10.mkv,data/generated/video/vid_src_0155_stego_frame_lsb_0.10.mkv,video,1,frame_lsb,0.1,cb4e2866a8a2b8fbfb7fdd86da51319488da87757b484c76c8d685f8c5f1eebe,val
vid_src_0156,vid_src_0156_clean_01.mkv,data/generated/video/vid_src_0156_clean_01.mkv,video,0,clean,0.0,d446ca3acb8c6a7726353658c0da76f4767fd0fb5130ece68406a6d1f35139f1,val
vid_src_0156,vid_src_0156_clean_02.mkv,data/generated/video/vid_src_0156_clean_02.mkv,video,0,clean,0.0,38575ec378264c698b16de1e99df37df73712807462701531d3e8ce1541ff9bd,val
vid_src_0156,vid_src_0156_stego_frame_lsb_0.10.mkv,data/generated/video/vid_src_0156_stego_frame_lsb_0.10.mkv,video,1,frame_lsb,0.1,4e72b6a44d695ba330f63c3432713941b746e71abe5b70e465019311fe7dca45,val
vid_src_0156,vid_src_0156_stego_frame_lsb_matching_0.20.mkv,data/generated/video/vid_src_0156_stego_frame_lsb_matching_0.20.mkv,video,1,frame_lsb_matching,0.2,c488d30df275a0a900a7e192c7465bd70f771c93cf828bbe0d20a54107fad524,val
vid_src_0157,vid_src_0157_clean_01.mkv,data/generated/video/vid_src_0157_clean_01.mkv,video,0,clean,0.0,ab08cf6bdb6c6fd4605189288c6abcc0d25dc926e3cbe5307b6a67e2cc3c4925,val
vid_src_0157,vid_src_0157_clean_02.mkv,data/generated/video/vid_src_0157_clean_02.mkv,video,0,clean,0.0,c5982aa0e41c671bf90d4f6b09cfd0887439f419dbd92bd09400bf602c7919e7,val
vid_src_0157,vid_src_0157_stego_frame_lsb_matching_0.20.mkv,data/generated/video/vid_src_0157_stego_frame_lsb_matching_0.20.mkv,video,1,frame_lsb_matching,0.2,0a493a11d6e345484006507fdf4db0c51a88c29dd28af8baa7b46f04338e3353,val
vid_src_0157,vid_src_0157_stego_frame_lsb_0.40.mkv,data/generated/video/vid_src_0157_stego_frame_lsb_0.40.mkv,video,1,frame_lsb,0.4,6149010f27842900a989c99f715eed5059ae0f3587816fa49b461d4cd0341f10,val
vid_src_0158,vid_src_0158_clean_01.mkv,data/generated/video/vid_src_0158_clean_01.mkv,video,0,clean,0.0,e987d2a0c5502bd25a14f9c09ff2c508aaeb04ed9efa3cec58227fe8b6e1af17,test
vid_src_0158,vid_src_0158_clean_02.mkv,data/generated/video/vid_src_0158_clean_02.mkv,video,0,clean,0.0,d811399c0a469acb004709a0c238210f38a5f7f71c2630aeb44e5b2d9b5a50d7,test
vid_src_0158,vid_src_0158_stego_frame_lsb_0.40.mkv,data/generated/video/vid_src_0158_stego_frame_lsb_0.40.mkv,video,1,frame_lsb,0.4,49af30cac8875432141a2d83544df39749ea4a9564a1dede283a11e1f29998da,test
vid_src_0158,vid_src_0158_stego_frame_lsb_matching_0.10.mkv,data/generated/video/vid_src_0158_stego_frame_lsb_matching_0.10.mkv,video,1,frame_lsb_matching,0.1,bd1fb76acf6a56afd3bb0c2abb24c9f0a3a062f2f46fa8db8cdb5ba80fd97c87,test
vid_src_0159,vid_src_0159_clean_01.mkv,data/generated/video/vid_src_0159_clean_01.mkv,video,0,clean,0.0,175a1a28a7d2e1b06e033e8a7dd427e31c9ae2a98e10ed8dd674768643164c37,train
vid_src_0159,vid_src_0159_clean_02.mkv,data/generated/video/vid_src_0159_clean_02.mkv,video,0,clean,0.0,3245f314c4a4ab60307d732b4b1ec7a992920322365032e4d7db41015ccf2722,train
vid_src_0159,vid_src_0159_stego_frame_lsb_matching_0.10.mkv,data/generated/video/vid_src_0159_stego_frame_lsb_matching_0.10.mkv,video,1,frame_lsb_matching,0.1,f0e2389290918cf4e1923e11d83b47df69152ef827fc675f917254cdb105478c,train
vid_src_0159,vid_src_0159_stego_frame_lsb_0.20.mkv,data/generated/video/vid_src_0159_stego_frame_lsb_0.20.mkv,video,1,frame_lsb,0.2,2366151f49d92bb850d32c0e35920fca0e6ab8fde0e14192b4366e5852a22781,train
vid_src_0160,vid_src_0160_clean_01.mkv,data/generated/video/vid_src_0160_clean_01.mkv,video,0,clean,0.0,261f3d1172a7b8628ae04e88c32aa63efc1d86f5fbe5bcab1ea2f26e95727475,train
vid_src_0160,vid_src_0160_clean_02.mkv,data/generated/video/vid_src_0160_clean_02.mkv,video,0,clean,0.0,3104ff555b309d7647977cbc924dd2e8109acc9301d1e606c2a3b220ff8ae333,train
vid_src_0160,vid_src_0160_stego_frame_lsb_0.20.mkv,data/generated/video/vid_src_0160_stego_frame_lsb_0.20.mkv,video,1,frame_lsb,0.2,534b84798f6beabbfcdd66daf36e01685337c1f7215dd8dbf0e07d5caf9b294e,train
vid_src_0160,vid_src_0160_stego_frame_lsb_matching_0.40.mkv,data/generated/video/vid_src_0160_stego_frame_lsb_matching_0.40.mkv,video,1,frame_lsb_matching,0.4,4d65b8998ed9594f1aee31e3bfc946fd672f473cd56ece6b1edf500d0fe8a5e6,train
vid_src_0161,vid_src_0161_clean_01.mkv,data/generated/video/vid_src_0161_clean_01.mkv,video,0,clean,0.0,2a068930af29fa99d148c8a33aaa987b92023fc97e356fe6fd3b2361d5fde1e0,train
vid_src_0161,vid_src_0161_clean_02.mkv,data/generated/video/vid_src_0161_clean_02.mkv,video,0,clean,0.0,38c3efdfdeb7d01c2310c14f3537fdb77085998316c3d215f58f45a1900a7ea7,train
vid_src_0161,vid_src_0161_stego_frame_lsb_matching_0.40.mkv,data/generated/video/vid_src_0161_stego_frame_lsb_matching_0.40.mkv,video,1,frame_lsb_matching,0.4,051815aa9f5c5e6d6f9d378bd29f2c05e50b3fa2a9934283e59995fdfcd56255,train
vid_src_0161,vid_src_0161_stego_frame_lsb_0.10.mkv,data/generated/video/vid_src_0161_stego_frame_lsb_0.10.mkv,video,1,frame_lsb,0.1,a2fced7902caa31f8aac0fe0a7804f25b3f02e0711a747fa954782ee65b1a0e8,train
vid_src_0162,vid_src_0162_clean_01.mkv,data/generated/video/vid_src_0162_clean_01.mkv,video,0,clean,0.0,3de8dfa9d32c08e9c13a9635b2d5cff4213be6f5f3645bd22745b542f57a0c26,train
vid_src_0162,vid_src_0162_clean_02.mkv,data/generated/video/vid_src_0162_clean_02.mkv,video,0,clean,0.0,2b069a14b04d2f1aec940a937caf884264a148bb4bcd766a5a1034fa30505ade,train
vid_src_0162,vid_src_0162_stego_frame_lsb_0.10.mkv,data/generated/video/vid_src_0162_stego_frame_lsb_0.10.mkv,video,1,frame_lsb,0.1,0aa12f742927616bac9b35271fc9b0af01684a99571c967d965281aeb1507b77,train
vid_src_0162,vid_src_0162_stego_frame_lsb_matching_0.20.mkv,data/generated/video/vid_src_0162_stego_frame_lsb_matching_0.20.mkv,video,1,frame_lsb_matching,0.2,6079ee8b7531bd24da08588a563631f98af72237dfda7006f81ae69a53f95173,train
vid_src_0163,vid_src_0163_clean_01.mkv,data/generated/video/vid_src_0163_clean_01.mkv,video,0,clean,0.0,0d1f968d864f0926b0c5d3e7340294c21488c109ba8c39c974e0851250a736f3,val
vid_src_0163,vid_src_0163_clean_02.mkv,data/generated/video/vid_src_0163_clean_02.mkv,video,0,clean,0.0,c60664195a0bb73859d3687a1e82e887737f187c63055e641293abdb2c57fbec,val
vid_src_0163,vid_src_0163_stego_frame_lsb_matching_0.20.mkv,data/generated/video/vid_src_0163_stego_frame_lsb_matching_0.20.mkv,video,1,frame_lsb_matching,0.2,892d9e1ad5d7de62d54d6b455c5cba0590dedfdb88b0d7e62771cb3ecafa6653,val
vid_src_0163,vid_src_0163_stego_frame_lsb_0.40.mkv,data/generated/video/vid_src_0163_stego_frame_lsb_0.40.mkv,video,1,frame_lsb,0.4,5ceb9ed6b87173c530a250b205b92ac052a59697743286a194663cbec0ccb392,val
vid_src_0164,vid_src_0164_clean_01.mkv,data/generated/video/vid_src_0164_clean_01.mkv,video,0,clean,0.0,353f4c50e168733f69ae1b6ec225d59eecf71922af52b8a341e5b65acf23c4fb,val
vid_src_0164,vid_src_0164_clean_02.mkv,data/generated/video/vid_src_0164_clean_02.mkv,video,0,clean,0.0,b17d1a9c04846e3455f1a2c5dccc05d687d36c3dc8fb354f74a114a65909dfff,val
vid_src_0164,vid_src_0164_stego_frame_lsb_0.40.mkv,data/generated/video/vid_src_0164_stego_frame_lsb_0.40.mkv,video,1,frame_lsb,0.4,eb5b39e5167ae8b34a8337d650f34a479146c0d58f820584c2010a68da4e9159,val
vid_src_0164,vid_src_0164_stego_frame_lsb_matching_0.10.mkv,data/generated/video/vid_src_0164_stego_frame_lsb_matching_0.10.mkv,video,1,frame_lsb_matching,0.1,4a75cfaff92c8251c888ef30e45a0fe93af9da214288793b1de98d854e3902e7,val
vid_src_0165,vid_src_0165_clean_01.mkv,data/generated/video/vid_src_0165_clean_01.mkv,video,0,clean,0.0,de5f61603e03561ad2c9c3d881c9e8efa0da3a1088a043e7ed45cedaa39a3bac,train
vid_src_0165,vid_src_0165_clean_02.mkv,data/generated/video/vid_src_0165_clean_02.mkv,video,0,clean,0.0,2d0191cac95a2cb700eb65ccd3613719aebab98f711f80682f2172228116dc5a,train
vid_src_0165,vid_src_0165_stego_frame_lsb_matching_0.10.mkv,data/generated/video/vid_src_0165_stego_frame_lsb_matching_0.10.mkv,video,1,frame_lsb_matching,0.1,9d73fb0675e5dee5310a6fc0424dc0952ef430ee959c6569fe8af3ff424d4c58,train
vid_src_0165,vid_src_0165_stego_frame_lsb_0.20.mkv,data/generated/video/vid_src_0165_stego_frame_lsb_0.20.mkv,video,1,frame_lsb,0.2,713ff232f40b6b15c424b59744baa10389d4337f7722e9056136fe2877b2a78f,train
vid_src_0166,vid_src_0166_clean_01.mkv,data/generated/video/vid_src_0166_clean_01.mkv,video,0,clean,0.0,ddcc2a72df62f1313b63e7cdb2a50d93c003258764d890c661e8f4621a96b6fa,train
vid_src_0166,vid_src_0166_clean_02.mkv,data/generated/video/vid_src_0166_clean_02.mkv,video,0,clean,0.0,461b99ab6b4573164f9dedfe2d2dc3b1fa845b05b276c013c143b73f6a2ae1e7,train
vid_src_0166,vid_src_0166_stego_frame_lsb_0.20.mkv,data/generated/video/vid_src_0166_stego_frame_lsb_0.20.mkv,video,1,frame_lsb,0.2,1b0f4dcc1c83c8ad575e3594bcb6485091130e5ac9164e679346bbbee6b99488,train
vid_src_0166,vid_src_0166_stego_frame_lsb_matching_0.40.mkv,data/generated/video/vid_src_0166_stego_frame_lsb_matching_0.40.mkv,video,1,frame_lsb_matching,0.4,5f66bda59aa662562d79f5894348559fac8fe16bca41c81660ec627cde8ba736,train
vid_src_0167,vid_src_0167_clean_01.mkv,data/generated/video/vid_src_0167_clean_01.mkv,video,0,clean,0.0,fade596502d27dbd75b37357d5269a4ad267fcb2ccd1143a67147686a61a8de4,train
vid_src_0167,vid_src_0167_clean_02.mkv,data/generated/video/vid_src_0167_clean_02.mkv,video,0,clean,0.0,7493c5e96327eee3aea09c0c7c55af130e48ae9110e21fb66bbd869d431e8ce6,train
vid_src_0167,vid_src_0167_stego_frame_lsb_matching_0.40.mkv,data/generated/video/vid_src_0167_stego_frame_lsb_matching_0.40.mkv,video,1,frame_lsb_matching,0.4,335572fc31aa4de000a250bd66aaebbb80356acde809cae0f5aaa02d3188ee72,train
vid_src_0167,vid_src_0167_stego_frame_lsb_0.10.mkv,data/generated/video/vid_src_0167_stego_frame_lsb_0.10.mkv,video,1,frame_lsb,0.1,3365771121435f820bba5f30cfd0dff5d8b8bc52a19710ce8db8057f3b3a21b4,train
vid_src_0168,vid_src_0168_clean_01.mkv,data/generated/video/vid_src_0168_clean_01.mkv,video,0,clean,0.0,970721b87f55c80d389787ce92fcd746d01c976944cb00df680c601c84021ebf,train
vid_src_0168,vid_src_0168_clean_02.mkv,data/generated/video/vid_src_0168_clean_02.mkv,video,0,clean,0.0,2b8b5bc348abddabe1f8df0002da0f0ba2005d30ca491054f9644fbfbb910abe,train
vid_src_0168,vid_src_0168_stego_frame_lsb_0.10.mkv,data/generated/video/vid_src_0168_stego_frame_lsb_0.10.mkv,video,1,frame_lsb,0.1,551b6c4fa34dd8d4ba1c13358ae7e9164065c0955aad565c17d6b60d4dcaa27f,train
vid_src_0168,vid_src_0168_stego_frame_lsb_matching_0.20.mkv,data/generated/video/vid_src_0168_stego_frame_lsb_matching_0.20.mkv,video,1,frame_lsb_matching,0.2,417873b6e4612719ed82d1a50f66cdffd0e8100cf0a689875d763bdff402c6d5,train
vid_src_0169,vid_src_0169_clean_01.mkv,data/generated/video/vid_src_0169_clean_01.mkv,video,0,clean,0.0,7abb27a0e0e73decbe82ec3ff3984c9bae7263de38e6870f0517e68ee45d00a7,train
vid_src_0169,vid_src_0169_clean_02.mkv,data/generated/video/vid_src_0169_clean_02.mkv,video,0,clean,0.0,a8e77b35098df53e6f03adbb5bd66566495ea944a2f11247b63a2e82df02b423,train
vid_src_0169,vid_src_0169_stego_frame_lsb_matching_0.20.mkv,data/generated/video/vid_src_0169_stego_frame_lsb_matching_0.20.mkv,video,1,frame_lsb_matching,0.2,c0b2d7b46b0a99448c881003aa789ef16a52eb604eb0b60b97487689012b134b,train
vid_src_0169,vid_src_0169_stego_frame_lsb_0.40.mkv,data/generated/video/vid_src_0169_stego_frame_lsb_0.40.mkv,video,1,frame_lsb,0.4,4d59b1700ca3432bebf0f4c0a1fd231bf40bee0f0fef06b41be52c2d2ae956a8,train
vid_src_0170,vid_src_0170_clean_01.mkv,data/generated/video/vid_src_0170_clean_01.mkv,video,0,clean,0.0,90fe11f137e8fb6bfe5605c7807e17b37ef81c5f51aee40afc608001ef3fe640,train
vid_src_0170,vid_src_0170_clean_02.mkv,data/generated/video/vid_src_0170_clean_02.mkv,video,0,clean,0.0,30eb9324b3b8c0d57ab617bfcc9471d3c72870c90c138bbee98e57d2d01012d5,train
vid_src_0170,vid_src_0170_stego_frame_lsb_0.40.mkv,data/generated/video/vid_src_0170_stego_frame_lsb_0.40.mkv,video,1,frame_lsb,0.4,5b40df89eaad5ff4be1df43d1c243972236730f94d20d14735f721c3d7f74aef,train
vid_src_0170,vid_src_0170_stego_frame_lsb_matching_0.10.mkv,data/generated/video/vid_src_0170_stego_frame_lsb_matching_0.10.mkv,video,1,frame_lsb_matching,0.1,85aa19ea475230e32a2ae7424518269ae822d2f5cb298beab588161cbc8b6d6d,train
vid_src_0171,vid_src_0171_clean_01.mkv,data/generated/video/vid_src_0171_clean_01.mkv,video,0,clean,0.0,254e746627eed766a37807a06c367eabd4d7e792dd5a6e2f239f549618cc3b02,train
vid_src_0171,vid_src_0171_clean_02.mkv,data/generated/video/vid_src_0171_clean_02.mkv,video,0,clean,0.0,70232c6c7bf04805b9e1799b7c3f153ee292ba3c3cc4651380d8b54b8c6bd13a,train
vid_src_0171,vid_src_0171_stego_frame_lsb_matching_0.10.mkv,data/generated/video/vid_src_0171_stego_frame_lsb_matching_0.10.mkv,video,1,frame_lsb_matching,0.1,1714d3cd2689f1f6a12032e95b5017aaafc6eee8bda1c27d1b4de023c37dbc0f,train
vid_src_0171,vid_src_0171_stego_frame_lsb_0.20.mkv,data/generated/video/vid_src_0171_stego_frame_lsb_0.20.mkv,video,1,frame_lsb,0.2,6dcd5a5bea960a2c25f8c4fc68efd7ccea37e055f3f230596dbc0449e658554a,train
vid_src_0172,vid_src_0172_clean_01.mkv,data/generated/video/vid_src_0172_clean_01.mkv,video,0,clean,0.0,e46ce267c88e5e8ff65292f513608169864763c568c4d8e610961cc1b98adc2c,train
vid_src_0172,vid_src_0172_clean_02.mkv,data/generated/video/vid_src_0172_clean_02.mkv,video,0,clean,0.0,f439fd7903bdea5405264e623f9856804d421eb0619414f61a3a985d944222e7,train
vid_src_0172,vid_src_0172_stego_frame_lsb_0.20.mkv,data/generated/video/vid_src_0172_stego_frame_lsb_0.20.mkv,video,1,frame_lsb,0.2,d98b44fbb93010817d2388db9dc7eff6776b104ab8c22b6e0e8f21fa44d0e090,train
vid_src_0172,vid_src_0172_stego_frame_lsb_matching_0.40.mkv,data/generated/video/vid_src_0172_stego_frame_lsb_matching_0.40.mkv,video,1,frame_lsb_matching,0.4,5316fa18bc3904bb7f4c797ec4755f45147387c3cf738c3524338d4a4bf14e1a,train
vid_src_0173,vid_src_0173_clean_01.mkv,data/generated/video/vid_src_0173_clean_01.mkv,video,0,clean,0.0,11ae305abb586d4b18c22f9499e62b4f34b9ab4d3f8d8c3f811e09b360ee1f07,val
vid_src_0173,vid_src_0173_clean_02.mkv,data/generated/video/vid_src_0173_clean_02.mkv,video,0,clean,0.0,85343cde8a5cbd54cf7f65671c9c0c220818b641597b63bf133ce13881c48445,val
vid_src_0173,vid_src_0173_stego_frame_lsb_matching_0.40.mkv,data/generated/video/vid_src_0173_stego_frame_lsb_matching_0.40.mkv,video,1,frame_lsb_matching,0.4,34d5cb91f2b2bd85fdd9375d34360997b8e29246f55272178a93d958fe016a43,val
vid_src_0173,vid_src_0173_stego_frame_lsb_0.10.mkv,data/generated/video/vid_src_0173_stego_frame_lsb_0.10.mkv,video,1,frame_lsb,0.1,9c91fe865b5f389a677a5879a5cbb7cf8fc7e14e874acee3935cdb6d55970b37,val
vid_src_0174,vid_src_0174_clean_01.mkv,data/generated/video/vid_src_0174_clean_01.mkv,video,0,clean,0.0,601870c7086d9c987aa3d145cb4f2f121153578190f5c9bccfad2048adbf1274,train
vid_src_0174,vid_src_0174_clean_02.mkv,data/generated/video/vid_src_0174_clean_02.mkv,video,0,clean,0.0,968f58bcb16f416956f8bb6c6d8a0e8bfae628d0214679d2ca002b16a5200e74,train
vid_src_0174,vid_src_0174_stego_frame_lsb_0.10.mkv,data/generated/video/vid_src_0174_stego_frame_lsb_0.10.mkv,video,1,frame_lsb,0.1,23203cf295b51fc5c7e8595a5e92cc7114f6b94642d5484a9e084f43d19b3edd,train
vid_src_0174,vid_src_0174_stego_frame_lsb_matching_0.20.mkv,data/generated/video/vid_src_0174_stego_frame_lsb_matching_0.20.mkv,video,1,frame_lsb_matching,0.2,3d80ae4f306826b864273d6ba79a71d4cb1a14fd3ab8afedd621b985ebbeda9c,train
