source_id,filename,filepath,media_type,label,method,payload_rate,sha256,split
img_src_0000,img_src_0000_clean_01.png,data/generated/images/img_src_0000_clean_01.png,image,0,clean,0.0,6f42ed63d0166939ec9582486f7cb5afe92bf3f00a61deb4c6192b951ce84aad,train
img_src_0000,img_src_0000_clean_02.png,data/generated/images/img_src_0000_clean_02.png,image,0,clean,0.0,6f42ed63d0166939ec9582486f7cb5afe92bf3f00a61deb4c6192b951ce84aad,train
img_src_0000,img_src_0000_stego_lsb_replacement_0.10.png,data/generated/images/img_src_0000_stego_lsb_replacement_0.10.png,image,1,lsb_replacement,0.1,9805c99b58293929264101b44eb11cd8fba1bea01a73a28ef1c4963b9bf98ad6,train
img_src_0000,img_src_0000_stego_lsb_matching_0.20.png,data/generated/images/img_src_0000_stego_lsb_matching_0.20.png,image,1,lsb_matching,0.2,3b8909edd5e71e243ed8248cbd391f5a1c970c0ad808ce10cca83408bd9b005f,train
img_src_0001,img_src_0001_clean_01.png,data/generated/images/img_src_0001_clean_01.png,image,0,clean,0.0,102b39101fd0954a9775f0e3dca6ca4b1554cd752f9233ff32bba6f52b4d6a51,test
img_src_0001,img_src_0001_clean_02.png,data/generated/images/img_src_0001_clean_02.png,image,0,clean,0.0,102b39101fd0954a9775f0e3dca6ca4b1554cd752f9233ff32bba6f52b4d6a51,test
img_src_0001,img_src_0001_stego_lsb_matching_0.20.png,data/generated/images/img_src_0001_stego_lsb_matching_0.20.png,image,1,lsb_matching,0.2,8cfdeb2a3c799cbac7bdc2871beebaeb0d36baa28ce65838775ba04ab3c493a4,test
img_src_0001,img_src_0001_stego_edge_adaptive_0.30.png,data/generated/images/img_src_0001_stego_edge_adaptive_0.30.png,image,1,edge_adaptive,0.3,20f935956523024745bebc0259f08c78b146836900c6648953348dedae05f090,test
img_src_0002,img_src_0002_clean_01.png,data/generated/images/img_src_0002_clean_01.png,image,0,clean,0.0,98ddaf4e55ff866e2e39f514bb7137f77c6e11e9528b108d6f69d2c37ee864f6,train
img_src_0002,img_src_0002_clean_02.png,data/generated/images/img_src_0002_clean_02.png,image,0,clean,0.0,98ddaf4e55ff866e2e39f514bb7137f77c6e11e9528b108d6f69d2c37ee864f6,train
img_src_0002,img_src_0002_stego_edge_adaptive_0.30.png,data/generated/images/img_src_0002_stego_edge_adaptive_0.30.png,image,1,edge_adaptive,0.3,653ff8d687700b83e0c784b7e967304a8496e3b96a4fb7f89b8645f3e4c57ecd,train
img_src_0002,img_src_0002_stego_dct_ac_0.50.png,data/generated/images/img_src_0002_stego_dct_ac_0.50.png,image,1,dct_ac,0.5,96535b5f0dca50cf6d43b16cd110f96c63ccf4243b4744d4713028c813e88237,train
img_src_0003,img_src_0003_clean_01.png,data/generated/images/img_src_0003_clean_01.png,image,0,clean,0.0,1ef36832ff17284f65b5855de35fd94a25405ed5225f519fb85fa9ca86d67d2f,train
img_src_0003,img_src_0003_clean_02.png,data/generated/images/img_src_0003_clean_02.png,image,0,clean,0.0,1ef36832ff17284f65b5855de35fd94a25405ed5225f519fb85fa9ca86d67d2f,train
img_src_0003,img_src_0003_stego_dct_ac_0.50.png,data/generated/images/img_src_0003_stego_dct_ac_0.50.png,image,1,dct_ac,0.5,8a9d3c507488855f098c659b6261d55724362bf65f8df332622625895a56be91,train
img_src_0003,img_src_0003_stego_lsb_replacement_0.10.png,data/generated/images/img_src_0003_stego_lsb_replacement_0.10.png,image,1,lsb_replacement,0.1,9ba7af172326f74c8d8aad6f39cdfe7d1d4d8990bfcfc83dba742f16aff631cb,train
img_src_0004,img_src_0004_clean_01.png,data/generated/images/img_src_0004_clean_01.png,image,0,clean,0.0,7b7c039fee361c9ed331dee1c64aec0c71a66f3baf85a667085b2b84befbb146,train
img_src_0004,img_src_0004_clean_02.png,data/generated/images/img_src_0004_clean_02.png,image,0,clean,0.0,7b7c039fee361c9ed331dee1c64aec0c71a66f3baf85a667085b2b84befbb146,train
img_src_0004,img_src_0004_stego_lsb_replacement_0.10.png,data/generated/images/img_src_0004_stego_lsb_replacement_0.10.png,image,1,lsb_replacement,0.1,b0d4bff1910d689bf8a311a0b4703ce8eb9acae32462e6c7555f7ad006c140f9,train
img_src_0004,img_src_0004_stego_lsb_matching_0.20.png,data/generated/images/img_src_0004_stego_lsb_matching_0.20.png,image,1,lsb_matching,0.2,c33bf552c91749773598ebceda7569def2a8839a155da8f2692976f2f06ab887,train
img_src_0005,img_src_0005_clean_01.png,data/generated/images/img_src_0005_clean_01.png,image,0,clean,0.0,4cfad3d128dc8de848ba421cdb7d50128e570fc76a45137cdf9834275edc5789,train
img_src_0005,img_src_0005_clean_02.png,data/generated/images/img_src_0005_clean_02.png,image,0,clean,0.0,4cfad3d128dc8de848ba421cdb7d50128e570fc76a45137cdf9834275edc5789,train
img_src_0005,img_src_0005_stego_lsb_matching_0.20.png,data/generated/images/img_src_0005_stego_lsb_matching_0.20.png,image,1,lsb_matching,0.2,ace02741e3ae21fc683e2e9429eb95a271fddaa0ab96ae7f1736ca5a0934189e,train
img_src_0005,img_src_0005_stego_edge_adaptive_0.30.png,data/generated/images/img_src_0005_stego_edge_adaptive_0.30.png,image,1,edge_adaptive,0.3,c73c457a62c3bebc51462a0b192d6218fb7210db8aaf086aaa683a1492aa786b,train
img_src_0006,img_src_0006_clean_01.png,data/generated/images/img_src_0006_clean_01.png,image,0,clean,0.0,d0d06f52daf09323bf82e32bb145a77cda7aa9a550e5611f29bfce973848f69d,train
img_src_0006,img_src_0006_clean_02.png,data/generated/images/img_src_0006_clean_02.png,image,0,clean,0.0,d0d06f52daf09323bf82e32bb145a77cda7aa9a550e5611f29bfce973848f69d,train
img_src_0006,img_src_0006_stego_edge_adaptive_0.30.png,data/generated/images/img_src_0006_stego_edge_adaptive_0.30.png,image,1,edge_adaptive,0.3,3ae77774a511234c06bc578019e23f645cb36b1fa441f5945dc0294929cba1d8,train
img_src_0006,img_src_0006_stego_dct_ac_0.50.png,data/generated/images/img_src_0006_stego_dct_ac_0.50.png,image,1,dct_ac,0.5,528b1d1f30177c21072abd87c0ff5e30d37d406c221d185c57a4772b91eb7487,train
img_src_0007,img_src_0007_clean_01.png,data/generated/images/img_src_0007_clean_01.png,image,0,clean,0.0,f5fe09f5d306422c8132d39f2bb49e5a557be2d77c3a8d2a75ede4fec32b5a0f,train
img_src_0007,img_src_0007_clean_02.png,data/generated/images/img_src_0007_clean_02.png,image,0,clean,0.0,f5fe09f5d306422c8132d39f2bb49e5a557be2d77c3a8d2a75ede4fec32b5a0f,train
img_src_0007,img_src_0007_stego_dct_ac_0.50.png,data/generated/images/img_src_0007_stego_dct_ac_0.50.png,image,1,dct_ac,0.5,bfbe17e34d6a83783eb3fa48ae828459ae79a0fe9731e195485a19c7c2720e46,train
img_src_0007,img_src_0007_stego_lsb_replacement_0.10.png,data/generated/images/img_src_0007_stego_lsb_replacement_0.10.png,image,1,lsb_replacement,0.1,bbf5934e1722fdb63f689fc5e5085cab99c2b6376094272b100212cdcd176f69,train
img_src_0008,img_src_0008_clean_01.png,data/generated/images/img_src_0008_clean_01.png,image,0,clean,0.0,2f067fd711f1feb2dd3f4ae12280e6fda97bc9e6b73b65aad12632528c27b8ef,val
img_src_0008,img_src_0008_clean_02.png,data/generated/images/img_src_0008_clean_02.png,image,0,clean,0.0,2f067fd711f1feb2dd3f4ae12280e6fda97bc9e6b73b65aad12632528c27b8ef,val
img_src_0008,img_src_0008_stego_lsb_replacement_0.10.png,data/generated/images/img_src_0008_stego_lsb_replacement_0.10.png,image,1,lsb_replacement,0.1,cf53cb3efdcfd51ae2a4242130d3b2a0fd901b9276f1a5e593c2c62e210e96e8,val
img_src_0008,img_src_0008_stego_lsb_matching_0.20.png,data/generated/images/img_src_0008_stego_lsb_matching_0.20.png,image,1,lsb_matching,0.2,e53250088bb153054b723b7da7a0ba7e901cd4fe9d819df8a48f5b1a85bc5159,val
img_src_0009,img_src_0009_clean_01.png,data/generated/images/img_src_0009_clean_01.png,image,0,clean,0.0,60691e7c2a6ea5729daf46cfdeba4530d99d5dd77860b91336fa569027029f6d,train
img_src_0009,img_src_0009_clean_02.png,data/generated/images/img_src_0009_clean_02.png,image,0,clean,0.0,60691e7c2a6ea5729daf46cfdeba4530d99d5dd77860b91336fa569027029f6d,train
img_src_0009,img_src_0009_stego_lsb_matching_0.20.png,data/generated/images/img_src_0009_stego_lsb_matching_0.20.png,image,1,lsb_matching,0.2,94904540fba46c685ffad05ebb18c53cfa3c93b2e20972e3abb6741aeb0d0df4,train
img_src_0009,img_src_0009_stego_edge_adaptive_0.30.png,data/generated/images/img_src_0009_stego_edge_adaptive_0.30.png,image,1,edge_adaptive,0.3,2593c7f04f9633a6c3ae8262d81bbb150e4ddcb5f627ad82bad860df66518b7f,train
img_src_0010,img_src_0010_clean_01.png,data/generated/images/img_src_0010_clean_01.png,image,0,clean,0.0,deb20013fa97824490b13b535a1bcaabcdf81298a76f1261e2d88a1bf5b817d8,train
img_src_0010,img_src_0010_clean_02.png,data/generated/images/img_src_0010_clean_02.png,image,0,clean,0.0,deb20013fa97824490b13b535a1bcaabcdf81298a76f1261e2d88a1bf5b817d8,train
img_src_0010,img_src_0010_stego_edge_adaptive_0.30.png,data/generated/images/img_src_0010_stego_edge_adaptive_0.30.png,image,1,edge_adaptive,0.3,e1edbcff29ff6fd0d9f16baaadd35d6a4ea659e7fe0cafe7599be40a5ad3863c,train
img_src_0010,img_src_0010_stego_dct_ac_0.50.png,data/generated/images/img_src_0010_stego_dct_ac_0.50.png,image,1,dct_ac,0.5,7940973a2af8b7930eb2db95567eefd83582b861a66a7d8d048eca9b8042a1d2,train
img_src_0011,img_src_0011_clean_01.png,data/generated/images/img_src_0011_clean_01.png,image,0,clean,0.0,ad00d57f1adce96d0dcbf08c029fccc4adfa892fa9c41b4c1f25b21c9092cd49,train
img_src_0011,img_src_0011_clean_02.png,data/generated/images/img_src_0011_clean_02.png,image,0,clean,0.0,ad00d57f1adce96d0dcbf08c029fccc4adfa892fa9c41b4c1f25b21c9092cd49,train
img_src_0011,img_src_0011_stego_dct_ac_0.50.png,data/generated/images/img_src_0011_stego_dct_ac_0.50.png,image,1,dct_ac,0.5,3b4e05d2f8c4952fa36a283d66a7cf339e7090668cffc17a6f859c3a3f75a8d4,train
img_src_0011,img_src_0011_stego_lsb_replacement_0.10.png,data/generated/images/img_src_0011_stego_lsb_replacement_0.10.png,image,1,lsb_replacement,0.1,7b61ae4e7559c6df8630b0a4ceefb71951361c7c271e05a68bf1a2551d97212b,train
img_src_0012,img_src_0012_clean_01.png,data/generated/images/img_src_0012_clean_01.png,image,0,clean,0.0,8e0e96230ca141e97ebb719a82eb5b0239c30dc707f0a0c8fe8afc6135050b03,train
img_src_0012,img_src_0012_clean_02.png,data/generated/images/img_src_0012_clean_02.png,image,0,clean,0.0,8e0e96230ca141e97ebb719a82eb5b0239c30dc707f0a0c8fe8afc6135050b03,train
img_src_0012,img_src_0012_stego_lsb_replacement_0.10.png,data/generated/images/img_src_0012_stego_lsb_replacement_0.10.png,image,1,lsb_replacement,0.1,dbfc4a2136ae5b9e32f67034d877c0b79425fbf7e0aff9464ed06cb0fad5f9ac,train
img_src_0012,img_src_0012_stego_lsb_matching_0.20.png,data/generated/images/img_src_0012_stego_lsb_matching_0.20.png,image,1,lsb_matching,0.2,6209ed3b42ab9aca8fc54bba84174d9b921f85787360854f5edddec91f68cd63,train
img_src_0013,img_src_0013_clean_01.png,data/generated/images/img_src_0013_clean_01.png,image,0,clean,0.0,b2c7c9924b2d65450c67681836477af4b074ff4f2a91bd6071e074754e944ca4,test
img_src_0013,img_src_0013_clean_02.png,data/generated/images/img_src_0013_clean_02.png,image,0,clean,0.0,b2c7c9924b2d65450c67681836477af4b074ff4f2a91bd6071e074754e944ca4,test
img_src_0013,img_src_0013_stego_lsb_matching_0.20.png,data/generated/images/img_src_0013_stego_lsb_matching_0.20.png,image,1,lsb_matching,0.2,861cec1f0479e8ab66cd1402d3f66c60c085f2416fb595b89c0e29b3949f7d1d,test
img_src_0013,img_src_0013_stego_edge_adaptive_0.30.png,data/generated/images/img_src_0013_stego_edge_adaptive_0.30.png,image,1,edge_adaptive,0.3,5fdeb62b1b8132b1c193427e1dae5a3645526f0e10f58367ab8f9cd77f75ec1f,test
img_src_0014,img_src_0014_clean_01.png,data/generated/images/img_src_0014_clean_01.png,image,0,clean,0.0,01c92a0902e13ef8fc655fab3166ac7df328fe7a34fae14d84c5ac83d1ca7d71,test
img_src_0014,img_src_0014_clean_02.png,data/generated/images/img_src_0014_clean_02.png,image,0,clean,0.0,01c92a0902e13ef8fc655fab3166ac7df328fe7a34fae14d84c5ac83d1ca7d71,test
img_src_0014,img_src_0014_stego_edge_adaptive_0.30.png,data/generated/images/img_src_0014_stego_edge_adaptive_0.30.png,image,1,edge_adaptive,0.3,f6a766a597ae0268a99bb9c113c7ffb7bfdf3f9ba780e869be74c6550e313237,test
img_src_0014,img_src_0014_stego_dct_ac_0.50.png,data/generated/images/img_src_0014_stego_dct_ac_0.50.png,image,1,dct_ac,0.5,c873e5738e5af667f45ac1ba5bd5ae268fb62d9d2486bbb9ccae395213ce4d5e,test
img_src_0015,img_src_0015_clean_01.png,data/generated/images/img_src_0015_clean_01.png,image,0,clean,0.0,b6d21cd93a8491d3d68967081c4f4817065a85df6195725771a9dfd5373c48c2,train
img_src_0015,img_src_0015_clean_02.png,data/generated/images/img_src_0015_clean_02.png,image,0,clean,0.0,b6d21cd93a8491d3d68967081c4f4817065a85df6195725771a9dfd5373c48c2,train
img_src_0015,img_src_0015_stego_dct_ac_0.50.png,data/generated/images/img_src_0015_stego_dct_ac_0.50.png,image,1,dct_ac,0.5,e009974447aba4a623df667ae2db10d4964d7a4f832892622fe96e3e485324bd,train
img_src_0015,img_src_0015_stego_lsb_replacement_0.10.png,data/generated/images/img_src_0015_stego_lsb_replacement_0.10.png,image,1,lsb_replacement,0.1,fef6d1e8b87791940d2be081b7b997ba16f0bf48e902fd1a4d87b360cd77b23e,train
img_src_0016,img_src_0016_clean_01.png,data/generated/images/img_src_0016_clean_01.png,image,0,clean,0.0,cbc3b584ab686b4fd4239f7804acf42afccbfdca428ab02ca53c36af82aec11b,val
img_src_0016,img_src_0016_clean_02.png,data/generated/images/img_src_0016_clean_02.png,image,0,clean,0.0,cbc3b584ab686b4fd4239f7804acf42afccbfdca428ab02ca53c36af82aec11b,val
img_src_0016,img_src_0016_stego_lsb_replacement_0.10.png,data/generated/images/img_src_0016_stego_lsb_replacement_0.10.png,image,1,lsb_replacement,0.1,bb205337083236cc2c273527d9e5b6eea088736a7f6656fbe85ed481f93d3a72,val
img_src_0016,img_src_0016_stego_lsb_matching_0.20.png,data/generated/images/img_src_0016_stego_lsb_matching_0.20.png,image,1,lsb_matching,0.2,dfb4783ce1986ce7f904486413bdc1f27abfff221e6c8a3e74230cbdf232284e,val
img_src_0017,img_src_0017_clean_01.png,data/generated/images/img_src_0017_clean_01.png,image,0,clean,0.0,cada38acba229e911ae96f63e9edee8ca334e7b7fc231623f9a13869324848db,val
img_src_0017,img_src_0017_clean_02.png,data/generated/images/img_src_0017_clean_02.png,image,0,clean,0.0,cada38acba229e911ae96f63e9edee8ca334e7b7fc231623f9a13869324848db,val
img_src_0017,img_src_0017_stego_lsb_matching_0.20.png,data/generated/images/img_src_0017_stego_lsb_matching_0.20.png,image,1,lsb_matching,0.2,931dbfa966f30d0ed81285115649edeba806f3b14665ea50c2da2853801f8157,val
img_src_0017,img_src_0017_stego_edge_adaptive_0.30.png,data/generated/images/img_src_0017_stego_edge_adaptive_0.30.png,image,1,edge_adaptive,0.3,f7156b95c6536f005ada2e847afafb375c1ce9f5533ce0bd78b26f18056cced6,val
img_src_0018,img_src_0018_clean_01.png,data/generated/images/img_src_0018_clean_01.png,image,0,clean,0.0,d168a45271f739318790ebdc37314f5c0323014f6a5bd206f7d8ec063ab5773b,train
img_src_0018,img_src_0018_clean_02.png,data/generated/images/img_src_0018_clean_02.png,image,0,clean,0.0,d168a45271f739318790ebdc37314f5c0323014f6a5bd206f7d8ec063ab5773b,train
img_src_0018,img_src_0018_stego_edge_adaptive_0.30.png,data/generated/images/img_src_0018_stego_edge_adaptive_0.30.png,image,1,edge_adaptive,0.3,a0f776f392bdf338711f791e440bae1ec4208d02647f86733b2ee9fbdd7de2b1,train
img_src_0018,img_src_0018_stego_dct_ac_0.50.png,data/generated/images/img_src_0018_stego_dct_ac_0.50.png,image,1,dct_ac,0.5,c12f201d3f795ed8725cd85f78269a504838b288ec6ebc776fe38378de0d8f3a,train
img_src_0019,img_src_0019_clean_01.png,data/generated/images/img_src_0019_clean_01.png,image,0,clean,0.0,3517a1110cbeb1e76a93c3ab0f46c2ac72039a01a934491cac93ae920fe7a9a6,train
img_src_0019,img_src_0019_clean_02.png,data/generated/images/img_src_0019_clean_02.png,image,0,clean,0.0,3517a1110cbeb1e76a93c3ab0f46c2ac72039a01a934491cac93ae920fe7a9a6,train
img_src_0019,img_src_0019_stego_dct_ac_0.50.png,data/generated/images/img_src_0019_stego_dct_ac_0.50.png,image,1,dct_ac,0.5,d6cc04efb24b1728f28fe27169af30278ba2179df2ad4fa128fa2bd2b6e5cf5b,train
img_src_0019,img_src_0019_stego_lsb_replacement_0.10.png,data/generated/images/img_src_0019_stego_lsb_replacement_0.10.png,image,1,lsb_replacement,0.1,e16a9c68ad1e3b7a4c537adda42a72b7f920bb909055842aeeb8d0be0ed0beff,train
img_src_0020,img_src_0020_clean_01.png,data/generated/images/img_src_0020_clean_01.png,image,0,clean,0.0,135ff4f6d3303d69bc12f769bbc06b929e72f68f0937aba54135a7f5f25db7e3,test
img_src_0020,img_src_0020_clean_02.png,data/generated/images/img_src_0020_clean_02.png,image,0,clean,0.0,135ff4f6d3303d69bc12f769bbc06b929e72f68f0937aba54135a7f5f25db7e3,test
img_src_0020,img_src_0020_stego_lsb_replacement_0.10.png,data/generated/images/img_src_0020_stego_lsb_replacement_0.10.png,image,1,lsb_replacement,0.1,3a88a54626b868bb7f8766b9c527f49a6ab5aec0c3372aad9a9dfdd5695c8436,test
img_src_0020,img_src_0020_stego_lsb_matching_0.20.png,data/generated/images/img_src_0020_stego_lsb_matching_0.20.png,image,1,lsb_matching,0.2,0543878c72693fc0d1b570d1ab89a243c6a280f610116688c557c71b4859e1b1,test
img_src_0021,img_src_0021_clean_01.png,data/generated/images/img_src_0021_clean_01.png,image,0,clean,0.0,54db2718f51dec5ce71108928c458b3a0275e0059583eae57e7a7fbc9588609e,test
img_src_0021,img_src_0021_clean_02.png,data/generated/images/img_src_0021_clean_02.png,image,0,clean,0.0,54db2718f51dec5ce71108928c458b3a0275e0059583eae57e7a7fbc9588609e,test
img_src_0021,img_src_0021_stego_lsb_matching_0.20.png,data/generated/images/img_src_0021_stego_lsb_matching_0.20.png,image,1,lsb_matching,0.2,29fab0d491668108df59b5ccf6e3284e1b1e0bf4c6b291d9683ca47608c4477f,test
img_src_0021,img_src_0021_stego_edge_adaptive_0.30.png,data/generated/images/img_src_0021_stego_edge_adaptive_0.30.png,image,1,edge_adaptive,0.3,433851217b45ca249c5f37dccb8cd014d92aad3b2110c3c4070261c445dc39e2,test
img_src_0022,img_src_0022_clean_01.png,data/generated/images/img_src_0022_clean_01.png,image,0,clean,0.0,75f7c6d8be12fc6f364cc4f57cdce3c692fbd2fb16a176fdb01d729a4779d86a,train
img_src_0022,img_src_0022_clean_02.png,data/generated/images/img_src_0022_clean_02.png,image,0,clean,0.0,75f7c6d8be12fc6f364cc4f57cdce3c692fbd2fb16a176fdb01d729a4779d86a,train
img_src_0022,img_src_0022_stego_edge_adaptive_0.30.png,data/generated/images/img_src_0022_stego_edge_adaptive_0.30.png,image,1,edge_adaptive,0.3,e5faf51bfe6f5928bc9df4f0969060c80ad05ef853fa2c6d0de84b06a892cb7c,train
img_src_0022,img_src_0022_stego_dct_ac_0.50.png,data/generated/images/img_src_0022_stego_dct_ac_0.50.png,image,1,dct_ac,0.5,a15a4bbad7034378fa35232aa15293393b6b7c8e509cbbe937f8e552b4339adb,train
img_src_0023,img_src_0023_clean_01.png,data/generated/images/img_src_0023_clean_01.png,image,0,clean,0.0,fea169245d0a2868a356ab38c84cbce458eea3367628c79f752a8d08173c1d8d,train
img_src_0023,img_src_0023_clean_02.png,data/generated/images/img_src_0023_clean_02.png,image,0,clean,0.0,fea169245d0a2868a356ab38c84cbce458eea3367628c79f752a8d08173c1d8d,train
img_src_0023,img_src_0023_stego_dct_ac_0.50.png,data/generated/images/img_src_0023_stego_dct_ac_0.50.png,image,1,dct_ac,0.5,e34a60b7eb5cc868a689f2fe47e9ddec836391d388237c54122be49a5a22e2e4,train
img_src_0023,img_src_0023_stego_lsb_replacement_0.10.png,data/generated/images/img_src_0023_stego_lsb_replacement_0.10.png,image,1,lsb_replacement,0.1,9c79962c7599df9a44c3c51c5ff2623096ee8048d5d337d4e7d9875f1bced533,train
img_src_0024,img_src_0024_clean_01.png,data/generated/images/img_src_0024_clean_01.png,image,0,clean,0.0,ce5492ecee5236d81375b02b8bb9fd1d6ce8bf804de8ce84679f9b322a200454,train
img_src_0024,img_src_0024_clean_02.png,data/generated/images/img_src_0024_clean_02.png,image,0,clean,0.0,ce5492ecee5236d81375b02b8bb9fd1d6ce8bf804de8ce84679f9b322a200454,train
img_src_0024,img_src_0024_stego_lsb_replacement_0.10.png,data/generated/images/img_src_0024_stego_lsb_replacement_0.10.png,image,1,lsb_replacement,0.1,6f687edc1516d27198eb22c535664618000298b2f48770844e8be73533f803f8,train
img_src_0024,img_src_0024_stego_lsb_matching_0.20.png,data/generated/images/img_src_0024_stego_lsb_matching_0.20.png,image,1,lsb_matching,0.2,475f78b598df46e9545a1eb17665c8b257b40ed1ad934114aa121ddfa8c108cc,train
img_src_0025,img_src_0025_clean_01.png,data/generated/images/img_src_0025_clean_01.png,image,0,clean,0.0,dd4901e889a72439e9714c9b849e7b4e8fc2bf8451a11fa7d17218cd2aced097,train
img_src_0025,img_src_0025_clean_02.png,data/generated/images/img_src_0025_clean_02.png,image,0,clean,0.0,dd4901e889a72439e9714c9b849e7b4e8fc2bf8451a11fa7d17218cd2aced097,train
img_src_0025,img_src_0025_stego_lsb_matching_0.20.png,data/generated/images/img_src_0025_stego_lsb_matching_0.20.png,image,1,lsb_matching,0.2,cbf8eca2e922431caf7cea2a728f3c49e1e6730af69fdf013d212ff6619c10ba,train
img_src_0025,img_src_0025_stego_edge_adaptive_0.30.png,data/generated/images/img_src_0025_stego_edge_adaptive_0.30.png,image,1,edge_adaptive,0.3,a505135b7977d07e3c40c3e1553ab346ef547ff73b7452ccea0b1ad779aae004,train
img_src_0026,img_src_0026_clean_01.png,data/generated/images/img_src_0026_clean_01.png,image,0,clean,0.0,1106392195f95e5960df7e5b868a0ac2609870c7ededaa14d163d88ca49855c9,val
img_src_0026,img_src_0026_clean_02.png,data/generated/images/img_src_0026_clean_02.png,image,0,clean,0.0,1106392195f95e5960df7e5b868a0ac2609870c7ededaa14d163d88ca49855c9,val
img_src_0026,img_src_0026_stego_edge_adaptive_0.30.png,data/generated/images/img_src_0026_stego_edge_adaptive_0.30.png,image,1,edge_adaptive,0.3,1e3300542dcfcd145dd7fbd6d031dc370cf3a458bbdef8fe11084516050705a4,val
img_src_0026,img_src_0026_stego_dct_ac_0.50.png,data/generated/images/img_src_0026_stego_dct_ac_0.50.png,image,1,dct_ac,0.5,807f8dc0e26f9e2571f3d40304f3c61657821df7f52b8d3fa11613f65f09477c,val
img_src_0027,img_src_0027_clean_01.png,data/generated/images/img_src_0027_clean_01.png,image,0,clean,0.0,6603eaca613044a581e86e26c6bd69ff7a61ff424720129d4b1b38b50b088e11,train
img_src_0027,img_src_0027_clean_02.png,data/generated/images/img_src_0027_clean_02.png,image,0,clean,0.0,6603eaca613044a581e86e26c6bd69ff7a61ff424720129d4b1b38b50b088e11,train
img_src_0027,img_src_0027_stego_dct_ac_0.50.png,data/generated/images/img_src_0027_stego_dct_ac_0.50.png,image,1,dct_ac,0.5,9c822627dd0d5b6a674dd151d2e126fc8d5384d34264b247443f3862141ac9d1,train
img_src_0027,img_src_0027_stego_lsb_replacement_0.10.png,data/generated/images/img_src_0027_stego_lsb_replacement_0.10.png,image,1,lsb_replacement,0.1,70954c2d6928bdecddf01c30b78b6928d67558513a8aec31e83f943116f6189a,train
img_src_0028,img_src_0028_clean_01.png,data/generated/images/img_src_0028_clean_01.png,image,0,clean,0.0,db509e7ff7ceaa880baff8caf2efab892ae8962f35982b43da4ff7bd7e1bc49e,train
img_src_0028,img_src_0028_clean_02.png,data/generated/images/img_src_0028_clean_02.png,image,0,clean,0.0,db509e7ff7ceaa880baff8caf2efab892ae8962f35982b43da4ff7bd7e1bc49e,train
img_src_0028,img_src_0028_stego_lsb_replacement_0.10.png,data/generated/images/img_src_0028_stego_lsb_replacement_0.10.png,image,1,lsb_replacement,0.1,9b7212c969adebed1877bbed8729e1b8c9641a1f55d8f44d96d852515516e92f,train
img_src_0028,img_src_0028_stego_lsb_matching_0.20.png,data/generated/images/img_src_0028_stego_lsb_matching_0.20.png,image,1,lsb_matching,0.2,a709be0cf2458b1e9c38faf326f6035058e691ef6433ece69a87f1f689cf1bd6,train
img_src_0029,img_src_0029_clean_01.png,data/generated/images/img_src_0029_clean_01.png,image,0,clean,0.0,4d2e07048cc13bc7d405c5730701db5327de376bf56a3a5e9a632b20f76a19d1,train
img_src_0029,img_src_0029_clean_02.png,data/generated/images/img_src_0029_clean_02.png,image,0,clean,0.0,4d2e07048cc13bc7d405c5730701db5327de376bf56a3a5e9a632b20f76a19d1,train
img_src_0029,img_src_0029_stego_lsb_matching_0.20.png,data/generated/images/img_src_0029_stego_lsb_matching_0.20.png,image,1,lsb_matching,0.2,e2ca29e96693e9a0eecf54b6cc79fc3a3f4fc7e1d2893b214b40364b73d3a6ea,train
img_src_0029,img_src_0029_stego_edge_adaptive_0.30.png,data/generated/images/img_src_0029_stego_edge_adaptive_0.30.png,image,1,edge_adaptive,0.3,752db15e782da0f1a943b916c29be2985d9ac0bf49087dd7d89f38ad0a0f9b97,train
img_src_0030,img_src_0030_clean_01.png,data/generated/images/img_src_0030_clean_01.png,image,0,clean,0.0,73612b13183ce762999346649224891b7e68bc9796d5f79a8dcbede893e4b411,train
img_src_0030,img_src_0030_clean_02.png,data/generated/images/img_src_0030_clean_02.png,image,0,clean,0.0,73612b13183ce762999346649224891b7e68bc9796d5f79a8dcbede893e4b411,train
img_src_0030,img_src_0030_stego_edge_adaptive_0.30.png,data/generated/images/img_src_0030_stego_edge_adaptive_0.30.png,image,1,edge_adaptive,0.3,2e7ebaa313146db2674590e7ffa954338f4e697b7054dd7c4a82262cbed23cf5,train
img_src_0030,img_src_0030_stego_dct_ac_0.50.png,data/generated/images/img_src_0030_stego_dct_ac_0.50.png,image,1,dct_ac,0.5,1461780c5c64370c1f1bfcb250928c397a49b8a7630e9dc6292cc8cb59edd4c4,train
img_src_0031,img_src_0031_clean_01.png,data/generated/images/img_src_0031_clean_01.png,image,0,clean,0.0,97795bd56168a4c637b1cbd3f157b4225d3bdbe97c169be78df11d669ed08ec7,train
img_src_0031,img_src_0031_clean_02.png,data/generated/images/img_src_0031_clean_02.png,image,0,clean,0.0,97795bd56168a4c637b1cbd3f157b4225d3bdbe97c169be78df11d669ed08ec7,train
img_src_0031,img_src_0031_stego_dct_ac_0.50.png,data/generated/images/img_src_0031_stego_dct_ac_0.50.png,image,1,dct_ac,0.5,60105d7afa41856320ee16934b2663cb7461c51e2ee1b3ae6bb6e5df8f558f48,train
img_src_0031,img_src_0031_stego_lsb_replacement_0.10.png,data/generated/images/img_src_0031_stego_lsb_replacement_0.10.png,image,1,lsb_replacement,0.1,b6bd6c9e9a0b67932977cd0b11fcbf8946fd76f0b10db7be8d4f70301ca649d7,train
img_src_0032,img_src_0032_clean_01.png,data/generated/images/img_src_0032_clean_01.png,image,0,clean,0.0,e01467576170edcc19750939094cb2253038e21e292ab5ed9b7a65165ae9e846,val
img_src_0032,img_src_0032_clean_02.png,data/generated/images/img_src_0032_clean_02.png,image,0,clean,0.0,e01467576170edcc19750939094cb2253038e21e292ab5ed9b7a65165ae9e846,val
img_src_0032,img_src_0032_stego_lsb_replacement_0.10.png,data/generated/images/img_src_0032_stego_lsb_replacement_0.10.png,image,1,lsb_replacement,0.1,52a659a6475379738f7175027a31885a5c5aa75c45db9650aa07f7e0c85041ac,val
img_src_0032,img_src_0032_stego_lsb_matching_0.20.png,data/generated/images/img_src_0032_stego_lsb_matching_0.20.png,image,1,lsb_matching,0.2,587cc13758129b0bb53addad57c555cbb1c43353f50bc41ab8fd12f648baca85,val
img_src_0033,img_src_0033_clean_01.png,data/generated/images/img_src_0033_clean_01.png,image,0,clean,0.0,c74d6a4f3b016c6ea3ca1969545c0c07ddd8979903d3773b3f5168c731547ad8,train
img_src_0033,img_src_0033_clean_02.png,data/generated/images/img_src_0033_clean_02.png,image,0,clean,0.0,c74d6a4f3b016c6ea3ca1969545c0c07ddd8979903d3773b3f5168c731547ad8,train
img_src_0033,img_src_0033_stego_lsb_matching_0.20.png,data/generated/images/img_src_0033_stego_lsb_matching_0.20.png,image,1,lsb_matching,0.2,7b45cd1d646baceb8eee1e6e67e1c0eecd5a54847321a56064deeaae22219e1d,train
img_src_0033,img_src_0033_stego_edge_adaptive_0.30.png,data/generated/images/img_src_0033_stego_edge_adaptive_0.30.png,image,1,edge_adaptive,0.3,bcad9949a07232d282780ca5060a0c12fe65d3c2d31f0faf5de58f6943a874f9,train
img_src_0034,img_src_0034_clean_01.png,data/generated/images/img_src_0034_clean_01.png,image,0,clean,0.0,4f078a4fec1acdf2290ef132a9789c2630a4a5d8c771adb26f58639866f35e8b,test
img_src_0034,img_src_0034_clean_02.png,data/generated/images/img_src_0034_clean_02.png,image,0,clean,0.0,4f078a4fec1acdf2290ef132a9789c2630a4a5d8c771adb26f58639866f35e8b,test
img_src_0034,img_src_0034_stego_edge_adaptive_0.30.png,data/generated/images/img_src_0034_stego_edge_adaptive_0.30.png,image,1,edge_adaptive,0.3,b2332c5352360b824e482ef6bd06463aadc6890ae264d6eb7f276eb223ef9100,test
img_src_0034,img_src_0034_stego_dct_ac_0.50.png,data/generated/images/img_src_0034_stego_dct_ac_0.50.png,image,1,dct_ac,0.5,e4ff55393c49e13d879cecbecc12c37743a25e007efef77b3fafd7e21aec0fa4,test
img_src_0035,img_src_0035_clean_01.png,data/generated/images/img_src_0035_clean_01.png,image,0,clean,0.0,135c15577b7aa7d5722eac1eac34ee783e9e47924631e16f49a4c3b17cfd7f24,train
img_src_0035,img_src_0035_clean_02.png,data/generated/images/img_src_0035_clean_02.png,image,0,clean,0.0,135c15577b7aa7d5722eac1eac34ee783e9e47924631e16f49a4c3b17cfd7f24,train
img_src_0035,img_src_0035_stego_dct_ac_0.50.png,data/generated/images/img_src_0035_stego_dct_ac_0.50.png,image,1,dct_ac,0.5,c0b25febaaf0ed1b36027ca8d3f76ed2b443e16ff4bf5fd1029bd82c972f6f99,train
img_src_0035,img_src_0035_stego_lsb_replacement_0.10.png,data/generated/images/img_src_0035_stego_lsb_replacement_0.10.png,image,1,lsb_replacement,0.1,ec6061493a381abbb62951a1322a4ecb1778a4e0d41b3c24409b0946438d1f30,train
img_src_0036,img_src_0036_clean_01.png,data/generated/images/img_src_0036_clean_01.png,image,0,clean,0.0,89aa7cdea727571fa15e30308c19ebf0b9297a5777cc77a8317a9523b6d220af,val
img_src_0036,img_src_0036_clean_02.png,data/generated/images/img_src_0036_clean_02.png,image,0,clean,0.0,89aa7cdea727571fa15e30308c19ebf0b9297a5777cc77a8317a9523b6d220af,val
img_src_0036,img_src_0036_stego_lsb_replacement_0.10.png,data/generated/images/img_src_0036_stego_lsb_replacement_0.10.png,image,1,lsb_replacement,0.1,11b527cd7f2d7312df81e791c8bad5edf22c98d0ce5e3ca245f2493b105bfa02,val
img_src_0036,img_src_0036_stego_lsb_matching_0.20.png,data/generated/images/img_src_0036_stego_lsb_matching_0.20.png,image,1,lsb_matching,0.2,4a902e2704aa1bc23e9928dac2bda10098550f72f450e5e7c8bc1e8cdf21badf,val
img_src_0037,img_src_0037_clean_01.png,data/generated/images/img_src_0037_clean_01.png,image,0,clean,0.0,e5c39a75e859ba2a054d7a564decb64a83d3938d4f955651172c29013368a9f8,val
img_src_0037,img_src_0037_clean_02.png,data/generated/images/img_src_0037_clean_02.png,image,0,clean,0.0,e5c39a75e859ba2a054d7a564decb64a83d3938d4f955651172c29013368a9f8,val
img_src_0037,img_src_0037_stego_lsb_matching_0.20.png,data/generated/images/img_src_0037_stego_lsb_matching_0.20.png,image,1,lsb_matching,0.2,80597195ef30779dab3b4199e47df69e4a03c4b4edbfcf09c187789ac8b29188,val
img_src_0037,img_src_0037_stego_edge_adaptive_0.30.png,data/generated/images/img_src_0037_stego_edge_adaptive_0.30.png,image,1,edge_adaptive,0.3,573cdd82a42dbeed6fed271e3e937924854c964ca9f43565405859385c92343a,val
img_src_0038,img_src_0038_clean_01.png,data/generated/images/img_src_0038_clean_01.png,image,0,clean,0.0,08043a1ab21f2e2bf040568bd789c3640ed24a86db23d10b2b10c2ad6c06ff1a,train
img_src_0038,img_src_0038_clean_02.png,data/generated/images/img_src_0038_clean_02.png,image,0,clean,0.0,08043a1ab21f2e2bf040568bd789c3640ed24a86db23d10b2b10c2ad6c06ff1a,train
img_src_0038,img_src_0038_stego_edge_adaptive_0.30.png,data/generated/images/img_src_0038_stego_edge_adaptive_0.30.png,image,1,edge_adaptive,0.3,dcd4fdf69f38a45579b2697440e8348092c2234e52e411c37a28cfe87ae1ec5b,train
img_src_0038,img_src_0038_stego_dct_ac_0.50.png,data/generated/images/img_src_0038_stego_dct_ac_0.50.png,image,1,dct_ac,0.5,60478a8cadf2bd72c96233f87d2795dea32e565441f490af8f8b34f4bdfed500,train
img_src_0039,img_src_0039_clean_01.png,data/generated/images/img_src_0039_clean_01.png,image,0,clean,0.0,a98fd15848eab9ec2e2bce716d41e613d2f690fd0134aa53f49f9ebccef72f8d,train
img_src_0039,img_src_0039_clean_02.png,data/generated/images/img_src_0039_clean_02.png,image,0,clean,0.0,a98fd15848eab9ec2e2bce716d41e613d2f690fd0134aa53f49f9ebccef72f8d,train
img_src_0039,img_src_0039_stego_dct_ac_0.50.png,data/generated/images/img_src_0039_stego_dct_ac_0.50.png,image,1,dct_ac,0.5,46914fc4809b251f83e98da3790a1295b6711ede1cea7103c31fd7e042c93578,train
img_src_0039,img_src_0039_stego_lsb_replacement_0.10.png,data/generated/images/img_src_0039_stego_lsb_replacement_0.10.png,image,1,lsb_replacement,0.1,69a66a2106cebfbe89f105c8926cc9d7d4612995c7bbc0f94917624e34492a21,train
img_src_0040,img_src_0040_clean_01.png,data/generated/images/img_src_0040_clean_01.png,image,0,clean,0.0,670434da9e5a5cfaf81a53bf937f37b6691bd6374c73783ed15436e2381a9b3c,test
img_src_0040,img_src_0040_clean_02.png,data/generated/images/img_src_0040_clean_02.png,image,0,clean,0.0,670434da9e5a5cfaf81a53bf937f37b6691bd6374c73783ed15436e2381a9b3c,test
img_src_0040,img_src_0040_stego_lsb_replacement_0.10.png,data/generated/images/img_src_0040_stego_lsb_replacement_0.10.png,image,1,lsb_replacement,0.1,d1790e9a0fdc4993136b313a88dff90db56ffc7b0a7f1e13fd9540dede1dabda,test
img_src_0040,img_src_0040_stego_lsb_matching_0.20.png,data/generated/images/img_src_0040_stego_lsb_matching_0.20.png,image,1,lsb_matching,0.2,b36a89979f02d5c8fae47ed4ff84fc212fed3b7426053fcfc9d7c82c5f2df4fe,test
img_src_0041,img_src_0041_clean_01.png,data/generated/images/img_src_0041_clean_01.png,image,0,clean,0.0,34259071130e40883b842095fa751f54fdf2b2b6cc743e82cd1506ed6ee0f477,train
img_src_0041,img_src_0041_clean_02.png,data/generated/images/img_src_0041_clean_02.png,image,0,clean,0.0,34259071130e40883b842095fa751f54fdf2b2b6cc743e82cd1506ed6ee0f477,train
img_src_0041,img_src_0041_stego_lsb_matching_0.20.png,data/generated/images/img_src_0041_stego_lsb_matching_0.20.png,image,1,lsb_matching,0.2,41176b1c944429a426e6578ffeaa4777ee7f5c7bfa8018b066fe552f5135167e,train
img_src_0041,img_src_0041_stego_edge_adaptive_0.30.png,data/generated/images/img_src_0041_stego_edge_adaptive_0.30.png,image,1,edge_adaptive,0.3,be18b4ec163010b0f6cd05be1a2e2b08c30737240dd2221a1c24fec3451812d0,train
img_src_0042,img_src_0042_clean_01.png,data/generated/images/img_src_0042_clean_01.png,image,0,clean,0.0,047cb35b9b65f6c62b71cdde2d460462239df9530b525d04b16a45e1afd0f969,train
img_src_0042,img_src_0042_clean_02.png,data/generated/images/img_src_0042_clean_02.png,image,0,clean,0.0,047cb35b9b65f6c62b71cdde2d460462239df9530b525d04b16a45e1afd0f969,train
img_src_0042,img_src_0042_stego_edge_adaptive_0.30.png,data/generated/images/img_src_0042_stego_edge_adaptive_0.30.png,image,1,edge_adaptive,0.3,e4ee82c4c64621707add71292f9edcf0a42e5a79722c254b6978af3ddc00146e,train
img_src_0042,img_src_0042_stego_dct_ac_0.50.png,data/generated/images/img_src_0042_stego_dct_ac_0.50.png,image,1,dct_ac,0.5,98f80637b107b2ed0fa30035b89f87a5bbcafcd1fb8def6bb0f9f5dfd6985b10,train
img_src_0043,img_src_0043_clean_01.png,data/generated/images/img_src_0043_clean_01.png,image,0,clean,0.0,7f14f4722055d884119f5fd7b200c70fefbb9f85da15163e5f8dfbbf691f581a,train
img_src_0043,img_src_0043_clean_02.png,data/generated/images/img_src_0043_clean_02.png,image,0,clean,0.0,7f14f4722055d884119f5fd7b200c70fefbb9f85da15163e5f8dfbbf691f581a,train
img_src_0043,img_src_0043_stego_dct_ac_0.50.png,data/generated/images/img_src_0043_stego_dct_ac_0.50.png,image,1,dct_ac,0.5,d34dd7e90bdf405f3d893d33a047a48b7fc4102481d5a41d10ffbe51b1924fea,train
img_src_0043,img_src_0043_stego_lsb_replacement_0.10.png,data/generated/images/img_src_0043_stego_lsb_replacement_0.10.png,image,1,lsb_replacement,0.1,7a1e7da98145cdeac8f7aa7dc0f85675f0a61771e3b0ea300d11735b3679fc5f,train
img_src_0044,img_src_0044_clean_01.png,data/generated/images/img_src_0044_clean_01.png,image,0,clean,0.0,436d9588c31e846147f5c0295cbf4f29dbfbb76ac89b770b0c7a11f9bd4e2e18,train
img_src_0044,img_src_0044_clean_02.png,data/generated/images/img_src_0044_clean_02.png,image,0,clean,0.0,436d9588c31e846147f5c0295cbf4f29dbfbb76ac89b770b0c7a11f9bd4e2e18,train
img_src_0044,img_src_0044_stego_lsb_replacement_0.10.png,data/generated/images/img_src_0044_stego_lsb_replacement_0.10.png,image,1,lsb_replacement,0.1,021702854e7569e8e41b50ff0c575553218d902105b7e964ab0838830ef86098,train
img_src_0044,img_src_0044_stego_lsb_matching_0.20.png,data/generated/images/img_src_0044_stego_lsb_matching_0.20.png,image,1,lsb_matching,0.2,857926a8387ad9eb630bf9cae1f09dabf8bfae88e84d5e72859d9317b48c39f1,train
img_src_0045,img_src_0045_clean_01.png,data/generated/images/img_src_0045_clean_01.png,image,0,clean,0.0,8c0b3b70fea6b9b44ab3e0e064417423e003786888b11090b147b6702f5366a9,val
img_src_0045,img_src_0045_clean_02.png,data/generated/images/img_src_0045_clean_02.png,image,0,clean,0.0,8c0b3b70fea6b9b44ab3e0e064417423e003786888b11090b147b6702f5366a9,val
img_src_0045,img_src_0045_stego_lsb_matching_0.20.png,data/generated/images/img_src_0045_stego_lsb_matching_0.20.png,image,1,lsb_matching,0.2,831f677606062ca5a2ca3bf944bbd5cab5f62cbee3ae7b0cf415c961943f1302,val
img_src_0045,img_src_0045_stego_edge_adaptive_0.30.png,data/generated/images/img_src_0045_stego_edge_adaptive_0.30.png,image,1,edge_adaptive,0.3,3469114810af0510e71c6304adef3e30346dedf5f2744e6c9a87e503c434301f,val
img_src_0046,img_src_0046_clean_01.png,data/generated/images/img_src_0046_clean_01.png,image,0,clean,0.0,73ebf4fa97c05758f31072f0a2b7161128d684bd52c8032621e8d9a5480219d1,train
img_src_0046,img_src_0046_clean_02.png,data/generated/images/img_src_0046_clean_02.png,image,0,clean,0.0,73ebf4fa97c05758f31072f0a2b7161128d684bd52c8032621e8d9a5480219d1,train
img_src_0046,img_src_0046_stego_edge_adaptive_0.30.png,data/generated/images/img_src_0046_stego_edge_adaptive_0.30.png,image,1,edge_adaptive,0.3,32e5a9fb8a0c8aabfff26de8d173f993766b206f89c69d07d94ed9f9265034d8,train
img_src_0046,img_src_0046_stego_dct_ac_0.50.png,data/generated/images/img_src_0046_stego_dct_ac_0.50.png,image,1,dct_ac,0.5,502414c43e41a8f049b60c981534edebf5773c42bea93e33a08d9814f88748d4,train
img_src_0047,img_src_0047_clean_01.png,data/generated/images/img_src_0047_clean_01.png,image,0,clean,0.0,0e6d79c1e95fe15f00e181ee9e8abe32e3df8959d9cec4b6f72eff37bc21b448,train
img_src_0047,img_src_0047_clean_02.png,data/generated/images/img_src_0047_clean_02.png,image,0,clean,0.0,0e6d79c1e95fe15f00e181ee9e8abe32e3df8959d9cec4b6f72eff37bc21b448,train
img_src_0047,img_src_0047_stego_dct_ac_0.50.png,data/generated/images/img_src_0047_stego_dct_ac_0.50.png,image,1,dct_ac,0.5,1daa85a52b7cf3636e83df9779008dac5485dea1c5034081862bdf5627c45717,train
img_src_0047,img_src_0047_stego_lsb_replacement_0.10.png,data/generated/images/img_src_0047_stego_lsb_replacement_0.10.png,image,1,lsb_replacement,0.1,c5d37a46791951b6ba6453a7e666716e73785161d202f2967fb96fbfb7a94602,train
img_src_0048,img_src_0048_clean_01.png,data/generated/images/img_src_0048_clean_01.png,image,0,clean,0.0,ef3731831437d66d8a7e7377ea5686c20bb5c36738dbfdb4027ab1228a207a52,val
img_src_0048,img_src_0048_clean_02.png,data/generated/images/img_src_0048_clean_02.png,image,0,clean,0.0,ef3731831437d66d8a7e7377ea5686c20bb5c36738dbfdb4027ab1228a207a52,val
img_src_0048,img_src_0048_stego_lsb_replacement_0.10.png,data/generated/images/img_src_0048_stego_lsb_replacement_0.10.png,image,1,lsb_replacement,0.1,ac261d32eaa3a13b671c4ba789ff02bc6754de35ee4788720d0cde46b21359b7,val
img_src_0048,img_src_0048_stego_lsb_matching_0.20.png,data/generated/images/img_src_0048_stego_lsb_matching_0.20.png,image,1,lsb_matching,0.2,53370a1c1c42d03202ba83cb159b53d03199941d9063d76dce54366d3209203c,val
img_src_0049,img_src_0049_clean_01.png,data/generated/images/img_src_0049_clean_01.png,image,0,clean,0.0,507300b94d6f4f8e8434d3692e6359b4b39b6dd8964374f0feb73a4705a6071d,train
img_src_0049,img_src_0049_clean_02.png,data/generated/images/img_src_0049_clean_02.png,image,0,clean,0.0,507300b94d6f4f8e8434d3692e6359b4b39b6dd8964374f0feb73a4705a6071d,train
img_src_0049,img_src_0049_stego_lsb_matching_0.20.png,data/generated/images/img_src_0049_stego_lsb_matching_0.20.png,image,1,lsb_matching,0.2,7db615fea01bb16a4e8522a9f86a8d4f78e64822e3045444ba70a31f91b878d2,train
img_src_0049,img_src_0049_stego_edge_adaptive_0.30.png,data/generated/images/img_src_0049_stego_edge_adaptive_0.30.png,image,1,edge_adaptive,0.3,73825e848f33537cfb328bd3978859bdb726794fab83a762d5f58fb600ce1a62,train
img_src_0050,img_src_0050_clean_01.png,data/generated/images/img_src_0050_clean_01.png,image,0,clean,0.0,a88ddbee7951554a0e7d98fa3abd6541c54193b097853b111f28099e134ee4e6,train
img_src_0050,img_src_0050_clean_02.png,data/generated/images/img_src_0050_clean_02.png,image,0,clean,0.0,a88ddbee7951554a0e7d98fa3abd6541c54193b097853b111f28099e134ee4e6,train
img_src_0050,img_src_0050_stego_edge_adaptive_0.30.png,data/generated/images/img_src_0050_stego_edge_adaptive_0.30.png,image,1,edge_adaptive,0.3,b81fde4e514d9a9bd26bebe97acb692032477d0d53ca169e7e97e058d6af95c0,train
img_src_0050,img_src_0050_stego_dct_ac_0.50.png,data/generated/images/img_src_0050_stego_dct_ac_0.50.png,image,1,dct_ac,0.5,f0bf6257446014bb738ff4f0bc07a04e9a1e0a7e1385bac3025273f9b3895276,train
img_src_0051,img_src_0051_clean_01.png,data/generated/images/img_src_0051_clean_01.png,image,0,clean,0.0,af1365b4480a30b05f71dc9eef5f1f21f3ddcbb2b2153c9fbd20d48dca5104b9,train
img_src_0051,img_src_0051_clean_02.png,data/generated/images/img_src_0051_clean_02.png,image,0,clean,0.0,af1365b4480a30b05f71dc9eef5f1f21f3ddcbb2b2153c9fbd20d48dca5104b9,train
img_src_0051,img_src_0051_stego_dct_ac_0.50.png,data/generated/images/img_src_0051_stego_dct_ac_0.50.png,image,1,dct_ac,0.5,c873c5868d1d2ab39fabeb01a3d86539838b0fd1c146f92f63c5979501499a12,train
img_src_0051,img_src_0051_stego_lsb_replacement_0.10.png,data/generated/images/img_src_0051_stego_lsb_replacement_0.10.png,image,1,lsb_replacement,0.1,0097a194ab3692700ba305f1fec6723338373c188f65bfbf84fde6984cc8e350,train
img_src_0052,img_src_0052_clean_01.png,data/generated/images/img_src_0052_clean_01.png,image,0,clean,0.0,1d4b4e8ee5ccf512c3fc6df2bc6fb244667cd704e57a090a29017c62395218c3,test
img_src_0052,img_src_0052_clean_02.png,data/generated/images/img_src_0052_clean_02.png,image,0,clean,0.0,1d4b4e8ee5ccf512c3fc6df2bc6fb244667cd704e57a090a29017c62395218c3,test
img_src_0052,img_src_0052_stego_lsb_replacement_0.10.png,data/generated/images/img_src_0052_stego_lsb_replacement_0.10.png,image,1,lsb_replacement,0.1,41fafe4326e864211d1fae1b1c2f3edd941db7a4a51c7e40db5571fdb581f3f9,test
img_src_0052,img_src_0052_stego_lsb_matching_0.20.png,data/generated/images/img_src_0052_stego_lsb_matching_0.20.png,image,1,lsb_matching,0.2,91e9a931c65e72764aac88572b41c121ff7b67b00906b508e7163b563038a3b9,test
img_src_0053,img_src_0053_clean_01.png,data/generated/images/img_src_0053_clean_01.png,image,0,clean,0.0,b194c927d78838ecb999bb3df39d9f6e13b83a7698d4c562e9342784ebfafda6,val
img_src_0053,img_src_0053_clean_02.png,data/generated/images/img_src_0053_clean_02.png,image,0,clean,0.0,b194c927d78838ecb999bb3df39d9f6e13b83a7698d4c562e9342784ebfafda6,val
img_src_0053,img_src_0053_stego_lsb_matching_0.20.png,data/generated/images/img_src_0053_stego_lsb_matching_0.20.png,image,1,lsb_matching,0.2,762e03a94ce912b080bdf5b530265ba5ed3a34b3734a434c8022531dd4b94bf3,val
img_src_0053,img_src_0053_stego_edge_adaptive_0.30.png,data/generated/images/img_src_0053_stego_edge_adaptive_0.30.png,image,1,edge_adaptive,0.3,614d62bce8e2e8ebeba75ca863f864cfe3a51e5b9324d261bfa689251bd0d375,val
img_src_0054,img_src_0054_clean_01.png,data/generated/images/img_src_0054_clean_01.png,image,0,clean,0.0,2520a00d67ca5422ae5153a5779ca6a223e3ee78afab963a5b0ef16c2950a202,train
img_src_0054,img_src_0054_clean_02.png,data/generated/images/img_src_0054_clean_02.png,image,0,clean,0.0,2520a00d67ca5422ae5153a5779ca6a223e3ee78afab963a5b0ef16c2950a202,train
img_src_0054,img_src_0054_stego_edge_adaptive_0.30.png,data/generated/images/img_src_0054_stego_edge_adaptive_0.30.png,image,1,edge_adaptive,0.3,37f2a9c318dc4e50c2394545b379c5089c305749ff5da90115725d365b5c896e,train
img_src_0054,img_src_0054_stego_dct_ac_0.50.png,data/generated/images/img_src_0054_stego_dct_ac_0.50.png,image,1,dct_ac,0.5,3c8a170fa2a1349987c63f644113c8777fc8980fe4ed5c19f41ef858be0d0066,train
img_src_0055,img_src_0055_clean_01.png,data/generated/images/img_src_0055_clean_01.png,image,0,clean,0.0,b8b95052f922c9bce2d3018ad30facd2f547ac2e8ecd7549a769a5d17ffbc0f3,train
img_src_0055,img_src_0055_clean_02.png,data/generated/images/img_src_0055_clean_02.png,image,0,clean,0.0,b8b95052f922c9bce2d3018ad30facd2f547ac2e8ecd7549a769a5d17ffbc0f3,train
img_src_0055,img_src_0055_stego_dct_ac_0.50.png,data/generated/images/img_src_0055_stego_dct_ac_0.50.png,image,1,dct_ac,0.5,7511e8b8d0eb0a36c04c6c3bf8abdab280f0fe37e3ed77d5502272968b26e4ed,train
img_src_0055,img_src_0055_stego_lsb_replacement_0.10.png,data/generated/images/img_src_0055_stego_lsb_replacement_0.10.png,image,1,lsb_replacement,0.1,faf5936d1ae8198f6cc3d7d3a21a3afaf3b2cc06080a76862944d0e40824d1c5,train
img_src_0056,img_src_0056_clean_01.png,data/generated/images/img_src_0056_clean_01.png,image,0,clean,0.0,fa8eb9a2a49f29116ba4c9585bece5b45d3526f58bd0af214d924ae04439ada7,train
img_src_0056,img_src_0056_clean_02.png,data/generated/images/img_src_0056_clean_02.png,image,0,clean,0.0,fa8eb9a2a49f29116ba4c9585bece5b45d3526f58bd0af214d924ae04439ada7,train
img_src_0056,img_src_0056_stego_lsb_replacement_0.10.png,data/generated/images/img_src_0056_stego_lsb_replacement_0.10.png,image,1,lsb_replacement,0.1,0e47d3e41c5439ce9cd324691ad7a2134d48961d55255933842d6c61729992db,train
img_src_0056,img_src_0056_stego_lsb_matching_0.20.png,data/generated/images/img_src_0056_stego_lsb_matching_0.20.png,image,1,lsb_matching,0.2,88c924628585518aba6a78e69a1dd213c9b1cfd767ab88e61b407301926bc910,train
img_src_0057,img_src_0057_clean_01.png,data/generated/images/img_src_0057_clean_01.png,image,0,clean,0.0,4b9aaae23351d9080885794599328b51241d78589f36dc71c63289fe1be03d53,train
img_src_0057,img_src_0057_clean_02.png,data/generated/images/img_src_0057_clean_02.png,image,0,clean,0.0,4b9aaae23351d9080885794599328b51241d78589f36dc71c63289fe1be03d53,train
img_src_0057,img_src_0057_stego_lsb_matching_0.20.png,data/generated/images/img_src_0057_stego_lsb_matching_0.20.png,image,1,lsb_matching,0.2,aa0bf70d26adcd70c6ae772184af27906eef59fd51c8cf63a8cc7a72b20e3f2f,train
img_src_0057,img_src_0057_stego_edge_adaptive_0.30.png,data/generated/images/img_src_0057_stego_edge_adaptive_0.30.png,image,1,edge_adaptive,0.3,721525b02218ee9440cf6a072f9c8ac563bce65383f3ab8d4fb217fe7c0c6dbd,train
img_src_0058,img_src_0058_clean_01.png,data/generated/images/img_src_0058_clean_01.png,image,0,clean,0.0,655eeb5ca30556828e287f6dd112562a46a397da3775e90a66d8aeb5e8a3ddac,train
img_src_0058,img_src_0058_clean_02.png,data/generated/images/img_src_0058_clean_02.png,image,0,clean,0.0,655eeb5ca30556828e287f6dd112562a46a397da3775e90a66d8aeb5e8a3ddac,train
img_src_0058,img_src_0058_stego_edge_adaptive_0.30.png,data/generated/images/img_src_0058_stego_edge_adaptive_0.30.png,image,1,edge_adaptive,0.3,17577e5d03f3038c94ab063b8a0dc0c5ff90d0689e1213dda79ffb4700786b9d,train
img_src_0058,img_src_0058_stego_dct_ac_0.50.png,data/generated/images/img_src_0058_stego_dct_ac_0.50.png,image,1,dct_ac,0.5,047baebb39216ef1e7e4ef3e597eacb75199c08c6c244360b1575f1370b524c6,train
img_src_0059,img_src_0059_clean_01.png,data/generated/images/img_src_0059_clean_01.png,image,0,clean,0.0,5c72192a3d5b5e6f287d0392c1cbea5541cfc0df3f291671d242b11cf306caf5,train
img_src_0059,img_src_0059_clean_02.png,data/generated/images/img_src_0059_clean_02.png,image,0,clean,0.0,5c72192a3d5b5e6f287d0392c1cbea5541cfc0df3f291671d242b11cf306caf5,train
img_src_0059,img_src_0059_stego_dct_ac_0.50.png,data/generated/images/img_src_0059_stego_dct_ac_0.50.png,image,1,dct_ac,0.5,2787cc65ecb83f359e20f081c427f71249016089a36927243528771a3da80ab9,train
img_src_0059,img_src_0059_stego_lsb_replacement_0.10.png,data/generated/images/img_src_0059_stego_lsb_replacement_0.10.png,image,1,lsb_replacement,0.1,51fa78f4b88152b8692f0a47755a3ca5c4cd33bd4bd035c1a72b8873bdbeb659,train
img_src_0060,img_src_0060_clean_01.png,data/generated/images/img_src_0060_clean_01.png,image,0,clean,0.0,17781321a638f26e90f7194bbc06799c92bb1ee0cce4113d38818337255c72ba,train
img_src_0060,img_src_0060_clean_02.png,data/generated/images/img_src_0060_clean_02.png,image,0,clean,0.0,17781321a638f26e90f7194bbc06799c92bb1ee0cce4113d38818337255c72ba,train
img_src_0060,img_src_0060_stego_lsb_replacement_0.10.png,data/generated/images/img_src_0060_stego_lsb_replacement_0.10.png,image,1,lsb_replacement,0.1,e1809cb911e644bc955e74f88466f86f33525606fb014e70856ec1a42fb6758b,train
img_src_0060,img_src_0060_stego_lsb_matching_0.20.png,data/generated/images/img_src_0060_stego_lsb_matching_0.20.png,image,1,lsb_matching,0.2,2641088e7223bb7bfae91ecd424d5abe33c76e1c4acfcc4b4bfc9c410601f1d7,train
img_src_0061,img_src_0061_clean_01.png,data/generated/images/img_src_0061_clean_01.png,image,0,clean,0.0,6a8c0104e30eea4f5bac3c132fa3585192959d7fb4cae29d59e67ea65a428c97,train
img_src_0061,img_src_0061_clean_02.png,data/generated/images/img_src_0061_clean_02.png,image,0,clean,0.0,6a8c0104e30eea4f5bac3c132fa3585192959d7fb4cae29d59e67ea65a428c97,train
img_src_0061,img_src_0061_stego_lsb_matching_0.20.png,data/generated/images/img_src_0061_stego_lsb_matching_0.20.png,image,1,lsb_matching,0.2,4ff2ebc52f9b121f14311fac6bf40e36772560013dece0459404cfc24c382f6d,train
img_src_0061,img_src_0061_stego_edge_adaptive_0.30.png,data/generated/images/img_src_0061_stego_edge_adaptive_0.30.png,image,1,edge_adaptive,0.3,361c096b55eedafd8fbde0e076cde3b2a0966d21b279c2ef740c7fdd03e4dd8c,train
img_src_0062,img_src_0062_clean_01.png,data/generated/images/img_src_0062_clean_01.png,image,0,clean,0.0,9e13fc1bc96a5fa8ef929fb73ea1356bd7f7ce5f09b5068b2f0226664187fb51,train
img_src_0062,img_src_0062_clean_02.png,data/generated/images/img_src_0062_clean_02.png,image,0,clean,0.0,9e13fc1bc96a5fa8ef929fb73ea1356bd7f7ce5f09b5068b2f0226664187fb51,train
img_src_0062,img_src_0062_stego_edge_adaptive_0.30.png,data/generated/images/img_src_0062_stego_edge_adaptive_0.30.png,image,1,edge_adaptive,0.3,1f5e2ad64e258b7ba42950d267fa8fd499c722003c79d87adeedd9908d92f056,train
img_src_0062,img_src_0062_stego_dct_ac_0.50.png,data/generated/images/img_src_0062_stego_dct_ac_0.50.png,image,1,dct_ac,0.5,24bddd352ea2cbb3fb06ad85933073e8d123afcd44ed6869ccf42f347570d23a,train
img_src_0063,img_src_0063_clean_01.png,data/generated/images/img_src_0063_clean_01.png,image,0,clean,0.0,a57ca986cd2339bb996a7bf25455f3dcbba3bf77f4dcc78fe1e2bfc21dcabc07,train
img_src_0063,img_src_0063_clean_02.png,data/generated/images/img_src_0063_clean_02.png,image,0,clean,0.0,a57ca986cd2339bb996a7bf25455f3dcbba3bf77f4dcc78fe1e2bfc21dcabc07,train
img_src_0063,img_src_0063_stego_dct_ac_0.50.png,data/generated/images/img_src_0063_stego_dct_ac_0.50.png,image,1,dct_ac,0.5,204121b926e8687640844ea66aebf093cbf1d667a2a5f9430ebe268336ccbb3d,train
img_src_0063,img_src_0063_stego_lsb_replacement_0.10.png,data/generated/images/img_src_0063_stego_lsb_replacement_0.10.png,image,1,lsb_replacement,0.1,488ef1be0d2b4a206034670cd1e5c831c7aa18a3c17dbdc34b53a0397416c6e0,train
img_src_0064,img_src_0064_clean_01.png,data/generated/images/img_src_0064_clean_01.png,image,0,clean,0.0,3ec833a6a2f4ca5e232a112d59dd7b852410cd193716d29db4b0ca28bfb395f3,test
img_src_0064,img_src_0064_clean_02.png,data/generated/images/img_src_0064_clean_02.png,image,0,clean,0.0,3ec833a6a2f4ca5e232a112d59dd7b852410cd193716d29db4b0ca28bfb395f3,test
img_src_0064,img_src_0064_stego_lsb_replacement_0.10.png,data/generated/images/img_src_0064_stego_lsb_replacement_0.10.png,image,1,lsb_replacement,0.1,d54e29fa96b20efde59ad3d6ce3653b301a88d2ad7b40747098cc037809b7dfb,test
img_src_0064,img_src_0064_stego_lsb_matching_0.20.png,data/generated/images/img_src_0064_stego_lsb_matching_0.20.png,image,1,lsb_matching,0.2,f074275c5df95f40214b7dc15eeed35a769b0be64f1b15277e9526bc9d1faabd,test
img_src_0065,img_src_0065_clean_01.png,data/generated/images/img_src_0065_clean_01.png,image,0,clean,0.0,2b418e804c8ce672071ef3e78d507cec847df5854be8eca299c0aeafefba09d8,train
img_src_0065,img_src_0065_clean_02.png,data/generated/images/img_src_0065_clean_02.png,image,0,clean,0.0,2b418e804c8ce672071ef3e78d507cec847df5854be8eca299c0aeafefba09d8,train
img_src_0065,img_src_0065_stego_lsb_matching_0.20.png,data/generated/images/img_src_0065_stego_lsb_matching_0.20.png,image,1,lsb_matching,0.2,6da243494e866731cb227129ba264941ac605368e51c314b7e03b3b44d04d57d,train
img_src_0065,img_src_0065_stego_edge_adaptive_0.30.png,data/generated/images/img_src_0065_stego_edge_adaptive_0.30.png,image,1,edge_adaptive,0.3,7e9bf88faa3c1ce0d2d465952ee2936642566745a2d88fe2da0e1bbe099300a1,train
img_src_0066,img_src_0066_clean_01.png,data/generated/images/img_src_0066_clean_01.png,image,0,clean,0.0,768139e210f1726459e4b827b4279fcb287af742d208e6633d9a35e693ef4ceb,train
img_src_0066,img_src_0066_clean_02.png,data/generated/images/img_src_0066_clean_02.png,image,0,clean,0.0,768139e210f1726459e4b827b4279fcb287af742d208e6633d9a35e693ef4ceb,train
img_src_0066,img_src_0066_stego_edge_adaptive_0.30.png,data/generated/images/img_src_0066_stego_edge_adaptive_0.30.png,image,1,edge_adaptive,0.3,7462a577b4f54f6dc0de7ecd8218fa0a7fc56108a44470bb76de192d17c3714f,train
img_src_0066,img_src_0066_stego_dct_ac_0.50.png,data/generated/images/img_src_0066_stego_dct_ac_0.50.png,image,1,dct_ac,0.5,8111c0796bb30bc004cc149920a9c28fe27108af93777c9989954d34e05cf45e,train
img_src_0067,img_src_0067_clean_01.png,data/generated/images/img_src_0067_clean_01.png,image,0,clean,0.0,59c401dc274de448ff649ec9e091942d2e520dcdf639534f3bff0e6e882550a8,train
img_src_0067,img_src_0067_clean_02.png,data/generated/images/img_src_0067_clean_02.png,image,0,clean,0.0,59c401dc274de448ff649ec9e091942d2e520dcdf639534f3bff0e6e882550a8,train
img_src_0067,img_src_0067_stego_dct_ac_0.50.png,data/generated/images/img_src_0067_stego_dct_ac_0.50.png,image,1,dct_ac,0.5,e2a9cda61e2e3292c49f60932ef3225a19749516158bbcd77da56dd50f5e1ef9,train
img_src_0067,img_src_0067_stego_lsb_replacement_0.10.png,data/generated/images/img_src_0067_stego_lsb_replacement_0.10.png,image,1,lsb_replacement,0.1,a8dde1c92c0baa18b3f3fb47f28d85306c7b51150a5a222b32c6556f02a432f1,train
img_src_0068,img_src_0068_clean_01.png,data/generated/images/img_src_0068_clean_01.png,image,0,clean,0.0,01f7211ba2abc50cbab0f3ed98ff5602c9eef0954a0b57967138f4ca31b5e0ab,train
img_src_0068,img_src_0068_clean_02.png,data/generated/images/img_src_0068_clean_02.png,image,0,clean,0.0,01f7211ba2abc50cbab0f3ed98ff5602c9eef0954a0b57967138f4ca31b5e0ab,train
img_src_0068,img_src_0068_stego_lsb_replacement_0.10.png,data/generated/images/img_src_0068_stego_lsb_replacement_0.10.png,image,1,lsb_replacement,0.1,a740cc51b83abf4d0f11e30f294dbe7a2883663bfd951b83473e4db9223212f2,train
img_src_0068,img_src_0068_stego_lsb_matching_0.20.png,data/generated/images/img_src_0068_stego_lsb_matching_0.20.png,image,1,lsb_matching,0.2,ed1661229d580cb0ff244471e243a5d153b9262608d662f5d605eef29f034557,train
img_src_0069,img_src_0069_clean_01.png,data/generated/images/img_src_0069_clean_01.png,image,0,clean,0.0,b181ef0e98a1990e5ae5159dc131eb147f2e6f9b12443fef0a8b52776181b4fe,train
img_src_0069,img_src_0069_clean_02.png,data/generated/images/img_src_0069_clean_02.png,image,0,clean,0.0,b181ef0e98a1990e5ae5159dc131eb147f2e6f9b12443fef0a8b52776181b4fe,train
img_src_0069,img_src_0069_stego_lsb_matching_0.20.png,data/generated/images/img_src_0069_stego_lsb_matching_0.20.png,image,1,lsb_matching,0.2,610bbcfb27c48210a444b5297d3405df2f6837d24a3605723f9a103af8553751,train
img_src_0069,img_src_0069_stego_edge_adaptive_0.30.png,data/generated/images/img_src_0069_stego_edge_adaptive_0.30.png,image,1,edge_adaptive,0.3,56fe3ab1edcdad401025a1f7c628b443abf0bfab3e666912b7344abad100e3b4,train
img_src_0070,img_src_0070_clean_01.png,data/generated/images/img_src_0070_clean_01.png,image,0,clean,0.0,e23e9e3e4425dfe5fb11f0da73d4edd58a0fc17a06d765301dbce3e9dbb4fb67,train
img_src_0070,img_src_0070_clean_02.png,data/generated/images/img_src_0070_clean_02.png,image,0,clean,0.0,e23e9e3e4425dfe5fb11f0da73d4edd58a0fc17a06d765301dbce3e9dbb4fb67,train
img_src_0070,img_src_0070_stego_edge_adaptive_0.30.png,data/generated/images/img_src_0070_stego_edge_adaptive_0.30.png,image,1,edge_adaptive,0.3,74adf1149103d1da97f80434a0915b88039a2048e311cc9b8f7edc43eea2d5b7,train
img_src_0070,img_src_0070_stego_dct_ac_0.50.png,data/generated/images/img_src_0070_stego_dct_ac_0.50.png,image,1,dct_ac,0.5,d96de53bdd06a6665588520fc614cff5d0a99b3bae57143cc26ff03eddf81770,train
img_src_0071,img_src_0071_clean_01.png,data/generated/images/img_src_0071_clean_01.png,image,0,clean,0.0,46e89321c5b762410304f38ebf227f45c77bd327103462b85d32d817e4f06da0,train
img_src_0071,img_src_0071_clean_02.png,data/generated/images/img_src_0071_clean_02.png,image,0,clean,0.0,46e89321c5b762410304f38ebf227f45c77bd327103462b85d32d817e4f06da0,train
img_src_0071,img_src_0071_stego_dct_ac_0.50.png,data/generated/images/img_src_0071_stego_dct_ac_0.50.png,image,1,dct_ac,0.5,c5efc84248ae0a91e89a08385832fdcc71c69adba2baa86ca1e883209a836e3b,train
img_src_0071,img_src_0071_stego_lsb_replacement_0.10.png,data/generated/images/img_src_0071_stego_lsb_replacement_0.10.png,image,1,lsb_replacement,0.1,2846c7bae5d68d69659d1543831d49b00f181924741c4d431f14cf2fd899563c,train
img_src_0072,img_src_0072_clean_01.png,data/generated/images/img_src_0072_clean_01.png,image,0,clean,0.0,27d67824de108fd52ac84aeaef75a58eef016ca110237b341cd83ad45d102aaa,train
img_src_0072,img_src_0072_clean_02.png,data/generated/images/img_src_0072_clean_02.png,image,0,clean,0.0,27d67824de108fd52ac84aeaef75a58eef016ca110237b341cd83ad45d102aaa,train
img_src_0072,img_src_0072_stego_lsb_replacement_0.10.png,data/generated/images/img_src_0072_stego_lsb_replacement_0.10.png,image,1,lsb_replacement,0.1,e3bcc164c3f4897cd0f32c63e84d82dc89200ba81d29462cf2db4c9a34685d6a,train
img_src_0072,img_src_0072_stego_lsb_matching_0.20.png,data/generated/images/img_src_0072_stego_lsb_matching_0.20.png,image,1,lsb_matching,0.2,d99d9afcbeca21f93acbbcc52066ab95004da7efb76bdae21a8ba495510d8bbf,train
img_src_0073,img_src_0073_clean_01.png,data/generated/images/img_src_0073_clean_01.png,image,0,clean,0.0,af75753b516db61bb8e6e94cf0d281b4d8ddea6a5eb7fcbc875d7956613b55a0,train
img_src_0073,img_src_0073_clean_02.png,data/generated/images/img_src_0073_clean_02.png,image,0,clean,0.0,af75753b516db61bb8e6e94cf0d281b4d8ddea6a5eb7fcbc875d7956613b55a0,train
img_src_0073,img_src_0073_stego_lsb_matching_0.20.png,data/generated/images/img_src_0073_stego_lsb_matching_0.20.png,image,1,lsb_matching,0.2,44ffb25ffb45d142a82c4e970f63ef0e8f89d0080615e58344f3da7bb68cd712,train
img_src_0073,img_src_0073_stego_edge_adaptive_0.30.png,data/generated/images/img_src_0073_stego_edge_adaptive_0.30.png,image,1,edge_adaptive,0.3,07166aafa4fc9990dec40c18dfc86d2b0e44469895fbc20a1a0890ac35af6254,train
img_src_0074,img_src_0074_clean_01.png,data/generated/images/img_src_0074_clean_01.png,image,0,clean,0.0,7a1a97565a088ea46f8ff12e0539a01cc4cbea80ac199172593ff4fc9ee59b6f,train
img_src_0074,img_src_0074_clean_02.png,data/generated/images/img_src_0074_clean_02.png,image,0,clean,0.0,7a1a97565a088ea46f8ff12e0539a01cc4cbea80ac199172593ff4fc9ee59b6f,train
img_src_0074,img_src_0074_stego_edge_adaptive_0.30.png,data/generated/images/img_src_0074_stego_edge_adaptive_0.30.png,image,1,edge_adaptive,0.3,8f5c98e5fbe3d1064b233de94af612d858e4b84f8806ec2fa9d0f31fac9bdf7b,train
img_src_0074,img_src_0074_stego_dct_ac_0.50.png,data/generated/images/img_src_0074_stego_dct_ac_0.50.png,image,1,dct_ac,0.5,fbfc142aa4b5fb3628373d5d95d8b47efcc45cf10c5f9f7b33de388b6dc6946e,train
img_src_0075,img_src_0075_clean_01.png,data/generated/images/img_src_0075_clean_01.png,image,0,clean,0.0,9c41534909268f8536d2216f859d00f60958224ee788c9dc1df08df64c774eec,train
img_src_0075,img_src_0075_clean_02.png,data/generated/images/img_src_0075_clean_02.png,image,0,clean,0.0,9c41534909268f8536d2216f859d00f60958224ee788c9dc1df08df64c774eec,train
img_src_0075,img_src_0075_stego_dct_ac_0.50.png,data/generated/images/img_src_0075_stego_dct_ac_0.50.png,image,1,dct_ac,0.5,5fdb9b80155c58c4ed87de660fd2c8185cd9bf4954e43b429726374d7c999d39,train
img_src_0075,img_src_0075_stego_lsb_replacement_0.10.png,data/generated/images/img_src_0075_stego_lsb_replacement_0.10.png,image,1,lsb_replacement,0.1,97ae8168f179e822142085de4c8814254246836998ec807a7b329c6c02a65fd0,train
img_src_0076,img_src_0076_clean_01.png,data/generated/images/img_src_0076_clean_01.png,image,0,clean,0.0,5622bb6eea55f4657280caa3e60df74f6e405afbf34f6bcaee7e5b8e995411cf,train
img_src_0076,img_src_0076_clean_02.png,data/generated/images/img_src_0076_clean_02.png,image,0,clean,0.0,5622bb6eea55f4657280caa3e60df74f6e405afbf34f6bcaee7e5b8e995411cf,train
img_src_0076,img_src_0076_stego_lsb_replacement_0.10.png,data/generated/images/img_src_0076_stego_lsb_replacement_0.10.png,image,1,lsb_replacement,0.1,3b75f2b09ed6257b2bf1a4a2c67762d8bf2cc18e6c9ebb12783dda427865f5f5,train
img_src_0076,img_src_0076_stego_lsb_matching_0.20.png,data/generated/images/img_src_0076_stego_lsb_matching_0.20.png,image,1,lsb_matching,0.2,357bc00939b17361f1eb38f1e89e21887d9a3d474f5abd88e67ccb78b0153a53,train
img_src_0077,img_src_0077_clean_01.png,data/generated/images/img_src_0077_clean_01.png,image,0,clean,0.0,48fb2b0ed6782023f6dae8bc783dba9092990aa2864e2bd0ab0013bbe38d2226,train
img_src_0077,img_src_0077_clean_02.png,data/generated/images/img_src_0077_clean_02.png,image,0,clean,0.0,48fb2b0ed6782023f6dae8bc783dba9092990aa2864e2bd0ab0013bbe38d2226,train
img_src_0077,img_src_0077_stego_lsb_matching_0.20.png,data/generated/images/img_src_0077_stego_lsb_matching_0.20.png,image,1,lsb_matching,0.2,dfc63deaad379f2f507bd751d8e92cd78c661dfef43bad4441bfec5ea21e65f4,train
img_src_0077,img_src_0077_stego_edge_adaptive_0.30.png,data/generated/images/img_src_0077_stego_edge_adaptive_0.30.png,image,1,edge_adaptive,0.3,59586f9b3ea2262b42a19fea7bea5459ba8d3231d9d7b4cc0abe0d2e80e55d46,train
img_src_0078,img_src_0078_clean_01.png,data/generated/images/img_src_0078_clean_01.png,image,0,clean,0.0,fe33f4d33928bbefa902a3db303e1c4fe6407a93c84225749782da5d32e46056,train
img_src_0078,img_src_0078_clean_02.png,data/generated/images/img_src_0078_clean_02.png,image,0,clean,0.0,fe33f4d33928bbefa902a3db303e1c4fe6407a93c84225749782da5d32e46056,train
img_src_0078,img_src_0078_stego_edge_adaptive_0.30.png,data/generated/images/img_src_0078_stego_edge_adaptive_0.30.png,image,1,edge_adaptive,0.3,64ce4a8527277e8a8ba3380d27aa10274ffc06d59e4992512014af63f98db24b,train
img_src_0078,img_src_0078_stego_dct_ac_0.50.png,data/generated/images/img_src_0078_stego_dct_ac_0.50.png,image,1,dct_ac,0.5,b9075c5076756b7af108ec1b4ca9d575b647ac45e171c96f26a09043d46f90e1,train
img_src_0079,img_src_0079_clean_01.png,data/generated/images/img_src_0079_clean_01.png,image,0,clean,0.0,a421f0d5f3cc56a0c3ba1160e09be7c7b1b5ce1464e8acdf88203b55fbb27313,train
img_src_0079,img_src_0079_clean_02.png,data/generated/images/img_src_0079_clean_02.png,image,0,clean,0.0,a421f0d5f3cc56a0c3ba1160e09be7c7b1b5ce1464e8acdf88203b55fbb27313,train
img_src_0079,img_src_0079_stego_dct_ac_0.50.png,data/generated/images/img_src_0079_stego_dct_ac_0.50.png,image,1,dct_ac,0.5,23a0929b6608400b9492b187bb96d9763044daaa0d8d8d92aaf9529007903c59,train
img_src_0079,img_src_0079_stego_lsb_replacement_0.10.png,data/generated/images/img_src_0079_stego_lsb_replacement_0.10.png,image,1,lsb_replacement,0.1,77550d13b37e19c10055114e148b82ca9091b9d1cd43e20a7305ddceee739080,train
img_src_0080,img_src_0080_clean_01.png,data/generated/images/img_src_0080_clean_01.png,image,0,clean,0.0,8fefb2c25d6be2e1f87a62bd51f5d7a6238edc1005df2094d45db0936e8a9d30,train
img_src_0080,img_src_0080_clean_02.png,data/generated/images/img_src_0080_clean_02.png,image,0,clean,0.0,8fefb2c25d6be2e1f87a62bd51f5d7a6238edc1005df2094d45db0936e8a9d30,train
img_src_0080,img_src_0080_stego_lsb_replacement_0.10.png,data/generated/images/img_src_0080_stego_lsb_replacement_0.10.png,image,1,lsb_replacement,0.1,665f461e8b4b7371ce315d3e527e1b58439f9693d4bbc83ab511c180f85521f4,train
img_src_0080,img_src_0080_stego_lsb_matching_0.20.png,data/generated/images/img_src_0080_stego_lsb_matching_0.20.png,image,1,lsb_matching,0.2,ebab412b7cbd2d71b55994ceb954d40d474ba0e9eadf2638ffe4f6d4b6487f26,train
img_src_0081,img_src_0081_clean_01.png,data/generated/images/img_src_0081_clean_01.png,image,0,clean,0.0,4390d9f43d9cbbcc661da641519f048c7c332dadbc66b513bbdf646c65fc7440,train
img_src_0081,img_src_0081_clean_02.png,data/generated/images/img_src_0081_clean_02.png,image,0,clean,0.0,4390d9f43d9cbbcc661da641519f048c7c332dadbc66b513bbdf646c65fc7440,train
img_src_0081,img_src_0081_stego_lsb_matching_0.20.png,data/generated/images/img_src_0081_stego_lsb_matching_0.20.png,image,1,lsb_matching,0.2,c72be7b0dc914ecd1ca2ba7975ce4ecd52d70ca2d2d9cf0b29e54dc35e7d0cc7,train
img_src_0081,img_src_0081_stego_edge_adaptive_0.30.png,data/generated/images/img_src_0081_stego_edge_adaptive_0.30.png,image,1,edge_adaptive,0.3,3caef74dce86b64244f26bde7739485beaa38090e117cd38164aceed41a868c8,train
img_src_0082,img_src_0082_clean_01.png,data/generated/images/img_src_0082_clean_01.png,image,0,clean,0.0,d407b78c7ea22ccd1308d104512d8b2a1c92da5e8b1d11ca57704d65be71bfe8,train
img_src_0082,img_src_0082_clean_02.png,data/generated/images/img_src_0082_clean_02.png,image,0,clean,0.0,d407b78c7ea22ccd1308d104512d8b2a1c92da5e8b1d11ca57704d65be71bfe8,train
img_src_0082,img_src_0082_stego_edge_adaptive_0.30.png,data/generated/images/img_src_0082_stego_edge_adaptive_0.30.png,image,1,edge_adaptive,0.3,a217c3cde73ea0a0e609714b025dae8fa2231226daad701b8e142a804d3e4e33,train
img_src_0082,img_src_0082_stego_dct_ac_0.50.png,data/generated/images/img_src_0082_stego_dct_ac_0.50.png,image,1,dct_ac,0.5,ab3780fe97f6ab0bcefcb90fa7d33ab60e4e8c7d8d3bda85db94571d05723a2d,train
img_src_0083,img_src_0083_clean_01.png,data/generated/images/img_src_0083_clean_01.png,image,0,clean,0.0,52c97de1d06a41e1139f88ad1b634bddab10111399d6f7d552bbae56a2012200,train
img_src_0083,img_src_0083_clean_02.png,data/generated/images/img_src_0083_clean_02.png,image,0,clean,0.0,52c97de1d06a41e1139f88ad1b634bddab10111399d6f7d552bbae56a2012200,train
img_src_0083,img_src_0083_stego_dct_ac_0.50.png,data/generated/images/img_src_0083_stego_dct_ac_0.50.png,image,1,dct_ac,0.5,49ded4565048c4f614583fab4d891ae2ce3c189fe6d91f16ec19ae7027b6afe8,train
img_src_0083,img_src_0083_stego_lsb_replacement_0.10.png,data/generated/images/img_src_0083_stego_lsb_replacement_0.10.png,image,1,lsb_replacement,0.1,04a4b3c7aad10576ce228e43daf38862124df61d83f53248b93992e2ea71f007,train
img_src_0084,img_src_0084_clean_01.png,data/generated/images/img_src_0084_clean_01.png,image,0,clean,0.0,013fbafa14dccec1cb5d6ba5c00d2a9999afd46f834b18802eb5ad4bdecab011,train
img_src_0084,img_src_0084_clean_02.png,data/generated/images/img_src_0084_clean_02.png,image,0,clean,0.0,013fbafa14dccec1cb5d6ba5c00d2a9999afd46f834b18802eb5ad4bdecab011,train
img_src_0084,img_src_0084_stego_lsb_replacement_0.10.png,data/generated/images/img_src_0084_stego_lsb_replacement_0.10.png,image,1,lsb_replacement,0.1,cab8eb7fc6af724cc6253a20749ebfd81c304bd66d6aedbf4d2abd660ae08258,train
img_src_0084,img_src_0084_stego_lsb_matching_0.20.png,data/generated/images/img_src_0084_stego_lsb_matching_0.20.png,image,1,lsb_matching,0.2,c41be3bc17342f92706123630c205127a82ca4aa5a9dec2603169f2d4adaefbb,train
img_src_0085,img_src_0085_clean_01.png,data/generated/images/img_src_0085_clean_01.png,image,0,clean,0.0,3b6da0f184a6817bdde6c664482a8f728749566e73a8559a12555c8660780974,train
img_src_0085,img_src_0085_clean_02.png,data/generated/images/img_src_0085_clean_02.png,image,0,clean,0.0,3b6da0f184a6817bdde6c664482a8f728749566e73a8559a12555c8660780974,train
img_src_0085,img_src_0085_stego_lsb_matching_0.20.png,data/generated/images/img_src_0085_stego_lsb_matching_0.20.png,image,1,lsb_matching,0.2,3d88b67d22929e3e90283ec0c1be77d6e521c021755972547d02b7fddb7d9a02,train
img_src_0085,img_src_0085_stego_edge_adaptive_0.30.png,data/generated/images/img_src_0085_stego_edge_adaptive_0.30.png,image,1,edge_adaptive,0.3,1b22294bc37b0af03e635b0d45c10e4118700600f4443cee0135a6a750d526cd,train
img_src_0086,img_src_0086_clean_01.png,data/generated/images/img_src_0086_clean_01.png,image,0,clean,0.0,155768b49d75b726c2c241caca4231848ece3134537c7742c1c9354cdd99cc7d,train
img_src_0086,img_src_0086_clean_02.png,data/generated/images/img_src_0086_clean_02.png,image,0,clean,0.0,155768b49d75b726c2c241caca4231848ece3134537c7742c1c9354cdd99cc7d,train
img_src_0086,img_src_0086_stego_edge_adaptive_0.30.png,data/generated/images/img_src_0086_stego_edge_adaptive_0.30.png,image,1,edge_adaptive,0.3,20c74a47827d7c087ab6c239bd1b550547a24f445949ea65b4d9c71425f3953f,train
img_src_0086,img_src_0086_stego_dct_ac_0.50.png,data/generated/images/img_src_0086_stego_dct_ac_0.50.png,image,1,dct_ac,0.5,663302ddf2560e9465dd633fd7729c4895eedb237f3685c968e5a129f6c73d86,train
img_src_0087,img_src_0087_clean_01.png,data/generated/images/img_src_0087_clean_01.png,image,0,clean,0.0,bf52bf8f58c8a7a220fa10bb1ed83d0f85d031b954c7925f2887b9b6ea2bf57a,test
img_src_0087,img_src_0087_clean_02.png,data/generated/images/img_src_0087_clean_02.png,image,0,clean,0.0,bf52bf8f58c8a7a220fa10bb1ed83d0f85d031b954c7925f2887b9b6ea2bf57a,test
img_src_0087,img_src_0087_stego_dct_ac_0.50.png,data/generated/images/img_src_0087_stego_dct_ac_0.50.png,image,1,dct_ac,0.5,39648e20554d59810244f8f9d7ca4fa6bead800016848496cea2506c9ea66afd,test
img_src_0087,img_src_0087_stego_lsb_replacement_0.10.png,data/generated/images/img_src_0087_stego_lsb_replacement_0.10.png,image,1,lsb_replacement,0.1,18993d7403a5f579bba18f0da7a105feb907ec3a647d5ca41268d1bb7c5ef596,test
img_src_0088,img_src_0088_clean_01.png,data/generated/images/img_src_0088_clean_01.png,image,0,clean,0.0,0cc9e378da1f2cf94f3b08c63ed81fd3ed259b863aa2b5c0679dd4012142ce2a,train
img_src_0088,img_src_0088_clean_02.png,data/generated/images/img_src_0088_clean_02.png,image,0,clean,0.0,0cc9e378da1f2cf94f3b08c63ed81fd3ed259b863aa2b5c0679dd4012142ce2a,train
img_src_0088,img_src_0088_stego_lsb_replacement_0.10.png,data/generated/images/img_src_0088_stego_lsb_replacement_0.10.png,image,1,lsb_replacement,0.1,5020cf92594d6d10b1c2458ed715fbf1600840612db356b435844ea8205a5af7,train
img_src_0088,img_src_0088_stego_lsb_matching_0.20.png,data/generated/images/img_src_0088_stego_lsb_matching_0.20.png,image,1,lsb_matching,0.2,8442f587886def53d1a90302fe8f35a36d30dc45a7d57935b5cfb3f81e33d47c,train
img_src_0089,img_src_0089_clean_01.png,data/generated/images/img_src_0089_clean_01.png,image,0,clean,0.0,173488c3001ed1aebff41b40071ecac8db3265c216b15175d56d2a821e590507,train
img_src_0089,img_src_0089_clean_02.png,data/generated/images/img_src_0089_clean_02.png,image,0,clean,0.0,173488c3001ed1aebff41b40071ecac8db3265c216b15175d56d2a821e590507,train
img_src_0089,img_src_0089_stego_lsb_matching_0.20.png,data/generated/images/img_src_0089_stego_lsb_matching_0.20.png,image,1,lsb_matching,0.2,42a3742011836c385fd7e3c76449035a3e383d0d9545c73f7dfb2e4fa25a981d,train
img_src_0089,img_src_0089_stego_edge_adaptive_0.30.png,data/generated/images/img_src_0089_stego_edge_adaptive_0.30.png,image,1,edge_adaptive,0.3,9be742012a1ae7990c7ab05d7c69791a1949da04eb73b2b4897b9526947cceac,train
img_src_0090,img_src_0090_clean_01.png,data/generated/images/img_src_0090_clean_01.png,image,0,clean,0.0,46b068225b5229493e765628ed40987f73745451778f9441474b2ea4de534d81,train
img_src_0090,img_src_0090_clean_02.png,data/generated/images/img_src_0090_clean_02.png,image,0,clean,0.0,46b068225b5229493e765628ed40987f73745451778f9441474b2ea4de534d81,train
img_src_0090,img_src_0090_stego_edge_adaptive_0.30.png,data/generated/images/img_src_0090_stego_edge_adaptive_0.30.png,image,1,edge_adaptive,0.3,94e30a394f895e9079902b26270472c4d3d0ec33e5ff6f80214c05fdf39a0cad,train
img_src_0090,img_src_0090_stego_dct_ac_0.50.png,data/generated/images/img_src_0090_stego_dct_ac_0.50.png,image,1,dct_ac,0.5,8b155559d8784ba2b8c55a55e7cb39ad53fb09ab8bcad722440fc8497f9558c3,train
img_src_0091,img_src_0091_clean_01.png,data/generated/images/img_src_0091_clean_01.png,image,0,clean,0.0,0d5ed5e94301187e8fb066154e0b3114ec6cf770c68f9b306426f4e3e006ae14,test
img_src_0091,img_src_0091_clean_02.png,data/generated/images/img_src_0091_clean_02.png,image,0,clean,0.0,0d5ed5e94301187e8fb066154e0b3114ec6cf770c68f9b306426f4e3e006ae14,test
img_src_0091,img_src_0091_stego_dct_ac_0.50.png,data/generated/images/img_src_0091_stego_dct_ac_0.50.png,image,1,dct_ac,0.5,681d93f24ac2905d3b9131f1685408d6684bac10703e88adb6a7c3e1617ead01,test
img_src_0091,img_src_0091_stego_lsb_replacement_0.10.png,data/generated/images/img_src_0091_stego_lsb_replacement_0.10.png,image,1,lsb_replacement,0.1,32e2072cfbd4df3bb24e892f57952da48da788ce7fdb86350a0c91f5bded684b,test
img_src_0092,img_src_0092_clean_01.png,data/generated/images/img_src_0092_clean_01.png,image,0,clean,0.0,7e45f9d688b897a44d538acf98407fa2f7bd5cd21b8951765bac233a76859572,train
img_src_0092,img_src_0092_clean_02.png,data/generated/images/img_src_0092_clean_02.png,image,0,clean,0.0,7e45f9d688b897a44d538acf98407fa2f7bd5cd21b8951765bac233a76859572,train
img_src_0092,img_src_0092_stego_lsb_replacement_0.10.png,data/generated/images/img_src_0092_stego_lsb_replacement_0.10.png,image,1,lsb_replacement,0.1,0dea14a89c5108aef3e9c2f88bfabd3fdffe88b153b1cb801e29c6f0f400db31,train
img_src_0092,img_src_0092_stego_lsb_matching_0.20.png,data/generated/images/img_src_0092_stego_lsb_matching_0.20.png,image,1,lsb_matching,0.2,2559f57bdac71099714ab3aa6635394047ab59a28efa90067c784809931454e5,train
img_src_0093,img_src_0093_clean_01.png,data/generated/images/img_src_0093_clean_01.png,image,0,clean,0.0,454092ce847741e349196fc5deebde71f5c5ba54385d152a135f2ae65fba40b8,train
img_src_0093,img_src_0093_clean_02.png,data/generated/images/img_src_0093_clean_02.png,image,0,clean,0.0,454092ce847741e349196fc5deebde71f5c5ba54385d152a135f2ae65fba40b8,train
img_src_0093,img_src_0093_stego_lsb_matching_0.20.png,data/generated/images/img_src_0093_stego_lsb_matching_0.20.png,image,1,lsb_matching,0.2,af7b75ead1735d1773585ba4f091980f1e70946b4ae922d0868034c6d475a292,train
img_src_0093,img_src_0093_stego_edge_adaptive_0.30.png,data/generated/images/img_src_0093_stego_edge_adaptive_0.30.png,image,1,edge_adaptive,0.3,fbfde5729a6297b7831677659328c06b0fc4a71fa6eccc7a9eaa07ab92f7e6ac,train
img_src_0094,img_src_0094_clean_01.png,data/generated/images/img_src_0094_clean_01.png,image,0,clean,0.0,70009cb85b89d08904dc51b73bb27e67b5dd08897309fcce8535f62f43db44f0,train
img_src_0094,img_src_0094_clean_02.png,data/generated/images/img_src_0094_clean_02.png,image,0,clean,0.0,70009cb85b89d08904dc51b73bb27e67b5dd08897309fcce8535f62f43db44f0,train
img_src_0094,img_src_0094_stego_edge_adaptive_0.30.png,data/generated/images/img_src_0094_stego_edge_adaptive_0.30.png,image,1,edge_adaptive,0.3,1e89af22642200c660c7897da6e49b647674bd076bd09c23d69a35bc39cc06f7,train
img_src_0094,img_src_0094_stego_dct_ac_0.50.png,data/generated/images/img_src_0094_stego_dct_ac_0.50.png,image,1,dct_ac,0.5,f14f75a9d81ce9dd7b2f2a372ae382e421d2f1f6928891f6cb0a9868b25f33d3,train
img_src_0095,img_src_0095_clean_01.png,data/generated/images/img_src_0095_clean_01.png,image,0,clean,0.0,252184fa3f1a59a433443978ed50e8a775190daa9b31afd6fbf3604ccc0dd554,test
img_src_0095,img_src_0095_clean_02.png,data/generated/images/img_src_0095_clean_02.png,image,0,clean,0.0,252184fa3f1a59a433443978ed50e8a775190daa9b31afd6fbf3604ccc0dd554,test
img_src_0095,img_src_0095_stego_dct_ac_0.50.png,data/generated/images/img_src_0095_stego_dct_ac_0.50.png,image,1,dct_ac,0.5,f78a61eb6c63ba00034e8cc1ba6c4fe73afd1ba9ea052024a791553f2334a611,test
img_src_0095,img_src_0095_stego_lsb_replacement_0.10.png,data/generated/images/img_src_0095_stego_lsb_replacement_0.10.png,image,1,lsb_replacement,0.1,b295c3f6cd23dd32bb0e4692678e538fa725c61a5f46c655153e908c9b526f93,test
img_src_0096,img_src_0096_clean_01.png,data/generated/images/img_src_0096_clean_01.png,image,0,clean,0.0,2f1ae922d1ebfd15258fe121672499ad97a41f061ef35d3fe05885cfe010ecee,train
img_src_0096,img_src_0096_clean_02.png,data/generated/images/img_src_0096_clean_02.png,image,0,clean,0.0,2f1ae922d1ebfd15258fe121672499ad97a41f061ef35d3fe05885cfe010ecee,train
img_src_0096,img_src_0096_stego_lsb_replacement_0.10.png,data/generated/images/img_src_0096_stego_lsb_replacement_0.10.png,image,1,lsb_replacement,0.1,e4ab2e8269ae1573cc400087d00a9ac71d496ee2553b46b7d7e62db74b98b363,train
img_src_0096,img_src_0096_stego_lsb_matching_0.20.png,data/generated/images/img_src_0096_stego_lsb_matching_0.20.png,image,1,lsb_matching,0.2,93a01d6ff79b94d2f7a16be20e47d5356d0d7e5f01515abcbe12e0b530174d05,train
img_src_0097,img_src_0097_clean_01.png,data/generated/images/img_src_0097_clean_01.png,image,0,clean,0.0,fb395f3be6f82a05b928c777614020cf95eba464c765ff6170cc88aeb29e907b,train
img_src_0097,img_src_0097_clean_02.png,data/generated/images/img_src_0097_clean_02.png,image,0,clean,0.0,fb395f3be6f82a05b928c777614020cf95eba464c765ff6170cc88aeb29e907b,train
img_src_0097,img_src_0097_stego_lsb_matching_0.20.png,data/generated/images/img_src_0097_stego_lsb_matching_0.20.png,image,1,lsb_matching,0.2,92f86b2a3a2ecc7f22dc1c3bd70ea2e8321a9de97f9ea70c636f0f5581227fa8,train
img_src_0097,img_src_0097_stego_edge_adaptive_0.30.png,data/generated/images/img_src_0097_stego_edge_adaptive_0.30.png,image,1,edge_adaptive,0.3,e2ff9a674b1f6b3b9615acc7fc68fa83b807281fb162318b136dc50565470493,train
img_src_0098,img_src_0098_clean_01.png,data/generated/images/img_src_0098_clean_01.png,image,0,clean,0.0,de5c7c3af2d01295422413eddf45602aa4f8ba54e6aba8ea1f566de1de1a57a3,test
img_src_0098,img_src_0098_clean_02.png,data/generated/images/img_src_0098_clean_02.png,image,0,clean,0.0,de5c7c3af2d01295422413eddf45602aa4f8ba54e6aba8ea1f566de1de1a57a3,test
img_src_0098,img_src_0098_stego_edge_adaptive_0.30.png,data/generated/images/img_src_0098_stego_edge_adaptive_0.30.png,image,1,edge_adaptive,0.3,91bc1634a2a5213c8f06df0395d34dd058b5ab1b9e2a04c0fc7218814cebfe30,test
img_src_0098,img_src_0098_stego_dct_ac_0.50.png,data/generated/images/img_src_0098_stego_dct_ac_0.50.png,image,1,dct_ac,0.5,b414ef7169afad9d005751d00a65b29235cc8aba946c6a5d986e327b96c038b3,test
img_src_0099,img_src_0099_clean_01.png,data/generated/images/img_src_0099_clean_01.png,image,0,clean,0.0,e823c214c13be8e7acbe70e8b8c610b03a86a966efa82cf7eee29041063e4490,train
img_src_0099,img_src_0099_clean_02.png,data/generated/images/img_src_0099_clean_02.png,image,0,clean,0.0,e823c214c13be8e7acbe70e8b8c610b03a86a966efa82cf7eee29041063e4490,train
img_src_0099,img_src_0099_stego_dct_ac_0.50.png,data/generated/images/img_src_0099_stego_dct_ac_0.50.png,image,1,dct_ac,0.5,d5c400bbb29258927b105be784061ddc060e556fe9654ff55d88252add644e34,train
img_src_0099,img_src_0099_stego_lsb_replacement_0.10.png,data/generated/images/img_src_0099_stego_lsb_replacement_0.10.png,image,1,lsb_replacement,0.1,cbb16ef8a2d28bca714672d9d840b2a89293b06535fea033cea8b03f5c0af0cf,train
img_src_0100,img_src_0100_clean_01.png,data/generated/images/img_src_0100_clean_01.png,image,0,clean,0.0,42ca2386fd434047f4e32af1b2281c8f10232bde0013c88dea35b666610c0e6f,train
img_src_0100,img_src_0100_clean_02.png,data/generated/images/img_src_0100_clean_02.png,image,0,clean,0.0,42ca2386fd434047f4e32af1b2281c8f10232bde0013c88dea35b666610c0e6f,train
img_src_0100,img_src_0100_stego_lsb_replacement_0.10.png,data/generated/images/img_src_0100_stego_lsb_replacement_0.10.png,image,1,lsb_replacement,0.1,fe10ee2a78e233dadc66e0cce4c2421bedda58d62decf2dbe42269a164c40c3a,train
img_src_0100,img_src_0100_stego_lsb_matching_0.20.png,data/generated/images/img_src_0100_stego_lsb_matching_0.20.png,image,1,lsb_matching,0.2,efa0e0d5fa643f033d6543f363de16c46881724587e15e16f040399b6a089f35,train
img_src_0101,img_src_0101_clean_01.png,data/generated/images/img_src_0101_clean_01.png,image,0,clean,0.0,6bd950fd59c9d6f825ec68550fcdeee5dba939d94d56e4d918595997344e7ad7,train
img_src_0101,img_src_0101_clean_02.png,data/generated/images/img_src_0101_clean_02.png,image,0,clean,0.0,6bd950fd59c9d6f825ec68550fcdeee5dba939d94d56e4d918595997344e7ad7,train
img_src_0101,img_src_0101_stego_lsb_matching_0.20.png,data/generated/images/img_src_0101_stego_lsb_matching_0.20.png,image,1,lsb_matching,0.2,90a50f41f8c2465795ce0567fcefd221ee986f5df0b81fe752d4e5f4f25d4784,train
img_src_0101,img_src_0101_stego_edge_adaptive_0.30.png,data/generated/images/img_src_0101_stego_edge_adaptive_0.30.png,image,1,edge_adaptive,0.3,06e7307d83e4cb08db62b9a863ee6e7dc3773281c8fe9f6125abc99eeb5a0d73,train
img_src_0102,img_src_0102_clean_01.png,data/generated/images/img_src_0102_clean_01.png,image,0,clean,0.0,119133fdc826792b77174f3578b95eb386ada06910ee18f2b4daa61f432958e3,train
img_src_0102,img_src_0102_clean_02.png,data/generated/images/img_src_0102_clean_02.png,image,0,clean,0.0,119133fdc826792b77174f3578b95eb386ada06910ee18f2b4daa61f432958e3,train
img_src_0102,img_src_0102_stego_edge_adaptive_0.30.png,data/generated/images/img_src_0102_stego_edge_adaptive_0.30.png,image,1,edge_adaptive,0.3,df5377d21dad895d4232d6c158a6014faa516baa4a836583843332ac3ebd6143,train
img_src_0102,img_src_0102_stego_dct_ac_0.50.png,data/generated/images/img_src_0102_stego_dct_ac_0.50.png,image,1,dct_ac,0.5,06df5d679fe68ee4c98bdf378f1bd0713d71bb58cf51ff538afd9824ada3810d,train
img_src_0103,img_src_0103_clean_01.png,data/generated/images/img_src_0103_clean_01.png,image,0,clean,0.0,5f14e8fd84ded1b1024d4b551ca394577d9fc92b83e861891748ec158233be19,val
img_src_0103,img_src_0103_clean_02.png,data/generated/images/img_src_0103_clean_02.png,image,0,clean,0.0,5f14e8fd84ded1b1024d4b551ca394577d9fc92b83e861891748ec158233be19,val
img_src_0103,img_src_0103_stego_dct_ac_0.50.png,data/generated/images/img_src_0103_stego_dct_ac_0.50.png,image,1,dct_ac,0.5,e18aeb5997547241f3df73c0ad29c2f98a6c54ab3924e3cd029180c5d0b77c3e,val
img_src_0103,img_src_0103_stego_lsb_replacement_0.10.png,data/generated/images/img_src_0103_stego_lsb_replacement_0.10.png,image,1,lsb_replacement,0.1,3cff0944f0bc18082b4fcec0946eed4896e6affd94fe6ea8931616f395ded8c9,val
img_src_0104,img_src_0104_clean_01.png,data/generated/images/img_src_0104_clean_01.png,image,0,clean,0.0,b3c887b9b70e38f998338fce18ceb6791a73b804d4c3a420e56136bd2eb00388,train
img_src_0104,img_src_0104_clean_02.png,data/generated/images/img_src_0104_clean_02.png,image,0,clean,0.0,b3c887b9b70e38f998338fce18ceb6791a73b804d4c3a420e56136bd2eb00388,train
img_src_0104,img_src_0104_stego_lsb_replacement_0.10.png,data/generated/images/img_src_0104_stego_lsb_replacement_0.10.png,image,1,lsb_replacement,0.1,0846e39fa6e344a1a4e631b2e3a89a54a8b4cb7b1bdf29433cf67505c95e71ad,train
img_src_0104,img_src_0104_stego_lsb_matching_0.20.png,data/generated/images/img_src_0104_stego_lsb_matching_0.20.png,image,1,lsb_matching,0.2,e6c1774e1227e25912fd20163665c9d427b42ab114dc47e507e9a081e33bfdb2,train
img_src_0105,img_src_0105_clean_01.png,data/generated/images/img_src_0105_clean_01.png,image,0,clean,0.0,5a425305a7c11ef9abb04a63180fcdea62572b15bb1617d038b2315443ab0748,train
img_src_0105,img_src_0105_clean_02.png,data/generated/images/img_src_0105_clean_02.png,image,0,clean,0.0,5a425305a7c11ef9abb04a63180fcdea62572b15bb1617d038b2315443ab0748,train
img_src_0105,img_src_0105_stego_lsb_matching_0.20.png,data/generated/images/img_src_0105_stego_lsb_matching_0.20.png,image,1,lsb_matching,0.2,e27d2dbe3ac5c65dfcd5f42fddbbdd4f5816de6a487205337faabb082163cb90,train
img_src_0105,img_src_0105_stego_edge_adaptive_0.30.png,data/generated/images/img_src_0105_stego_edge_adaptive_0.30.png,image,1,edge_adaptive,0.3,ebec71e309f14ed9ac4c89d3130ac6ebf6fdfdfceac8df9ecae721084c63c834,train
img_src_0106,img_src_0106_clean_01.png,data/generated/images/img_src_0106_clean_01.png,image,0,clean,0.0,945c99dce113699b6c779f90098494222e6643fd711dd58d8c8109857f2338ca,train
img_src_0106,img_src_0106_clean_02.png,data/generated/images/img_src_0106_clean_02.png,image,0,clean,0.0,945c99dce113699b6c779f90098494222e6643fd711dd58d8c8109857f2338ca,train
img_src_0106,img_src_0106_stego_edge_adaptive_0.30.png,data/generated/images/img_src_0106_stego_edge_adaptive_0.30.png,image,1,edge_adaptive,0.3,ca00cfbcae4e72dc544b36e6fd600f1a7181a5b3f1112f255d02d5d0980e8884,train
img_src_0106,img_src_0106_stego_dct_ac_0.50.png,data/generated/images/img_src_0106_stego_dct_ac_0.50.png,image,1,dct_ac,0.5,6ae906d684f0c79f5e951c762734687e99e2e63192f6d4c2febb3ea52e7dce37,train
img_src_0107,img_src_0107_clean_01.png,data/generated/images/img_src_0107_clean_01.png,image,0,clean,0.0,797ad8f3fcab448946ec934808c91b3c8dfd4ffec0ee7f8e45315c89aabee87c,train
img_src_0107,img_src_0107_clean_02.png,data/generated/images/img_src_0107_clean_02.png,image,0,clean,0.0,797ad8f3fcab448946ec934808c91b3c8dfd4ffec0ee7f8e45315c89aabee87c,train
img_src_0107,img_src_0107_stego_dct_ac_0.50.png,data/generated/images/img_src_0107_stego_dct_ac_0.50.png,image,1,dct_ac,0.5,62a32529eac42996d47398698d73ee2d4716f748f98d84d565f2987196763750,train
img_src_0107,img_src_0107_stego_lsb_replacement_0.10.png,data/generated/images/img_src_0107_stego_lsb_replacement_0.10.png,image,1,lsb_replacement,0.1,8d78541f35c7f53e51f4eaa71190b94ff26d5e53acc4db3dfc059eb155d6d654,train
img_src_0108,img_src_0108_clean_01.png,data/generated/images/img_src_0108_clean_01.png,image,0,clean,0.0,bc38693811eb11e9c5d657768cb2e3e65b6ce59d8cedc53a226043fc57e0612f,train
img_src_0108,img_src_0108_clean_02.png,data/generated/images/img_src_0108_clean_02.png,image,0,clean,0.0,bc38693811eb11e9c5d657768cb2e3e65b6ce59d8cedc53a226043fc57e0612f,train
img_src_0108,img_src_0108_stego_lsb_replacement_0.10.png,data/generated/images/img_src_0108_stego_lsb_replacement_0.10.png,image,1,lsb_replacement,0.1,b33e6a5fc39fca120fb0e00a1dc21529d8e6e8583796b0f60bb71274b2273df4,train
img_src_0108,img_src_0108_stego_lsb_matching_0.20.png,data/generated/images/img_src_0108_stego_lsb_matching_0.20.png,image,1,lsb_matching,0.2,b4a920eedef156ed5824c9c0953539741379cb0882cb8b292c326b963943c1d2,train
img_src_0109,img_src_0109_clean_01.png,data/generated/images/img_src_0109_clean_01.png,image,0,clean,0.0,537b29c3abf7b1cb7bf7bc343c6f18597ec8b8ceb36b2fd1aca50d4eee15a922,train
img_src_0109,img_src_0109_clean_02.png,data/generated/images/img_src_0109_clean_02.png,image,0,clean,0.0,537b29c3abf7b1cb7bf7bc343c6f18597ec8b8ceb36b2fd1aca50d4eee15a922,train
img_src_0109,img_src_0109_stego_lsb_matching_0.20.png,data/generated/images/img_src_0109_stego_lsb_matching_0.20.png,image,1,lsb_matching,0.2,5181edb8b5b4928d2e8f7a5d097c7fd37cf13dbebf6df156a733709cc5c1eaae,train
img_src_0109,img_src_0109_stego_edge_adaptive_0.30.png,data/generated/images/img_src_0109_stego_edge_adaptive_0.30.png,image,1,edge_adaptive,0.3,859a55f5be4c9bad076695516c1e93a520ae62255b2574c993208f570d81f346,train
img_src_0110,img_src_0110_clean_01.png,data/generated/images/img_src_0110_clean_01.png,image,0,clean,0.0,39c388bda87718e6f47659ee2f028343c3be763a584ccbaf3027ae03dec9ad84,train
img_src_0110,img_src_0110_clean_02.png,data/generated/images/img_src_0110_clean_02.png,image,0,clean,0.0,39c388bda87718e6f47659ee2f028343c3be763a584ccbaf3027ae03dec9ad84,train
img_src_0110,img_src_0110_stego_edge_adaptive_0.30.png,data/generated/images/img_src_0110_stego_edge_adaptive_0.30.png,image,1,edge_adaptive,0.3,d3388cd541ef1b324a16eb00214c8496e02dab12be413e13c01e6540e49a2bb4,train
img_src_0110,img_src_0110_stego_dct_ac_0.50.png,data/generated/images/img_src_0110_stego_dct_ac_0.50.png,image,1,dct_ac,0.5,e94a5e58e228e0d60592b38b91ae393494d5b8c280b8440046c255ffc69695c3,train
img_src_0111,img_src_0111_clean_01.png,data/generated/images/img_src_0111_clean_01.png,image,0,clean,0.0,aa67f7a99bc86457111b6cb285f47b8864d396e21356eb8d4e0202eb65663dbe,val
img_src_0111,img_src_0111_clean_02.png,data/generated/images/img_src_0111_clean_02.png,image,0,clean,0.0,aa67f7a99bc86457111b6cb285f47b8864d396e21356eb8d4e0202eb65663dbe,val
img_src_0111,img_src_0111_stego_dct_ac_0.50.png,data/generated/images/img_src_0111_stego_dct_ac_0.50.png,image,1,dct_ac,0.5,e8a280518ee509ec087c451f6e79dd08e5dfcb479832f3eaf0ae87a534e358bb,val
img_src_0111,img_src_0111_stego_lsb_replacement_0.10.png,data/generated/images/img_src_0111_stego_lsb_replacement_0.10.png,image,1,lsb_replacement,0.1,6590b84ad6a0580b15faf46ac229a63531f3ee5d5aef5becd53635041e099ce8,val
img_src_0112,img_src_0112_clean_01.png,data/generated/images/img_src_0112_clean_01.png,image,0,clean,0.0,3483f30039e2695e900fea415bdbda964ae5be24234fbd5efb34ce9b0540c41d,test
img_src_0112,img_src_0112_clean_02.png,data/generated/images/img_src_0112_clean_02.png,image,0,clean,0.0,3483f30039e2695e900fea415bdbda964ae5be24234fbd5efb34ce9b0540c41d,test
img_src_0112,img_src_0112_stego_lsb_replacement_0.10.png,data/generated/images/img_src_0112_stego_lsb_replacement_0.10.png,image,1,lsb_replacement,0.1,dda928d63b24da43494d73e8c336c30b20413fdfd44ca5240d328f26097c13e4,test
img_src_0112,img_src_0112_stego_lsb_matching_0.20.png,data/generated/images/img_src_0112_stego_lsb_matching_0.20.png,image,1,lsb_matching,0.2,35e9495de329805fd844c015d092695184bb2beca73200feb23621d44ef494eb,test
img_src_0113,img_src_0113_clean_01.png,data/generated/images/img_src_0113_clean_01.png,image,0,clean,0.0,caa547da622cf0fff452b23e65aa8b3817b76280045ae4ab4ca36f3c80692945,train
img_src_0113,img_src_0113_clean_02.png,data/generated/images/img_src_0113_clean_02.png,image,0,clean,0.0,caa547da622cf0fff452b23e65aa8b3817b76280045ae4ab4ca36f3c80692945,train
img_src_0113,img_src_0113_stego_lsb_matching_0.20.png,data/generated/images/img_src_0113_stego_lsb_matching_0.20.png,image,1,lsb_matching,0.2,a5f8f9e3996835124699c8d7ce9a78d005c7769ff5dfd98812aa6b38f81cd0e1,train
img_src_0113,img_src_0113_stego_edge_adaptive_0.30.png,data/generated/images/img_src_0113_stego_edge_adaptive_0.30.png,image,1,edge_adaptive,0.3,2176f8c33b622ec7791a9dfbd60eab1dd4e057e71516ab62e02018074fa0458f,train
img_src_0114,img_src_0114_clean_01.png,data/generated/images/img_src_0114_clean_01.png,image,0,clean,0.0,66572e65ac64b7e12a61c03edfc9d82f21be78461d3e7a71d155d6145d46ba41,train
img_src_0114,img_src_0114_clean_02.png,data/generated/images/img_src_0114_clean_02.png,image,0,clean,0.0,66572e65ac64b7e12a61c03edfc9d82f21be78461d3e7a71d155d6145d46ba41,train
img_src_0114,img_src_0114_stego_edge_adaptive_0.30.png,data/generated/images/img_src_0114_stego_edge_adaptive_0.30.png,image,1,edge_adaptive,0.3,1766502a11a550737c2452bdf45803cf5a8536ef2cee06e71c159b9f13e48835,train
img_src_0114,img_src_0114_stego_dct_ac_0.50.png,data/generated/images/img_src_0114_stego_dct_ac_0.50.png,image,1,dct_ac,0.5,141071d4a8276e55f229235cf118a873214f531dfcb3a3809761106746777180,train
img_src_0115,img_src_0115_clean_01.png,data/generated/images/img_src_0115_clean_01.png,image,0,clean,0.0,b6b65f91c0776c3158abcf7dbb9e5f7ac62116c8385622909475213f92f1eb74,val
img_src_0115,img_src_0115_clean_02.png,data/generated/images/img_src_0115_clean_02.png,image,0,clean,0.0,b6b65f91c0776c3158abcf7dbb9e5f7ac62116c8385622909475213f92f1eb74,val
img_src_0115,img_src_0115_stego_dct_ac_0.50.png,data/generated/images/img_src_0115_stego_dct_ac_0.50.png,image,1,dct_ac,0.5,1ea3d86cf98502b550aba9e8a613dfa4cb84ec3cac8710d1d82c36b441c4b85e,val
img_src_0115,img_src_0115_stego_lsb_replacement_0.10.png,data/generated/images/img_src_0115_stego_lsb_replacement_0.10.png,image,1,lsb_replacement,0.1,0ed3a23b6f29717458450cce95cdce16ebdc0fb21a001134b5de09ec575d9e3d,val
img_src_0116,img_src_0116_clean_01.png,data/generated/images/img_src_0116_clean_01.png,image,0,clean,0.0,6322260fbca6797f401326d7e44fa62c82b5fda67eb02d4882c12f7147f8e587,train
img_src_0116,img_src_0116_clean_02.png,data/generated/images/img_src_0116_clean_02.png,image,0,clean,0.0,6322260fbca6797f401326d7e44fa62c82b5fda67eb02d4882c12f7147f8e587,train
img_src_0116,img_src_0116_stego_lsb_replacement_0.10.png,data/generated/images/img_src_0116_stego_lsb_replacement_0.10.png,image,1,lsb_replacement,0.1,967aab30dcbde003461272f4735d5a6361410c6c32fa47f1efb0d62d73b1f6e0,train
img_src_0116,img_src_0116_stego_lsb_matching_0.20.png,data/generated/images/img_src_0116_stego_lsb_matching_0.20.png,image,1,lsb_matching,0.2,408b2f2fb85dc35920fbd62cfe13fcfffc4fa46f2733cdf5b534567d3a5ed742,train
img_src_0117,img_src_0117_clean_01.png,data/generated/images/img_src_0117_clean_01.png,image,0,clean,0.0,c51305974a21d511dec5fe2eb484a7a15867bbf0469c5efab3700817a126ab73,train
img_src_0117,img_src_0117_clean_02.png,data/generated/images/img_src_0117_clean_02.png,image,0,clean,0.0,c51305974a21d511dec5fe2eb484a7a15867bbf0469c5efab3700817a126ab73,train
img_src_0117,img_src_0117_stego_lsb_matching_0.20.png,data/generated/images/img_src_0117_stego_lsb_matching_0.20.png,image,1,lsb_matching,0.2,71a4ebe4cd5e70156615805bcd16a383ccde81e5fc79dd4a48f297c1c36bd30a,train
img_src_0117,img_src_0117_stego_edge_adaptive_0.30.png,data/generated/images/img_src_0117_stego_edge_adaptive_0.30.png,image,1,edge_adaptive,0.3,06065f4334f80881d3918aeabda6e64af5d08099d73ebb865cb2f662ebf3e187,train
img_src_0118,img_src_0118_clean_01.png,data/generated/images/img_src_0118_clean_01.png,image,0,clean,0.0,2dd6cfb48f8be205200e9660a88b598a3b13d051bac783387bd1c15a7b7097ab,train
img_src_0118,img_src_0118_clean_02.png,data/generated/images/img_src_0118_clean_02.png,image,0,clean,0.0,2dd6cfb48f8be205200e9660a88b598a3b13d051bac783387bd1c15a7b7097ab,train
img_src_0118,img_src_0118_stego_edge_adaptive_0.30.png,data/generated/images/img_src_0118_stego_edge_adaptive_0.30.png,image,1,edge_adaptive,0.3,0eeb1859033a8e6940d32a098d5fe66748f80a627af3e27cb652875b6fa2d003,train
img_src_0118,img_src_0118_stego_dct_ac_0.50.png,data/generated/images/img_src_0118_stego_dct_ac_0.50.png,image,1,dct_ac,0.5,132cf32d0d345d95868c09656160e4bee64e818c61ddc35466b55de62fa37b01,train
img_src_0119,img_src_0119_clean_01.png,data/generated/images/img_src_0119_clean_01.png,image,0,clean,0.0,36f40790ff5e85927c9d91c5b950643d06e95aa7f8c0d2878a560dedc93add70,val
img_src_0119,img_src_0119_clean_02.png,data/generated/images/img_src_0119_clean_02.png,image,0,clean,0.0,36f40790ff5e85927c9d91c5b950643d06e95aa7f8c0d2878a560dedc93add70,val
img_src_0119,img_src_0119_stego_dct_ac_0.50.png,data/generated/images/img_src_0119_stego_dct_ac_0.50.png,image,1,dct_ac,0.5,e40281cd3288f86a726073afed7b6cbd16e2b777a1b1b636a9757002d6c473cd,val
img_src_0119,img_src_0119_stego_lsb_replacement_0.10.png,data/generated/images/img_src_0119_stego_lsb_replacement_0.10.png,image,1,lsb_replacement,0.1,0f5a184bbceda780f9af121cc4ba505d5a3f3c93c7359c718a704d0e30702c14,val
img_src_0120,img_src_0120_clean_01.png,data/generated/images/img_src_0120_clean_01.png,image,0,clean,0.0,aa1e79b136b8cc8579f47391bfd0b92b5c305724b34b74ea86651c004e5de321,train
img_src_0120,img_src_0120_clean_02.png,data/generated/images/img_src_0120_clean_02.png,image,0,clean,0.0,aa1e79b136b8cc8579f47391bfd0b92b5c305724b34b74ea86651c004e5de321,train
img_src_0120,img_src_0120_stego_lsb_replacement_0.10.png,data/generated/images/img_src_0120_stego_lsb_replacement_0.10.png,image,1,lsb_replacement,0.1,a5fd4a24179460503bea02aee3394556ee0f61a4be073aed9f18e0b28ec90190,train
img_src_0120,img_src_0120_stego_lsb_matching_0.20.png,data/generated/images/img_src_0120_stego_lsb_matching_0.20.png,image,1,lsb_matching,0.2,ed3bf836e59d009311f54d5cac0f59b0ff2c373940deec9908d0559c1ce2915a,train
img_src_0121,img_src_0121_clean_01.png,data/generated/images/img_src_0121_clean_01.png,image,0,clean,0.0,e0e2f5ff236ed77536246857a2dcc4fc6e9aa038b5296b1c086ac4264ccfb1cd,test
img_src_0121,img_src_0121_clean_02.png,data/generated/images/img_src_0121_clean_02.png,image,0,clean,0.0,e0e2f5ff236ed77536246857a2dcc4fc6e9aa038b5296b1c086ac4264ccfb1cd,test
img_src_0121,img_src_0121_stego_lsb_matching_0.20.png,data/generated/images/img_src_0121_stego_lsb_matching_0.20.png,image,1,lsb_matching,0.2,1cada79ca53d72f2e1c1d72564a3b538d883e34258898b04c2f95e1372b63b15,test
img_src_0121,img_src_0121_stego_edge_adaptive_0.30.png,data/generated/images/img_src_0121_stego_edge_adaptive_0.30.png,image,1,edge_adaptive,0.3,a076bcbdc5e35f351f1d0156259935f675ac553c28f73cbea236ee97181da037,test
img_src_0122,img_src_0122_clean_01.png,data/generated/images/img_src_0122_clean_01.png,image,0,clean,0.0,4ca9c711cba883fbfc36650baa3f535468f9340c941f9e1b0b4af732eacd5543,test
img_src_0122,img_src_0122_clean_02.png,data/generated/images/img_src_0122_clean_02.png,image,0,clean,0.0,4ca9c711cba883fbfc36650baa3f535468f9340c941f9e1b0b4af732eacd5543,test
img_src_0122,img_src_0122_stego_edge_adaptive_0.30.png,data/generated/images/img_src_0122_stego_edge_adaptive_0.30.png,image,1,edge_adaptive,0.3,c20b75127e06bd6f0d263aa6f1e62cf5f27b6167bf030189a52905c944e9e5b4,test
img_src_0122,img_src_0122_stego_dct_ac_0.50.png,data/generated/images/img_src_0122_stego_dct_ac_0.50.png,image,1,dct_ac,0.5,9217423c13a3dce92aea560dc2e3eedc38f163c47d7ff71bec4b7e48f6725126,test
img_src_0123,img_src_0123_clean_01.png,data/generated/images/img_src_0123_clean_01.png,image,0,clean,0.0,3a2fc9c1aa83903bdc4c4756db136de8adc5c638c9d04f2feab502e434616399,val
img_src_0123,img_src_0123_clean_02.png,data/generated/images/img_src_0123_clean_02.png,image,0,clean,0.0,3a2fc9c1aa83903bdc4c4756db136de8adc5c638c9d04f2feab502e434616399,val
img_src_0123,img_src_0123_stego_dct_ac_0.50.png,data/generated/images/img_src_0123_stego_dct_ac_0.50.png,image,1,dct_ac,0.5,7d194982706faca6bd05fc0005d91201e197885fd79f101dccdb9668b124d4d5,val
img_src_0123,img_src_0123_stego_lsb_replacement_0.10.png,data/generated/images/img_src_0123_stego_lsb_replacement_0.10.png,image,1,lsb_replacement,0.1,2c9664e793ca57ae6cabcb169fbcdce94d5c27ae3a8f7f415153ab268ba13e0d,val
img_src_0124,img_src_0124_clean_01.png,data/generated/images/img_src_0124_clean_01.png,image,0,clean,0.0,622b888fa619b39b37a5f73a2992b97abd945af9debb418a548bce479cfc6be0,train
img_src_0124,img_src_0124_clean_02.png,data/generated/images/img_src_0124_clean_02.png,image,0,clean,0.0,622b888fa619b39b37a5f73a2992b97abd945af9debb418a548bce479cfc6be0,train
img_src_0124,img_src_0124_stego_lsb_replacement_0.10.png,data/generated/images/img_src_0124_stego_lsb_replacement_0.10.png,image,1,lsb_replacement,0.1,8490a3d49502c64b26dad4e1528603cd7e4ea71164ad6f470b476c64b85090c2,train
img_src_0124,img_src_0124_stego_lsb_matching_0.20.png,data/generated/images/img_src_0124_stego_lsb_matching_0.20.png,image,1,lsb_matching,0.2,c00a2540f194458857ad97d57347b2657341767ce8b990dd8c29422e69237c0d,train
img_src_0125,img_src_0125_clean_01.png,data/generated/images/img_src_0125_clean_01.png,image,0,clean,0.0,4b371ffaddc4d521093c1590c71adb6325710a214e6dfc49697bf71130b70ebf,train
img_src_0125,img_src_0125_clean_02.png,data/generated/images/img_src_0125_clean_02.png,image,0,clean,0.0,4b371ffaddc4d521093c1590c71adb6325710a214e6dfc49697bf71130b70ebf,train
img_src_0125,img_src_0125_stego_lsb_matching_0.20.png,data/generated/images/img_src_0125_stego_lsb_matching_0.20.png,image,1,lsb_matching,0.2,dafcd3b5bc66a6e21d01ecc9ee9d99e713a8fdeec793344b44f74962ade00b3c,train
img_src_0125,img_src_0125_stego_edge_adaptive_0.30.png,data/generated/images/img_src_0125_stego_edge_adaptive_0.30.png,image,1,edge_adaptive,0.3,286d97adc5aac3fc2543b361f0056ea88253d609fee3a5f7008418752efbfeaf,train
img_src_0126,img_src_0126_clean_01.png,data/generated/images/img_src_0126_clean_01.png,image,0,clean,0.0,0a0e5a8fca6ce4720c1ef7eae38397a8a8764447ea2a46aa34411debc600cf04,train
img_src_0126,img_src_0126_clean_02.png,data/generated/images/img_src_0126_clean_02.png,image,0,clean,0.0,0a0e5a8fca6ce4720c1ef7eae38397a8a8764447ea2a46aa34411debc600cf04,train
img_src_0126,img_src_0126_stego_edge_adaptive_0.30.png,data/generated/images/img_src_0126_stego_edge_adaptive_0.30.png,image,1,edge_adaptive,0.3,4b93b76fda0ec4c6e2c78118d101bfa96db05ff1f422494b89f346a6e3a3c546,train
img_src_0126,img_src_0126_stego_dct_ac_0.50.png,data/generated/images/img_src_0126_stego_dct_ac_0.50.png,image,1,dct_ac,0.5,88ac4b380ea4ee37a808e07e93ac658bcdf4b8e2defc575bcaaf826d5aa79db0,train
img_src_0127,img_src_0127_clean_01.png,data/generated/images/img_src_0127_clean_01.png,image,0,clean,0.0,275815e4d2589889ec473de1309508c87d9fee45fb916e1c5635fbd419056814,val
img_src_0127,img_src_0127_clean_02.png,data/generated/images/img_src_0127_clean_02.png,image,0,clean,0.0,275815e4d2589889ec473de1309508c87d9fee45fb916e1c5635fbd419056814,val
img_src_0127,img_src_0127_stego_dct_ac_0.50.png,data/generated/images/img_src_0127_stego_dct_ac_0.50.png,image,1,dct_ac,0.5,52586e279745fcda7efc55fc8a306a20b6c42bfdddf793d7e0188d839f49fa4d,val
img_src_0127,img_src_0127_stego_lsb_replacement_0.10.png,data/generated/images/img_src_0127_stego_lsb_replacement_0.10.png,image,1,lsb_replacement,0.1,0e401c974e669cc70ce5f311504471f7bb1d47ef7ff0e1b69b3de693b4f7df9a,val
img_src_0128,img_src_0128_clean_01.png,data/generated/images/img_src_0128_clean_01.png,image,0,clean,0.0,8d5a2862013d71a4e9e4ecec54d8b957a15d78dd4d4c6f4e911a84855e7ec313,train
img_src_0128,img_src_0128_clean_02.png,data/generated/images/img_src_0128_clean_02.png,image,0,clean,0.0,8d5a2862013d71a4e9e4ecec54d8b957a15d78dd4d4c6f4e911a84855e7ec313,train
img_src_0128,img_src_0128_stego_lsb_replacement_0.10.png,data/generated/images/img_src_0128_stego_lsb_replacement_0.10.png,image,1,lsb_replacement,0.1,970c11716f7a1b1ec237abc127f7e200cba4b4aa779f6dc122158e5942a73b9c,train
img_src_0128,img_src_0128_stego_lsb_matching_0.20.png,data/generated/images/img_src_0128_stego_lsb_matching_0.20.png,image,1,lsb_matching,0.2,8f940c6ca86523ac7ace276e47d8ad18e245608e1bf7fb688864a2b3789c6c45,train
img_src_0129,img_src_0129_clean_01.png,data/generated/images/img_src_0129_clean_01.png,image,0,clean,0.0,622865bd14936a07d10f9d8084526f4dc78c1705e0eb90db1b29116d0988b0dc,test
img_src_0129,img_src_0129_clean_02.png,data/generated/images/img_src_0129_clean_02.png,image,0,clean,0.0,622865bd14936a07d10f9d8084526f4dc78c1705e0eb90db1b29116d0988b0dc,test
img_src_0129,img_src_0129_stego_lsb_matching_0.20.png,data/generated/images/img_src_0129_stego_lsb_matching_0.20.png,image,1,lsb_matching,0.2,742ac5aca07d10b15646be2770e1afa439fe1219de46b183c343124094302587,test
img_src_0129,img_src_0129_stego_edge_adaptive_0.30.png,data/generated/images/img_src_0129_stego_edge_adaptive_0.30.png,image,1,edge_adaptive,0.3,db25901e6a753825b454e73a58a2135ff28f5db5132d3d6a900fe4a4cdcfe250,test
img_src_0130,img_src_0130_clean_01.png,data/generated/images/img_src_0130_clean_01.png,image,0,clean,0.0,f760368902288c797196a00c4deebaf6eb50bcbb2dc6ad437de68afc3c2d7afb,test
img_src_0130,img_src_0130_clean_02.png,data/generated/images/img_src_0130_clean_02.png,image,0,clean,0.0,f760368902288c797196a00c4deebaf6eb50bcbb2dc6ad437de68afc3c2d7afb,test
img_src_0130,img_src_0130_stego_edge_adaptive_0.30.png,data/generated/images/img_src_0130_stego_edge_adaptive_0.30.png,image,1,edge_adaptive,0.3,255a4ac198a845eed9cde45a8c4a708673c1fb88a7ebb4c796861f3060d8576f,test
img_src_0130,img_src_0130_stego_dct_ac_0.50.png,data/generated/images/img_src_0130_stego_dct_ac_0.50.png,image,1,dct_ac,0.5,191936c4b7f1dcc9f2683fa478470bab91507935a275d7c8f7e2f20232455469,test
img_src_0131,img_src_0131_clean_01.png,data/generated/images/img_src_0131_clean_01.png,image,0,clean,0.0,641b67118bfd794d5166b1c37f54ca49e83c4204dc3a73abf3a982c1e26c06ca,train
img_src_0131,img_src_0131_clean_02.png,data/generated/images/img_src_0131_clean_02.png,image,0,clean,0.0,641b67118bfd794d5166b1c37f54ca49e83c4204dc3a73abf3a982c1e26c06ca,train
img_src_0131,img_src_0131_stego_dct_ac_0.50.png,data/generated/images/img_src_0131_stego_dct_ac_0.50.png,image,1,dct_ac,0.5,d677ae56748afb53029e05cd3231eb95ca0a3ecfb5b6e66b06948dfb9b943c91,train
img_src_0131,img_src_0131_stego_lsb_replacement_0.10.png,data/generated/images/img_src_0131_stego_lsb_replacement_0.10.png,image,1,lsb_replacement,0.1,416e9b1eaf4469522d436b3d65ee10e411d00836c845b28da8174be8d54c555f,train
img_src_0132,img_src_0132_clean_01.png,data/generated/images/img_src_0132_clean_01.png,image,0,clean,0.0,633eb240ed92f97be6613ec5e323ee4461863fc9bd81c1defacd21ea3ea24d30,train
img_src_0132,img_src_0132_clean_02.png,data/generated/images/img_src_0132_clean_02.png,image,0,clean,0.0,633eb240ed92f97be6613ec5e323ee4461863fc9bd81c1defacd21ea3ea24d30,train
img_src_0132,img_src_0132_stego_lsb_replacement_0.10.png,data/generated/images/img_src_0132_stego_lsb_replacement_0.10.png,image,1,lsb_replacement,0.1,69b843e9090df8a3fa8bf88610e03a9550cca9d5e01c670a15763b524fb8b952,train
img_src_0132,img_src_0132_stego_lsb_matching_0.20.png,data/generated/images/img_src_0132_stego_lsb_matching_0.20.png,image,1,lsb_matching,0.2,6e082e918123221a04a39a5a16c0bd9878ba20829578ece92dfa31490f576ad6,train
img_src_0133,img_src_0133_clean_01.png,data/generated/images/img_src_0133_clean_01.png,image,0,clean,0.0,a1eb0cede07440a6fdfbad0062a28326b43acf47c47539a0a1cc7b2d41d602d6,train
img_src_0133,img_src_0133_clean_02.png,data/generated/images/img_src_0133_clean_02.png,image,0,clean,0.0,a1eb0cede07440a6fdfbad0062a28326b43acf47c47539a0a1cc7b2d41d602d6,train
img_src_0133,img_src_0133_stego_lsb_matching_0.20.png,data/generated/images/img_src_0133_stego_lsb_matching_0.20.png,image,1,lsb_matching,0.2,e6d9837f47536c7347bf55c17dfd8173db144efe3d6f674e6be40e7122871575,train
img_src_0133,img_src_0133_stego_edge_adaptive_0.30.png,data/generated/images/img_src_0133_stego_edge_adaptive_0.30.png,image,1,edge_adaptive,0.3,1b698c7bb3f1ef5d9f594688bb4ee3950f218032d2dd9a78a9962e7211495cdd,train
img_src_0134,img_src_0134_clean_01.png,data/generated/images/img_src_0134_clean_01.png,image,0,clean,0.0,f4346722d5fb98016c88da23e0ebce2b2c632ca0eadf38b058157214abe1a591,test
img_src_0134,img_src_0134_clean_02.png,data/generated/images/img_src_0134_clean_02.png,image,0,clean,0.0,f4346722d5fb98016c88da23e0ebce2b2c632ca0eadf38b058157214abe1a591,test
img_src_0134,img_src_0134_stego_edge_adaptive_0.30.png,data/generated/images/img_src_0134_stego_edge_adaptive_0.30.png,image,1,edge_adaptive,0.3,e4e5bc2aba0060dde0f73dea7d4af14823d773221f844a962f5f161402e06bb6,test
img_src_0134,img_src_0134_stego_dct_ac_0.50.png,data/generated/images/img_src_0134_stego_dct_ac_0.50.png,image,1,dct_ac,0.5,70f68f46051b155308651620602b6fe8b33a56d817054dc96864d073630c392e,test
img_src_0135,img_src_0135_clean_01.png,data/generated/images/img_src_0135_clean_01.png,image,0,clean,0.0,55477a2e1d569a1e34d90218d9ddeb799f1dee97da17ba4a1c56fda1b54a7706,train
img_src_0135,img_src_0135_clean_02.png,data/generated/images/img_src_0135_clean_02.png,image,0,clean,0.0,55477a2e1d569a1e34d90218d9ddeb799f1dee97da17ba4a1c56fda1b54a7706,train
img_src_0135,img_src_0135_stego_dct_ac_0.50.png,data/generated/images/img_src_0135_stego_dct_ac_0.50.png,image,1,dct_ac,0.5,524957beec03e2293d03c5428f5ba7919e944c87e86365bdcb5ca065b528ce29,train
img_src_0135,img_src_0135_stego_lsb_replacement_0.10.png,data/generated/images/img_src_0135_stego_lsb_replacement_0.10.png,image,1,lsb_replacement,0.1,da11f361c1afa168682e7d074160fffdf753d0312db0acca89720762177a4194,train
img_src_0136,img_src_0136_clean_01.png,data/generated/images/img_src_0136_clean_01.png,image,0,clean,0.0,ddd2e309a686ffcea6ad1ccacb31c8ddd3cdf86a94907f23154ce032826ff8dc,train
img_src_0136,img_src_0136_clean_02.png,data/generated/images/img_src_0136_clean_02.png,image,0,clean,0.0,ddd2e309a686ffcea6ad1ccacb31c8ddd3cdf86a94907f23154ce032826ff8dc,train
img_src_0136,img_src_0136_stego_lsb_replacement_0.10.png,data/generated/images/img_src_0136_stego_lsb_replacement_0.10.png,image,1,lsb_replacement,0.1,8c8577e15c2d1b42f93432616d05d36c7bb5c9deb7b077d0cbc6ab6685cbcc32,train
img_src_0136,img_src_0136_stego_lsb_matching_0.20.png,data/generated/images/img_src_0136_stego_lsb_matching_0.20.png,image,1,lsb_matching,0.2,c2ca369eb9f55b47d919ec91de88354d52b08f17c10324cb26e2229df05248e5,train
img_src_0137,img_src_0137_clean_01.png,data/generated/images/img_src_0137_clean_01.png,image,0,clean,0.0,6235ce510852ba5597379d1a3a54bc92379e27a6e5dbebecba58570dcd5bb69b,train
img_src_0137,img_src_0137_clean_02.png,data/generated/images/img_src_0137_clean_02.png,image,0,clean,0.0,6235ce510852ba5597379d1a3a54bc92379e27a6e5dbebecba58570dcd5bb69b,train
img_src_0137,img_src_0137_stego_lsb_matching_0.20.png,data/generated/images/img_src_0137_stego_lsb_matching_0.20.png,image,1,lsb_matching,0.2,c84d71f0cff366b0ba41179c4808a49a8df4fb2eef43048a5335d505418dda3f,train
img_src_0137,img_src_0137_stego_edge_adaptive_0.30.png,data/generated/images/img_src_0137_stego_edge_adaptive_0.30.png,image,1,edge_adaptive,0.3,42336a602f882c10ba96b054767fe50525f1b8d4f7bc35d048feb3f5095894fe,train
img_src_0138,img_src_0138_clean_01.png,data/generated/images/img_src_0138_clean_01.png,image,0,clean,0.0,046489b1fcdaad530b16ba3350be8eb3eee104b071c5fd7f6e251995bed1c802,train
img_src_0138,img_src_0138_clean_02.png,data/generated/images/img_src_0138_clean_02.png,image,0,clean,0.0,046489b1fcdaad530b16ba3350be8eb3eee104b071c5fd7f6e251995bed1c802,train
img_src_0138,img_src_0138_stego_edge_adaptive_0.30.png,data/generated/images/img_src_0138_stego_edge_adaptive_0.30.png,image,1,edge_adaptive,0.3,3695adca68a3dd64ccc8796d347f274b10b018d1a84a1e226778b9b66d7e0ebb,train
img_src_0138,img_src_0138_stego_dct_ac_0.50.png,data/generated/images/img_src_0138_stego_dct_ac_0.50.png,image,1,dct_ac,0.5,bffb2eea9563a0ff09f9ca4a668268eb7232443b5a4b3139208e3eeb215c1a74,train
img_src_0139,img_src_0139_clean_01.png,data/generated/images/img_src_0139_clean_01.png,image,0,clean,0.0,507daf8afc3f3e5c689d0185db862255b8dc205898cd2d76c00dda0b458193d6,train
img_src_0139,img_src_0139_clean_02.png,data/generated/images/img_src_0139_clean_02.png,image,0,clean,0.0,507daf8afc3f3e5c689d0185db862255b8dc205898cd2d76c00dda0b458193d6,train
img_src_0139,img_src_0139_stego_dct_ac_0.50.png,data/generated/images/img_src_0139_stego_dct_ac_0.50.png,image,1,dct_ac,0.5,98c81660934afeb21d19cb36bb00924974275a24ba782070fd9e71e3e3efc79b,train
img_src_0139,img_src_0139_stego_lsb_replacement_0.10.png,data/generated/images/img_src_0139_stego_lsb_replacement_0.10.png,image,1,lsb_replacement,0.1,2e83177fb4585b9ef91b377629189f3b1dc7de2b2407ad9d43fad6eb61cf9a47,train
img_src_0140,img_src_0140_clean_01.png,data/generated/images/img_src_0140_clean_01.png,image,0,clean,0.0,94decd1b8139c98d89c99527178f2c46c56b5a640a6f22fd7fb056b6c0d43790,train
img_src_0140,img_src_0140_clean_02.png,data/generated/images/img_src_0140_clean_02.png,image,0,clean,0.0,94decd1b8139c98d89c99527178f2c46c56b5a640a6f22fd7fb056b6c0d43790,train
img_src_0140,img_src_0140_stego_lsb_replacement_0.10.png,data/generated/images/img_src_0140_stego_lsb_replacement_0.10.png,image,1,lsb_replacement,0.1,997db54c3d6dc0fd42d854037bfc77b9a303eb29b69308aefb10c7161f571273,train
img_src_0140,img_src_0140_stego_lsb_matching_0.20.png,data/generated/images/img_src_0140_stego_lsb_matching_0.20.png,image,1,lsb_matching,0.2,86681eed0e94553ae47e0b7518c28b5513c03cbf254a7da8ba6633a1fe3e3d38,train
img_src_0141,img_src_0141_clean_01.png,data/generated/images/img_src_0141_clean_01.png,image,0,clean,0.0,e63daa2a037f559bbe8f84d734f521375f66553adfa0e1d8d1514ea4e05b9b16,train
img_src_0141,img_src_0141_clean_02.png,data/generated/images/img_src_0141_clean_02.png,image,0,clean,0.0,e63daa2a037f559bbe8f84d734f521375f66553adfa0e1d8d1514ea4e05b9b16,train
img_src_0141,img_src_0141_stego_lsb_matching_0.20.png,data/generated/images/img_src_0141_stego_lsb_matching_0.20.png,image,1,lsb_matching,0.2,c631e353f854254f975250e4689023d6377119f5e7b88b41ff0acf5c1a227cc6,train
img_src_0141,img_src_0141_stego_edge_adaptive_0.30.png,data/generated/images/img_src_0141_stego_edge_adaptive_0.30.png,image,1,edge_adaptive,0.3,0bb4d87b31347257c20bdb2d793f5e6e16cc1ae89cb6afc1d3f9813d471785bb,train
img_src_0142,img_src_0142_clean_01.png,data/generated/images/img_src_0142_clean_01.png,image,0,clean,0.0,040e8864564340ac8b16d5bbdc2f9ed9e67165c2ec63898a8221566d7903a2da,train
img_src_0142,img_src_0142_clean_02.png,data/generated/images/img_src_0142_clean_02.png,image,0,clean,0.0,040e8864564340ac8b16d5bbdc2f9ed9e67165c2ec63898a8221566d7903a2da,train
img_src_0142,img_src_0142_stego_edge_adaptive_0.30.png,data/generated/images/img_src_0142_stego_edge_adaptive_0.30.png,image,1,edge_adaptive,0.3,cce9cc1a84ca4959ee9bf4e446087fbfad0b8872528dc1b53fa110045892660f,train
img_src_0142,img_src_0142_stego_dct_ac_0.50.png,data/generated/images/img_src_0142_stego_dct_ac_0.50.png,image,1,dct_ac,0.5,78672e81e80518be9e14cfccae2275e19f74eb170a7aafef8a647a2bbfb5a9fc,train
img_src_0143,img_src_0143_clean_01.png,data/generated/images/img_src_0143_clean_01.png,image,0,clean,0.0,11a9cd1b9ebb7ebe286e777d99d83baf9fcb3bf4c2cfb9ed39c8bf31c6d31c1a,val
img_src_0143,img_src_0143_clean_02.png,data/generated/images/img_src_0143_clean_02.png,image,0,clean,0.0,11a9cd1b9ebb7ebe286e777d99d83baf9fcb3bf4c2cfb9ed39c8bf31c6d31c1a,val
img_src_0143,img_src_0143_stego_dct_ac_0.50.png,data/generated/images/img_src_0143_stego_dct_ac_0.50.png,image,1,dct_ac,0.5,dae1d128bbf94690855fd91a113d6a26cb07b6b5b8a244a4349ebad5d9f7c309,val
img_src_0143,img_src_0143_stego_lsb_replacement_0.10.png,data/generated/images/img_src_0143_stego_lsb_replacement_0.10.png,image,1,lsb_replacement,0.1,cfa75bc3c27698fd0c3674c607c58283a972261c90e5b5d013406366402464ea,val
img_src_0144,img_src_0144_clean_01.png,data/generated/images/img_src_0144_clean_01.png,image,0,clean,0.0,564e9ba6ee57c3ffca9e31151c81358c6f9128fee9539c31ff65a72f1ccb81b3,train
img_src_0144,img_src_0144_clean_02.png,data/generated/images/img_src_0144_clean_02.png,image,0,clean,0.0,564e9ba6ee57c3ffca9e31151c81358c6f9128fee9539c31ff65a72f1ccb81b3,train
img_src_0144,img_src_0144_stego_lsb_replacement_0.10.png,data/generated/images/img_src_0144_stego_lsb_replacement_0.10.png,image,1,lsb_replacement,0.1,d1e8eea3a20d9a5dd385c2aa9f7da69dcf0b8a88e6f4f9076a8fcb6ae88c89d4,train
img_src_0144,img_src_0144_stego_lsb_matching_0.20.png,data/generated/images/img_src_0144_stego_lsb_matching_0.20.png,image,1,lsb_matching,0.2,52caf60d6114d20f5d9dd1600d858bf2bcd8024c59b6b219e3f872b9daf32696,train
img_src_0145,img_src_0145_clean_01.png,data/generated/images/img_src_0145_clean_01.png,image,0,clean,0.0,6dba6eb340bf17cf42c33ecc2c6a7ed92023d4babb9467a8fcd477366a914ab1,train
img_src_0145,img_src_0145_clean_02.png,data/generated/images/img_src_0145_clean_02.png,image,0,clean,0.0,6dba6eb340bf17cf42c33ecc2c6a7ed92023d4babb9467a8fcd477366a914ab1,train
img_src_0145,img_src_0145_stego_lsb_matching_0.20.png,data/generated/images/img_src_0145_stego_lsb_matching_0.20.png,image,1,lsb_matching,0.2,84f8c2ceb97f844ae1482bedbb8834fef6e35a17793ac3939031328c455f0af8,train
img_src_0145,img_src_0145_stego_edge_adaptive_0.30.png,data/generated/images/img_src_0145_stego_edge_adaptive_0.30.png,image,1,edge_adaptive,0.3,4ef010e80b2659daac130fce995e519e7e27001a72e2e0060c338fa32358720e,train
img_src_0146,img_src_0146_clean_01.png,data/generated/images/img_src_0146_clean_01.png,image,0,clean,0.0,33b784686e3dcc824b1a24830ed7f535664e8e50995aa7dfb4952733b9a6fc4c,val
img_src_0146,img_src_0146_clean_02.png,data/generated/images/img_src_0146_clean_02.png,image,0,clean,0.0,33b784686e3dcc824b1a24830ed7f535664e8e50995aa7dfb4952733b9a6fc4c,val
img_src_0146,img_src_0146_stego_edge_adaptive_0.30.png,data/generated/images/img_src_0146_stego_edge_adaptive_0.30.png,image,1,edge_adaptive,0.3,fb419421e703b2a30f982853c5505d4412dc86b7b597f0c27be8ad1b281cf424,val
img_src_0146,img_src_0146_stego_dct_ac_0.50.png,data/generated/images/img_src_0146_stego_dct_ac_0.50.png,image,1,dct_ac,0.5,cba4f60d63dd3b3c8d34bd3cecbdb388157e3c94b4100f75f7f875e261ef242f,val
img_src_0147,img_src_0147_clean_01.png,data/generated/images/img_src_0147_clean_01.png,image,0,clean,0.0,0df79f7e375e73e34a5811ed13dd956aed79859c811526c8ded5757f3fefefb6,val
img_src_0147,img_src_0147_clean_02.png,data/generated/images/img_src_0147_clean_02.png,image,0,clean,0.0,0df79f7e375e73e34a5811ed13dd956aed79859c811526c8ded5757f3fefefb6,val
img_src_0147,img_src_0147_stego_dct_ac_0.50.png,data/generated/images/img_src_0147_stego_dct_ac_0.50.png,image,1,dct_ac,0.5,6199b603f7f106f8ce70aadf6f4cfbc18e34e39c73d2f6243e489141bca4c3e4,val
img_src_0147,img_src_0147_stego_lsb_replacement_0.10.png,data/generated/images/img_src_0147_stego_lsb_replacement_0.10.png,image,1,lsb_replacement,0.1,04a40c3e97979320852152b3d3f14ee4dbd67f96d8430732b2ac03362ab7a911,val
img_src_0148,img_src_0148_clean_01.png,data/generated/images/img_src_0148_clean_01.png,image,0,clean,0.0,bad93697a3f0f5d566ca4a3c495d1ea903e90329bbdd08986b8eeb56c24d0066,train
img_src_0148,img_src_0148_clean_02.png,data/generated/images/img_src_0148_clean_02.png,image,0,clean,0.0,bad93697a3f0f5d566ca4a3c495d1ea903e90329bbdd08986b8eeb56c24d0066,train
img_src_0148,img_src_0148_stego_lsb_replacement_0.10.png,data/generated/images/img_src_0148_stego_lsb_replacement_0.10.png,image,1,lsb_replacement,0.1,f5861a6b949e081bf596442555c3698ebfb73a87bc0bbaa5c72df98acb2028fb,train
img_src_0148,img_src_0148_stego_lsb_matching_0.20.png,data/generated/images/img_src_0148_stego_lsb_matching_0.20.png,image,1,lsb_matching,0.2,46c25873d73b1591bd98d5b7a57336f1af735dbb3963667142c8855a09cb6522,train
img_src_0149,img_src_0149_clean_01.png,data/generated/images/img_src_0149_clean_01.png,image,0,clean,0.0,546746d52ee0ccb239a695dd9f9692b0f024f8fe7179d92b0e71522b00292f2a,train
img_src_0149,img_src_0149_clean_02.png,data/generated/images/img_src_0149_clean_02.png,image,0,clean,0.0,546746d52ee0ccb239a695dd9f9692b0f024f8fe7179d92b0e71522b00292f2a,train
img_src_0149,img_src_0149_stego_lsb_matching_0.20.png,data/generated/images/img_src_0149_stego_lsb_matching_0.20.png,image,1,lsb_matching,0.2,4bbfe3c56d1ed2f15a8fc9097d1b7dc50bf5c4e3a7b8304205c03a51d1629da1,train
img_src_0149,img_src_0149_stego_edge_adaptive_0.30.png,data/generated/images/img_src_0149_stego_edge_adaptive_0.30.png,image,1,edge_adaptive,0.3,e9a28a46aab8c148a273c54945cfa748907fdc1684ac9143c9d5185f9dff9e40,train
img_src_0150,img_src_0150_clean_01.png,data/generated/images/img_src_0150_clean_01.png,image,0,clean,0.0,dd27dbe2c4ad07b0f85ca6e99dc35ad4a424a3ead44cec941a0380e356b01fcc,val
img_src_0150,img_src_0150_clean_02.png,data/generated/images/img_src_0150_clean_02.png,image,0,clean,0.0,dd27dbe2c4ad07b0f85ca6e99dc35ad4a424a3ead44cec941a0380e356b01fcc,val
img_src_0150,img_src_0150_stego_edge_adaptive_0.30.png,data/generated/images/img_src_0150_stego_edge_adaptive_0.30.png,image,1,edge_adaptive,0.3,333c7dd8af1604bcf889f9e32689cf0165a65a126acedd67eeb5fa89344090d7,val
img_src_0150,img_src_0150_stego_dct_ac_0.50.png,data/generated/images/img_src_0150_stego_dct_ac_0.50.png,image,1,dct_ac,0.5,6bc1aefaeb98129e653bcd1081d7826467f69e12eedfa45273b1684703331049,val
img_src_0151,img_src_0151_clean_01.png,data/generated/images/img_src_0151_clean_01.png,image,0,clean,0.0,9b0e2d968bf29bddcb86c78c4223ef10f627aa356d7ef9c0f63c3ade2d3d1ccc,val
img_src_0151,img_src_0151_clean_02.png,data/generated/images/img_src_0151_clean_02.png,image,0,clean,0.0,9b0e2d968bf29bddcb86c78c4223ef10f627aa356d7ef9c0f63c3ade2d3d1ccc,val
img_src_0151,img_src_0151_stego_dct_ac_0.50.png,data/generated/images/img_src_0151_stego_dct_ac_0.50.png,image,1,dct_ac,0.5,5af530151b9eb8cfde2229ca349ed38d397c88db830f41deab5632092a357165,val
img_src_0151,img_src_0151_stego_lsb_replacement_0.10.png,data/generated/images/img_src_0151_stego_lsb_replacement_0.10.png,image,1,lsb_replacement,0.1,eeb79e4d62d3789d9a85774af3d58851f4c9ab2bec36f2fdf00ae2436774a7ed,val
img_src_0152,img_src_0152_clean_01.png,data/generated/images/img_src_0152_clean_01.png,image,0,clean,0.0,924f8f703bc24fe79839299d556be19c8f1fef6afe188af1ca09abc1594a9f48,val
img_src_0152,img_src_0152_clean_02.png,data/generated/images/img_src_0152_clean_02.png,image,0,clean,0.0,924f8f703bc24fe79839299d556be19c8f1fef6afe188af1ca09abc1594a9f48,val
img_src_0152,img_src_0152_stego_lsb_replacement_0.10.png,data/generated/images/img_src_0152_stego_lsb_replacement_0.10.png,image,1,lsb_replacement,0.1,0ab6f411db3e4b5873386a14af37c84cd5226b2e8cbec04c957b419b4cd3d02b,val
img_src_0152,img_src_0152_stego_lsb_matching_0.20.png,data/generated/images/img_src_0152_stego_lsb_matching_0.20.png,image,1,lsb_matching,0.2,aa38f73851da1a0a3b40439c50d6c1e4add8be103c6a7255d135eac45e4d7c01,val
img_src_0153,img_src_0153_clean_01.png,data/generated/images/img_src_0153_clean_01.png,image,0,clean,0.0,a0ba4c9f6c361e986a9bd0f994d4ee2afbaf20822254ee1fd7a79551dd7ca0a1,train
img_src_0153,img_src_0153_clean_02.png,data/generated/images/img_src_0153_clean_02.png,image,0,clean,0.0,a0ba4c9f6c361e986a9bd0f994d4ee2afbaf20822254ee1fd7a79551dd7ca0a1,train
img_src_0153,img_src_0153_stego_lsb_matching_0.20.png,data/generated/images/img_src_0153_stego_lsb_matching_0.20.png,image,1,lsb_matching,0.2,6cd0e6615218ea99f5466af34ea7241f9b29d35563249306c9457adb2c517e27,train
img_src_0153,img_src_0153_stego_edge_adaptive_0.30.png,data/generated/images/img_src_0153_stego_edge_adaptive_0.30.png,image,1,edge_adaptive,0.3,9ba15738a6607df6384b0404e4f57d4ddf563d16378980a4758bd73ba4a5c861,train
img_src_0154,img_src_0154_clean_01.png,data/generated/images/img_src_0154_clean_01.png,image,0,clean,0.0,843ada97dfdd0d35dad4ece99ac2ec295ea924764ac0f61a20dad3781e395366,train
img_src_0154,img_src_0154_clean_02.png,data/generated/images/img_src_0154_clean_02.png,image,0,clean,0.0,843ada97dfdd0d35dad4ece99ac2ec295ea924764ac0f61a20dad3781e395366,train
img_src_0154,img_src_0154_stego_edge_adaptive_0.30.png,data/generated/images/img_src_0154_stego_edge_adaptive_0.30.png,image,1,edge_adaptive,0.3,5c0a4ae86abdc12424c338040ac2cadb25d4f757fdfca56cecb16f6d95deb58f,train
img_src_0154,img_src_0154_stego_dct_ac_0.50.png,data/generated/images/img_src_0154_stego_dct_ac_0.50.png,image,1,dct_ac,0.5,d495d1c4ddeae049fc3d33c7977e906927cc53de75a513d9c8da30876d4ff6e6,train
img_src_0155,img_src_0155_clean_01.png,data/generated/images/img_src_0155_clean_01.png,image,0,clean,0.0,46ff6d1e2824a0cb859e0cd40715491d6516f2643e7e03c607195fd5d62167b6,train
img_src_0155,img_src_0155_clean_02.png,data/generated/images/img_src_0155_clean_02.png,image,0,clean,0.0,46ff6d1e2824a0cb859e0cd40715491d6516f2643e7e03c607195fd5d62167b6,train
img_src_0155,img_src_0155_stego_dct_ac_0.50.png,data/generated/images/img_src_0155_stego_dct_ac_0.50.png,image,1,dct_ac,0.5,c5bbcb53f7df27040a8df816c8c59531adb013b8db1273743089e7205bba00c7,train
img_src_0155,img_src_0155_stego_lsb_replacement_0.10.png,data/generated/images/img_src_0155_stego_lsb_replacement_0.10.png,image,1,lsb_replacement,0.1,18a970c5af48aad122a41bd449f5cf3dda219356ba874b1614e5c3853e739012,train
img_src_0156,img_src_0156_clean_01.png,data/generated/images/img_src_0156_clean_01.png,image,0,clean,0.0,4ae7dd75638a49413f422763af65c80f567025154283f5208556f86b3db1eeca,train
img_src_0156,img_src_0156_clean_02.png,data/generated/images/img_src_0156_clean_02.png,image,0,clean,0.0,4ae7dd75638a49413f422763af65c80f567025154283f5208556f86b3db1eeca,train
img_src_0156,img_src_0156_stego_lsb_replacement_0.10.png,data/generated/images/img_src_0156_stego_lsb_replacement_0.10.png,image,1,lsb_replacement,0.1,5f0ab321d06170060b5ad85761c2a72cb9b9d34fe519e5a14e46026813087edf,train
img_src_0156,img_src_0156_stego_lsb_matching_0.20.png,data/generated/images/img_src_0156_stego_lsb_matching_0.20.png,image,1,lsb_matching,0.2,815a1d4a740937ed4adc91f7ba0a38c06502d999c51d760cee7f8b2afde7eba5,train
img_src_0157,img_src_0157_clean_01.png,data/generated/images/img_src_0157_clean_01.png,image,0,clean,0.0,87d31f5cec1248836f4e5558528263e1ebb50c19421163d1339dd74c4105b9da,val
img_src_0157,img_src_0157_clean_02.png,data/generated/images/img_src_0157_clean_02.png,image,0,clean,0.0,87d31f5cec1248836f4e5558528263e1ebb50c19421163d1339dd74c4105b9da,val
img_src_0157,img_src_0157_stego_lsb_matching_0.20.png,data/generated/images/img_src_0157_stego_lsb_matching_0.20.png,image,1,lsb_matching,0.2,17bedb0cf13c8c4adee92a12d6f79853f1ea3b884939e1219f89c3b839bc20cd,val
img_src_0157,img_src_0157_stego_edge_adaptive_0.30.png,data/generated/images/img_src_0157_stego_edge_adaptive_0.30.png,image,1,edge_adaptive,0.3,aed4a57e35afe1c4fd8c1353b6dbaf477ce9744cfc88de77dabaf75a4462ff1d,val
img_src_0158,img_src_0158_clean_01.png,data/generated/images/img_src_0158_clean_01.png,image,0,clean,0.0,c01f6b4475d8dfea610cc21279703ce49df0189b16b9fbf1694676c233e2b4ed,train
img_src_0158,img_src_0158_clean_02.png,data/generated/images/img_src_0158_clean_02.png,image,0,clean,0.0,c01f6b4475d8dfea610cc21279703ce49df0189b16b9fbf1694676c233e2b4ed,train
img_src_0158,img_src_0158_stego_edge_adaptive_0.30.png,data/generated/images/img_src_0158_stego_edge_adaptive_0.30.png,image,1,edge_adaptive,0.3,60b04d3863b29223e5f60c3a5e9fced8fb4fa0ef6c10b820ec5a1c3606e85987,train
img_src_0158,img_src_0158_stego_dct_ac_0.50.png,data/generated/images/img_src_0158_stego_dct_ac_0.50.png,image,1,dct_ac,0.5,5ee70a944938bc31bf02ce49295dd51cda014da5d0f3ff6904b762f7b5aab00b,train
img_src_0159,img_src_0159_clean_01.png,data/generated/images/img_src_0159_clean_01.png,image,0,clean,0.0,e2ec396cabaa0eb1434dfc9d03c2b39e795cf819c775968b305432e68962ec65,val
img_src_0159,img_src_0159_clean_02.png,data/generated/images/img_src_0159_clean_02.png,image,0,clean,0.0,e2ec396cabaa0eb1434dfc9d03c2b39e795cf819c775968b305432e68962ec65,val
img_src_0159,img_src_0159_stego_dct_ac_0.50.png,data/generated/images/img_src_0159_stego_dct_ac_0.50.png,image,1,dct_ac,0.5,b6e7784aab3090e5bdd8954dd1f6094addad020e74c82e8786c23c6896242ccc,val
img_src_0159,img_src_0159_stego_lsb_replacement_0.10.png,data/generated/images/img_src_0159_stego_lsb_replacement_0.10.png,image,1,lsb_replacement,0.1,044a45749a9c78f6d1912f284447536bfd4f2f92b31841490dde128094eb43a4,val
img_src_0160,img_src_0160_clean_01.png,data/generated/images/img_src_0160_clean_01.png,image,0,clean,0.0,d9825ff77fdff83eabda7c4e26dae1c215aa071861b4a8950c1e95d045dba0e6,val
img_src_0160,img_src_0160_clean_02.png,data/generated/images/img_src_0160_clean_02.png,image,0,clean,0.0,d9825ff77fdff83eabda7c4e26dae1c215aa071861b4a8950c1e95d045dba0e6,val
img_src_0160,img_src_0160_stego_lsb_replacement_0.10.png,data/generated/images/img_src_0160_stego_lsb_replacement_0.10.png,image,1,lsb_replacement,0.1,5d338664712a2efa4062a73c67c11f8b0b91d4764841e71443a2c943dc32e43c,val
img_src_0160,img_src_0160_stego_lsb_matching_0.20.png,data/generated/images/img_src_0160_stego_lsb_matching_0.20.png,image,1,lsb_matching,0.2,07a58e781387dd7056af3b88efdf8c5dfddcccf027a9e5cf8d105ab3f75ee7c9,val
img_src_0161,img_src_0161_clean_01.png,data/generated/images/img_src_0161_clean_01.png,image,0,clean,0.0,a45eedb6d1231f9e93fc48524e83600bb3423095e3407cf21fe478a276582938,test
img_src_0161,img_src_0161_clean_02.png,data/generated/images/img_src_0161_clean_02.png,image,0,clean,0.0,a45eedb6d1231f9e93fc48524e83600bb3423095e3407cf21fe478a276582938,test
img_src_0161,img_src_0161_stego_lsb_matching_0.20.png,data/generated/images/img_src_0161_stego_lsb_matching_0.20.png,image,1,lsb_matching,0.2,dba376f5788e34c8401c366a84262c4d51e4e0fd3fadb3bcaf0c67a175327ef9,test
img_src_0161,img_src_0161_stego_edge_adaptive_0.30.png,data/generated/images/img_src_0161_stego_edge_adaptive_0.30.png,image,1,edge_adaptive,0.3,58c9083bd7d8f85a787375c1c42277c074353482fe5397a062bd70b8b59e38ca,test
img_src_0162,img_src_0162_clean_01.png,data/generated/images/img_src_0162_clean_01.png,image,0,clean,0.0,d5ee025a227efc59503b90a180e43ed42404950d137499e8cc0f6ab5f207d2ac,val
img_src_0162,img_src_0162_clean_02.png,data/generated/images/img_src_0162_clean_02.png,image,0,clean,0.0,d5ee025a227efc59503b90a180e43ed42404950d137499e8cc0f6ab5f207d2ac,val
img_src_0162,img_src_0162_stego_edge_adaptive_0.30.png,data/generated/images/img_src_0162_stego_edge_adaptive_0.30.png,image,1,edge_adaptive,0.3,71b6566f9be984e31a5ca0e62397190644a9ba573a9ca9c26c039361b7edbff3,val
img_src_0162,img_src_0162_stego_dct_ac_0.50.png,data/generated/images/img_src_0162_stego_dct_ac_0.50.png,image,1,dct_ac,0.5,20318a3809004f8338ae7a8e2a8ae48c3963f297ad1a58ac01ba938d738a473a,val
img_src_0163,img_src_0163_clean_01.png,data/generated/images/img_src_0163_clean_01.png,image,0,clean,0.0,69c80cace8111aeab7be7d63024a75b349f689865c7dd7be7cd161915b276782,train
img_src_0163,img_src_0163_clean_02.png,data/generated/images/img_src_0163_clean_02.png,image,0,clean,0.0,69c80cace8111aeab7be7d63024a75b349f689865c7dd7be7cd161915b276782,train
img_src_0163,img_src_0163_stego_dct_ac_0.50.png,data/generated/images/img_src_0163_stego_dct_ac_0.50.png,image,1,dct_ac,0.5,ba790ef3d5e43493eec7ff6541c83bf2f548a20e58a655791c5adb6b0fa96b75,train
img_src_0163,img_src_0163_stego_lsb_replacement_0.10.png,data/generated/images/img_src_0163_stego_lsb_replacement_0.10.png,image,1,lsb_replacement,0.1,17410648e11263ab6befedd061ee9a1bdc946abcf74eba897a7c0f1b23c8a5db,train
img_src_0164,img_src_0164_clean_01.png,data/generated/images/img_src_0164_clean_01.png,image,0,clean,0.0,72a84065963f9d33d6021ffb127dc6c59f7a927e777dad45730be0d5fe2c03b1,train
img_src_0164,img_src_0164_clean_02.png,data/generated/images/img_src_0164_clean_02.png,image,0,clean,0.0,72a84065963f9d33d6021ffb127dc6c59f7a927e777dad45730be0d5fe2c03b1,train
img_src_0164,img_src_0164_stego_lsb_replacement_0.10.png,data/generated/images/img_src_0164_stego_lsb_replacement_0.10.png,image,1,lsb_replacement,0.1,2bd37b0f3706d23d420a5ff1bc6a799361decda0d54cb2ad6bdce1b892d239fb,train
img_src_0164,img_src_0164_stego_lsb_matching_0.20.png,data/generated/images/img_src_0164_stego_lsb_matching_0.20.png,image,1,lsb_matching,0.2,9430953b904ddac1b7f33951cedd1b80b74f645130760b51247d8d97b638ad27,train
img_src_0165,img_src_0165_clean_01.png,data/generated/images/img_src_0165_clean_01.png,image,0,clean,0.0,ff589ccf320ca75d4e6b325c541ef822eb3c454c5e449b8ad8b694b9625332bb,train
img_src_0165,img_src_0165_clean_02.png,data/generated/images/img_src_0165_clean_02.png,image,0,clean,0.0,ff589ccf320ca75d4e6b325c541ef822eb3c454c5e449b8ad8b694b9625332bb,train
img_src_0165,img_src_0165_stego_lsb_matching_0.20.png,data/generated/images/img_src_0165_stego_lsb_matching_0.20.png,image,1,lsb_matching,0.2,18c8d8dcc1dded71bdaef82f8c63d0cd3efadcf74dfd9e6a3a1b1a1e97520f7a,train
img_src_0165,img_src_0165_stego_edge_adaptive_0.30.png,data/generated/images/img_src_0165_stego_edge_adaptive_0.30.png,image,1,edge_adaptive,0.3,e483717cc9d04e51146655391c778427d86039c47d4b18d422dff4f5e3bc1463,train
img_src_0166,img_src_0166_clean_01.png,data/generated/images/img_src_0166_clean_01.png,image,0,clean,0.0,05614df56ca665b00e102e49be0ae857a494fc061b81521ac06b8cda469453bf,test
img_src_0166,img_src_0166_clean_02.png,data/generated/images/img_src_0166_clean_02.png,image,0,clean,0.0,05614df56ca665b00e102e49be0ae857a494fc061b81521ac06b8cda469453bf,test
img_src_0166,img_src_0166_stego_edge_adaptive_0.30.png,data/generated/images/img_src_0166_stego_edge_adaptive_0.30.png,image,1,edge_adaptive,0.3,9a2416d347e85433cecbb6be494f17814ffa5ba6cec39522c976fed279b5d302,test
img_src_0166,img_src_0166_stego_dct_ac_0.50.png,data/generated/images/img_src_0166_stego_dct_ac_0.50.png,image,1,dct_ac,0.5,697facee3e263752ec11fbf4808d019b52c437bc484ba86903dcd17fe0f08d26,test
img_src_0167,img_src_0167_clean_01.png,data/generated/images/img_src_0167_clean_01.png,image,0,clean,0.0,ee44fd1edbd55cc271df45f66478b62d8d086375fa29353630becf5a8ceb5bfb,train
img_src_0167,img_src_0167_clean_02.png,data/generated/images/img_src_0167_clean_02.png,image,0,clean,0.0,ee44fd1edbd55cc271df45f66478b62d8d086375fa29353630becf5a8ceb5bfb,train
img_src_0167,img_src_0167_stego_dct_ac_0.50.png,data/generated/images/img_src_0167_stego_dct_ac_0.50.png,image,1,dct_ac,0.5,e45f9ecf7562b987ee9c7674cbba1326cd3158e3e5e78d01d686f0a61d73f624,train
img_src_0167,img_src_0167_stego_lsb_replacement_0.10.png,data/generated/images/img_src_0167_stego_lsb_replacement_0.10.png,image,1,lsb_replacement,0.1,ce5fa467ea1f1991fe55af4c96306597e15f5448b2e40c7f9794e73428e01e11,train
img_src_0168,img_src_0168_clean_01.png,data/generated/images/img_src_0168_clean_01.png,image,0,clean,0.0,6e89c47a5bdd0079ffcfbeab0945216bae75a70cecc2c39b8d514b328457b77b,train
img_src_0168,img_src_0168_clean_02.png,data/generated/images/img_src_0168_clean_02.png,image,0,clean,0.0,6e89c47a5bdd0079ffcfbeab0945216bae75a70cecc2c39b8d514b328457b77b,train
img_src_0168,img_src_0168_stego_lsb_replacement_0.10.png,data/generated/images/img_src_0168_stego_lsb_replacement_0.10.png,image,1,lsb_replacement,0.1,729cf75039795a0adeff96033021352a442a7eaa7628744ef45eb05379fb4349,train
img_src_0168,img_src_0168_stego_lsb_matching_0.20.png,data/generated/images/img_src_0168_stego_lsb_matching_0.20.png,image,1,lsb_matching,0.2,dea37d8526318eb2f66ff5cc23ecd23f7be3a3c868ace899fa3f74bcdb99fac5,train
img_src_0169,img_src_0169_clean_01.png,data/generated/images/img_src_0169_clean_01.png,image,0,clean,0.0,dd85bbf80621fa3fe704629f2de6f405871475a02c9ad87e4570e4243f1dff66,train
img_src_0169,img_src_0169_clean_02.png,data/generated/images/img_src_0169_clean_02.png,image,0,clean,0.0,dd85bbf80621fa3fe704629f2de6f405871475a02c9ad87e4570e4243f1dff66,train
img_src_0169,img_src_0169_stego_lsb_matching_0.20.png,data/generated/images/img_src_0169_stego_lsb_matching_0.20.png,image,1,lsb_matching,0.2,4228d785eb98fee42dbd0a96a94266f48a8e5eef9455e083c594ed3c144931d0,train
img_src_0169,img_src_0169_stego_edge_adaptive_0.30.png,data/generated/images/img_src_0169_stego_edge_adaptive_0.30.png,image,1,edge_adaptive,0.3,960bae47d9460dea49e7eeefb1abe4aae0db1b3054afbe5750422e6979698eba,train
img_src_0170,img_src_0170_clean_01.png,data/generated/images/img_src_0170_clean_01.png,image,0,clean,0.0,f2e424aae191b4f97c477fe159837cd36ededd69fa806761b89624fb2b2708d4,train
img_src_0170,img_src_0170_clean_02.png,data/generated/images/img_src_0170_clean_02.png,image,0,clean,0.0,f2e424aae191b4f97c477fe159837cd36ededd69fa806761b89624fb2b2708d4,train
img_src_0170,img_src_0170_stego_edge_adaptive_0.30.png,data/generated/images/img_src_0170_stego_edge_adaptive_0.30.png,image,1,edge_adaptive,0.3,c90d010047874f915d5a87c8ad4d8f4da7b7e9b3a0794b1f9e90a64926b7bf47,train
img_src_0170,img_src_0170_stego_dct_ac_0.50.png,data/generated/images/img_src_0170_stego_dct_ac_0.50.png,image,1,dct_ac,0.5,b4708022966b0fb85c6e9f4e31db08051402061c11fc792fabdf4211275910b7,train
img_src_0171,img_src_0171_clean_01.png,data/generated/images/img_src_0171_clean_01.png,image,0,clean,0.0,733bd5a0e33ca4254e3de1fafc5b1893de90cd4a70d9bebbafbabe291c1e9580,val
img_src_0171,img_src_0171_clean_02.png,data/generated/images/img_src_0171_clean_02.png,image,0,clean,0.0,733bd5a0e33ca4254e3de1fafc5b1893de90cd4a70d9bebbafbabe291c1e9580,val
img_src_0171,img_src_0171_stego_dct_ac_0.50.png,data/generated/images/img_src_0171_stego_dct_ac_0.50.png,image,1,dct_ac,0.5,6b0337abb0fce5282af0f0a26208e6583aaf9ff0b56f1607a2edac9af3ef4c86,val
img_src_0171,img_src_0171_stego_lsb_replacement_0.10.png,data/generated/images/img_src_0171_stego_lsb_replacement_0.10.png,image,1,lsb_replacement,0.1,1c673df5d3af11cc4d185945aa81c473fe8b3d11f6acbebb89254c2d2aaf9daa,val
img_src_0172,img_src_0172_clean_01.png,data/generated/images/img_src_0172_clean_01.png,image,0,clean,0.0,7f5cf0b33d65c81ea70cdb1701d2d60cfe4cef374d6405fe8048d81728e3e977,train
img_src_0172,img_src_0172_clean_02.png,data/generated/images/img_src_0172_clean_02.png,image,0,clean,0.0,7f5cf0b33d65c81ea70cdb1701d2d60cfe4cef374d6405fe8048d81728e3e977,train
img_src_0172,img_src_0172_stego_lsb_replacement_0.10.png,data/generated/images/img_src_0172_stego_lsb_replacement_0.10.png,image,1,lsb_replacement,0.1,6843860e588e23fd28330c5ba2c6abb65d6542114acd65aafb2ba329a206b6a7,train
img_src_0172,img_src_0172_stego_lsb_matching_0.20.png,data/generated/images/img_src_0172_stego_lsb_matching_0.20.png,image,1,lsb_matching,0.2,4e356c6225b5f5e757bb54e25a560aa46d821d7bbf4aa42cc16575d1f1ceb0ef,train
img_src_0173,img_src_0173_clean_01.png,data/generated/images/img_src_0173_clean_01.png,image,0,clean,0.0,c0a11e1961f8a433881177e4f4a9bb4d0d914c68c147f4cdfc658178272343e5,train
img_src_0173,img_src_0173_clean_02.png,data/generated/images/img_src_0173_clean_02.png,image,0,clean,0.0,c0a11e1961f8a433881177e4f4a9bb4d0d914c68c147f4cdfc658178272343e5,train
img_src_0173,img_src_0173_stego_lsb_matching_0.20.png,data/generated/images/img_src_0173_stego_lsb_matching_0.20.png,image,1,lsb_matching,0.2,b215fdda5d2d42fdd7b03d6345b3e033cdda3c15ec67c044d4c6f244984807a1,train
img_src_0173,img_src_0173_stego_edge_adaptive_0.30.png,data/generated/images/img_src_0173_stego_edge_adaptive_0.30.png,image,1,edge_adaptive,0.3,a22addcfd9dbbdf7a60c2916da07299e5074d53e4b3195cec0a5bd971c893177,train
img_src_0174,img_src_0174_clean_01.png,data/generated/images/img_src_0174_clean_01.png,image,0,clean,0.0,992529286957eaa46b36f63a8701cc1d20d4bc2d4a67376cd8352e85231f80f0,train
img_src_0174,img_src_0174_clean_02.png,data/generated/images/img_src_0174_clean_02.png,image,0,clean,0.0,992529286957eaa46b36f63a8701cc1d20d4bc2d4a67376cd8352e85231f80f0,train
img_src_0174,img_src_0174_stego_edge_adaptive_0.30.png,data/generated/images/img_src_0174_stego_edge_adaptive_0.30.png,image,1,edge_adaptive,0.3,fd6db7e2f82a0904bc2996ee716c9bc8fb68f4d5ce4a110f43684e475aacb9ba,train
img_src_0174,img_src_0174_stego_dct_ac_0.50.png,data/generated/images/img_src_0174_stego_dct_ac_0.50.png,image,1,dct_ac,0.5,e44b42e64ec35e6bb6e806053e3701e82cc1dec77f77421e2474b6bc7768d977,train
img_src_0175,img_src_0175_clean_01.png,data/generated/images/img_src_0175_clean_01.png,image,0,clean,0.0,bd03231def66868083568e499f80a6a3855f3767e404dd4fca3deabf29d7c107,train
img_src_0175,img_src_0175_clean_02.png,data/generated/images/img_src_0175_clean_02.png,image,0,clean,0.0,bd03231def66868083568e499f80a6a3855f3767e404dd4fca3deabf29d7c107,train
img_src_0175,img_src_0175_stego_dct_ac_0.50.png,data/generated/images/img_src_0175_stego_dct_ac_0.50.png,image,1,dct_ac,0.5,b06606580ef164f3a7f8c07fd10e95a9878e5359bc6e469001f78d94ef1876b8,train
img_src_0175,img_src_0175_stego_lsb_replacement_0.10.png,data/generated/images/img_src_0175_stego_lsb_replacement_0.10.png,image,1,lsb_replacement,0.1,dbb951042e279f79e35c4f4726e053d972904fcf7b021f27d95316e8de0a3687,train
img_src_0176,img_src_0176_clean_01.png,data/generated/images/img_src_0176_clean_01.png,image,0,clean,0.0,3376e8c0ba17dac038cdd1cea8d1c4428ffbf8320b1e605be82137235bee230a,train
img_src_0176,img_src_0176_clean_02.png,data/generated/images/img_src_0176_clean_02.png,image,0,clean,0.0,3376e8c0ba17dac038cdd1cea8d1c4428ffbf8320b1e605be82137235bee230a,train
img_src_0176,img_src_0176_stego_lsb_replacement_0.10.png,data/generated/images/img_src_0176_stego_lsb_replacement_0.10.png,image,1,lsb_replacement,0.1,1faba2cbf0455561961bacb9c6c2815b04aeeb584142f27d40d58597a70fa91f,train
img_src_0176,img_src_0176_stego_lsb_matching_0.20.png,data/generated/images/img_src_0176_stego_lsb_matching_0.20.png,image,1,lsb_matching,0.2,065c047d43104d607cb2404d33a73f5880784ee471ad6cb228d9372a8505645b,train
img_src_0177,img_src_0177_clean_01.png,data/generated/images/img_src_0177_clean_01.png,image,0,clean,0.0,a01e9447ac39325f14028ba02e25ee748894f497558ae765e12d072064a612fd,train
img_src_0177,img_src_0177_clean_02.png,data/generated/images/img_src_0177_clean_02.png,image,0,clean,0.0,a01e9447ac39325f14028ba02e25ee748894f497558ae765e12d072064a612fd,train
img_src_0177,img_src_0177_stego_lsb_matching_0.20.png,data/generated/images/img_src_0177_stego_lsb_matching_0.20.png,image,1,lsb_matching,0.2,ce6eb3b177399c1aa3eb356b59e8b8954b763a1c6c95cc696cfc62778f2a41d4,train
img_src_0177,img_src_0177_stego_edge_adaptive_0.30.png,data/generated/images/img_src_0177_stego_edge_adaptive_0.30.png,image,1,edge_adaptive,0.3,e354e63aa8293e39983f1e38bd1f4f2191460453640c1d251af8fcb04c3c733d,train
img_src_0178,img_src_0178_clean_01.png,data/generated/images/img_src_0178_clean_01.png,image,0,clean,0.0,ff5cc820607a55c90170ce5bff36178c1f209583cf57678950a5ec89ed6aeb4e,train
img_src_0178,img_src_0178_clean_02.png,data/generated/images/img_src_0178_clean_02.png,image,0,clean,0.0,ff5cc820607a55c90170ce5bff36178c1f209583cf57678950a5ec89ed6aeb4e,train
img_src_0178,img_src_0178_stego_edge_adaptive_0.30.png,data/generated/images/img_src_0178_stego_edge_adaptive_0.30.png,image,1,edge_adaptive,0.3,77fedafdf3cb06045b4df9082f72723631abf6968b3a555147a45252f34c7bc8,train
img_src_0178,img_src_0178_stego_dct_ac_0.50.png,data/generated/images/img_src_0178_stego_dct_ac_0.50.png,image,1,dct_ac,0.5,52466c22e3f2b0347ac71528ccd1f325a5928552f9e79bdc3f4de7b5bf8c14db,train
img_src_0179,img_src_0179_clean_01.png,data/generated/images/img_src_0179_clean_01.png,image,0,clean,0.0,bc7d440eaab658488362a86a2373ddb3a6407b1040e46a74ba3e7110f96a4daf,train
img_src_0179,img_src_0179_clean_02.png,data/generated/images/img_src_0179_clean_02.png,image,0,clean,0.0,bc7d440eaab658488362a86a2373ddb3a6407b1040e46a74ba3e7110f96a4daf,train
img_src_0179,img_src_0179_stego_dct_ac_0.50.png,data/generated/images/img_src_0179_stego_dct_ac_0.50.png,image,1,dct_ac,0.5,0e9d17b275cd4bf5ddc725e09a4bba9524d06e18f9df50b3d24f01435613dfcd,train
img_src_0179,img_src_0179_stego_lsb_replacement_0.10.png,data/generated/images/img_src_0179_stego_lsb_replacement_0.10.png,image,1,lsb_replacement,0.1,1f635af71bf8ac72f45a6f3384aee8ce0e861a45bfe0faefdbf00bfd635b680e,train
img_src_0180,img_src_0180_clean_01.png,data/generated/images/img_src_0180_clean_01.png,image,0,clean,0.0,d2041d8313c73f115ea860a52f976529cb7a8020eeaf67f501cbb779662ca740,val
img_src_0180,img_src_0180_clean_02.png,data/generated/images/img_src_0180_clean_02.png,image,0,clean,0.0,d2041d8313c73f115ea860a52f976529cb7a8020eeaf67f501cbb779662ca740,val
img_src_0180,img_src_0180_stego_lsb_replacement_0.10.png,data/generated/images/img_src_0180_stego_lsb_replacement_0.10.png,image,1,lsb_replacement,0.1,46af08a182575af4829a1b549fceddf7aafe05633b748393acd0ba1614642383,val
img_src_0180,img_src_0180_stego_lsb_matching_0.20.png,data/generated/images/img_src_0180_stego_lsb_matching_0.20.png,image,1,lsb_matching,0.2,c4d27eccd79356945e554f6b9e8c971e9e53c559d13c623c1882e77bc702ceb4,val
img_src_0181,img_src_0181_clean_01.png,data/generated/images/img_src_0181_clean_01.png,image,0,clean,0.0,4fe63dc82462d7ea4a93643a087c51505f6bd8e438e47f70a3b20f1298905de8,train
img_src_0181,img_src_0181_clean_02.png,data/generated/images/img_src_0181_clean_02.png,image,0,clean,0.0,4fe63dc82462d7ea4a93643a087c51505f6bd8e438e47f70a3b20f1298905de8,train
img_src_0181,img_src_0181_stego_lsb_matching_0.20.png,data/generated/images/img_src_0181_stego_lsb_matching_0.20.png,image,1,lsb_matching,0.2,c74328f467a79184562e882bf0aa8eb497bec6dc90cdf6acfa3e10fc77d6eecc,train
img_src_0181,img_src_0181_stego_edge_adaptive_0.30.png,data/generated/images/img_src_0181_stego_edge_adaptive_0.30.png,image,1,edge_adaptive,0.3,5e541e938fdd3bef8fac37d5cb8b52fe2a82d9e49ea13d8c7926aa8fc7371e8a,train
img_src_0182,img_src_0182_clean_01.png,data/generated/images/img_src_0182_clean_01.png,image,0,clean,0.0,deed72e44de6a428f8df843c3e7dc0a0cd14766eb71a8b9749d955d1e5564ca2,train
img_src_0182,img_src_0182_clean_02.png,data/generated/images/img_src_0182_clean_02.png,image,0,clean,0.0,deed72e44de6a428f8df843c3e7dc0a0cd14766eb71a8b9749d955d1e5564ca2,train
img_src_0182,img_src_0182_stego_edge_adaptive_0.30.png,data/generated/images/img_src_0182_stego_edge_adaptive_0.30.png,image,1,edge_adaptive,0.3,8b89b346dc116797aa342199f436216184fb4ff899391239100151d7f40af529,train
img_src_0182,img_src_0182_stego_dct_ac_0.50.png,data/generated/images/img_src_0182_stego_dct_ac_0.50.png,image,1,dct_ac,0.5,bdfc25a3ea04c291e90e647356c41cdda5216cf0c910c043d7015abe19a8eec4,train
img_src_0183,img_src_0183_clean_01.png,data/generated/images/img_src_0183_clean_01.png,image,0,clean,0.0,085eb8df56e44d245448923b8ce5b977ffc8a844051967fec496a203652cb86b,test
img_src_0183,img_src_0183_clean_02.png,data/generated/images/img_src_0183_clean_02.png,image,0,clean,0.0,085eb8df56e44d245448923b8ce5b977ffc8a844051967fec496a203652cb86b,test
img_src_0183,img_src_0183_stego_dct_ac_0.50.png,data/generated/images/img_src_0183_stego_dct_ac_0.50.png,image,1,dct_ac,0.5,c249ca497898c454b457c10869f02a2cfabb0bede2e4b5b70d393eb106ff9cea,test
img_src_0183,img_src_0183_stego_lsb_replacement_0.10.png,data/generated/images/img_src_0183_stego_lsb_replacement_0.10.png,image,1,lsb_replacement,0.1,ab8f6146acf967f7ed5bb6bfd642c9d2edb10da26fc69873ee6057d1e2313ab1,test
img_src_0184,img_src_0184_clean_01.png,data/generated/images/img_src_0184_clean_01.png,image,0,clean,0.0,3c81b233ec6afea2458b5cd4564c1d7cd2e972fef37828f66f7c9093c88335bc,train
img_src_0184,img_src_0184_clean_02.png,data/generated/images/img_src_0184_clean_02.png,image,0,clean,0.0,3c81b233ec6afea2458b5cd4564c1d7cd2e972fef37828f66f7c9093c88335bc,train
img_src_0184,img_src_0184_stego_lsb_replacement_0.10.png,data/generated/images/img_src_0184_stego_lsb_replacement_0.10.png,image,1,lsb_replacement,0.1,8dd7725c4415ccdf1eb182bfdec12c47ad3cebb1a9debc87bd1cd0e1cfb7337b,train
img_src_0184,img_src_0184_stego_lsb_matching_0.20.png,data/generated/images/img_src_0184_stego_lsb_matching_0.20.png,image,1,lsb_matching,0.2,ef1c9a80026eb200d6a52053ddab8804a22604e8e00718aa269435feea44dfff,train
img_src_0185,img_src_0185_clean_01.png,data/generated/images/img_src_0185_clean_01.png,image,0,clean,0.0,d91839506ace8ced43c36d7bd456ee452df813b172e3c6ac555279a8874df89c,train
img_src_0185,img_src_0185_clean_02.png,data/generated/images/img_src_0185_clean_02.png,image,0,clean,0.0,d91839506ace8ced43c36d7bd456ee452df813b172e3c6ac555279a8874df89c,train
img_src_0185,img_src_0185_stego_lsb_matching_0.20.png,data/generated/images/img_src_0185_stego_lsb_matching_0.20.png,image,1,lsb_matching,0.2,51108801fe25ed9d2fa6da207275f9dc7fb3162d611f4b80df83283f6cb12caa,train
img_src_0185,img_src_0185_stego_edge_adaptive_0.30.png,data/generated/images/img_src_0185_stego_edge_adaptive_0.30.png,image,1,edge_adaptive,0.3,ffaffc95be7ac90ce296311ed3bb86e00aa50d8dd46a58f6bed5d2ce42580ffe,train
img_src_0186,img_src_0186_clean_01.png,data/generated/images/img_src_0186_clean_01.png,image,0,clean,0.0,102fe835933594a933eb83041e3058e139acbcf807df2f65b8a73955081ff01e,val
img_src_0186,img_src_0186_clean_02.png,data/generated/images/img_src_0186_clean_02.png,image,0,clean,0.0,102fe835933594a933eb83041e3058e139acbcf807df2f65b8a73955081ff01e,val
img_src_0186,img_src_0186_stego_edge_adaptive_0.30.png,data/generated/images/img_src_0186_stego_edge_adaptive_0.30.png,image,1,edge_adaptive,0.3,256adfd7ebf52aa445b444ca01e35bfdc5b37c5ba1e88d1045d273291658afd6,val
img_src_0186,img_src_0186_stego_dct_ac_0.50.png,data/generated/images/img_src_0186_stego_dct_ac_0.50.png,image,1,dct_ac,0.5,708d5d75e2ca59cecea5606530f7b5b3fa193b2a9b2529dcd87722d8b743ced1,val
img_src_0187,img_src_0187_clean_01.png,data/generated/images/img_src_0187_clean_01.png,image,0,clean,0.0,7714ccfdfdfc9a5625249e36f87f1180a613b2eecf1fc6f7061b2a1372cb36c7,test
img_src_0187,img_src_0187_clean_02.png,data/generated/images/img_src_0187_clean_02.png,image,0,clean,0.0,7714ccfdfdfc9a5625249e36f87f1180a613b2eecf1fc6f7061b2a1372cb36c7,test
img_src_0187,img_src_0187_stego_dct_ac_0.50.png,data/generated/images/img_src_0187_stego_dct_ac_0.50.png,image,1,dct_ac,0.5,efbd266e3230aafe5b164606df8730bdf3919dbe7f91ab4b25ad2c2df25e88d4,test
img_src_0187,img_src_0187_stego_lsb_replacement_0.10.png,data/generated/images/img_src_0187_stego_lsb_replacement_0.10.png,image,1,lsb_replacement,0.1,a3417a26850f7da66e5d8be891b67529f9846f7d45475c28de4f9f2f46c5988e,test
img_src_0188,img_src_0188_clean_01.png,data/generated/images/img_src_0188_clean_01.png,image,0,clean,0.0,59feb58b7674279077650ccf893c7b9bbf778a068e4c890ca7ae57f504e11e04,train
img_src_0188,img_src_0188_clean_02.png,data/generated/images/img_src_0188_clean_02.png,image,0,clean,0.0,59feb58b7674279077650ccf893c7b9bbf778a068e4c890ca7ae57f504e11e04,train
img_src_0188,img_src_0188_stego_lsb_replacement_0.10.png,data/generated/images/img_src_0188_stego_lsb_replacement_0.10.png,image,1,lsb_replacement,0.1,cd78027fe69a20210bcf60f097ee2dd4e9708f31144b02befe5c516c280e193d,train
img_src_0188,img_src_0188_stego_lsb_matching_0.20.png,data/generated/images/img_src_0188_stego_lsb_matching_0.20.png,image,1,lsb_matching,0.2,8767e1909af67613292492d5ba744bc66448a39217c467bf0f01efec030f423e,train
img_src_0189,img_src_0189_clean_01.png,data/generated/images/img_src_0189_clean_01.png,image,0,clean,0.0,723df8b031f60c52b915eff6dd37236fd0931fd78fdbf4d3f6e2c685528ae504,test
img_src_0189,img_src_0189_clean_02.png,data/generated/images/img_src_0189_clean_02.png,image,0,clean,0.0,723df8b031f60c52b915eff6dd37236fd0931fd78fdbf4d3f6e2c685528ae504,test
img_src_0189,img_src_0189_stego_lsb_matching_0.20.png,data/generated/images/img_src_0189_stego_lsb_matching_0.20.png,image,1,lsb_matching,0.2,d31c0af0d35917aa356f8f66a65971069d0a2e2c2961a7eaa8874f7a11bd6d2d,test
img_src_0189,img_src_0189_stego_edge_adaptive_0.30.png,data/generated/images/img_src_0189_stego_edge_adaptive_0.30.png,image,1,edge_adaptive,0.3,0011631faaaaa62aa0acfff0dfbed7568fdf3aa14da1ee45d77c6e8753c5f320,test
img_src_0190,img_src_0190_clean_01.png,data/generated/images/img_src_0190_clean_01.png,image,0,clean,0.0,3f9074a9c337d314c5aaa6ff86966d362cae9b4c22a1b179de40f50cc2cee8b2,val
img_src_0190,img_src_0190_clean_02.png,data/generated/images/img_src_0190_clean_02.png,image,0,clean,0.0,3f9074a9c337d314c5aaa6ff86966d362cae9b4c22a1b179de40f50cc2cee8b2,val
img_src_0190,img_src_0190_stego_edge_adaptive_0.30.png,data/generated/images/img_src_0190_stego_edge_adaptive_0.30.png,image,1,edge_adaptive,0.3,e19b7291a92745afe0335b851168a56ebba73776d61247af66d08d29b3866b37,val
img_src_0190,img_src_0190_stego_dct_ac_0.50.png,data/generated/images/img_src_0190_stego_dct_ac_0.50.png,image,1,dct_ac,0.5,ff4dcd2ded754e26645667586a4658c65dfc9a8859437cecc5251a9dc59d5ab9,val
img_src_0191,img_src_0191_clean_01.png,data/generated/images/img_src_0191_clean_01.png,image,0,clean,0.0,0e8a968078196de5900494aefa6abe4158b12b3a63506d79ffe76a0fe6797242,val
img_src_0191,img_src_0191_clean_02.png,data/generated/images/img_src_0191_clean_02.png,image,0,clean,0.0,0e8a968078196de5900494aefa6abe4158b12b3a63506d79ffe76a0fe6797242,val
img_src_0191,img_src_0191_stego_dct_ac_0.50.png,data/generated/images/img_src_0191_stego_dct_ac_0.50.png,image,1,dct_ac,0.5,f20be4bca76d47c5566c160887a509d9508b0dfb5c2374eca8f416c89b70916e,val
img_src_0191,img_src_0191_stego_lsb_replacement_0.10.png,data/generated/images/img_src_0191_stego_lsb_replacement_0.10.png,image,1,lsb_replacement,0.1,a21091ed394060ff0915301ec7731b8b272e145c3a99a9873601ae84413cb993,val
img_src_0192,img_src_0192_clean_01.png,data/generated/images/img_src_0192_clean_01.png,image,0,clean,0.0,4ee45a6e852af18bec1dd19f267f7e6d4039e22a482f6e10bc57c9f14853c204,train
img_src_0192,img_src_0192_clean_02.png,data/generated/images/img_src_0192_clean_02.png,image,0,clean,0.0,4ee45a6e852af18bec1dd19f267f7e6d4039e22a482f6e10bc57c9f14853c204,train
img_src_0192,img_src_0192_stego_lsb_replacement_0.10.png,data/generated/images/img_src_0192_stego_lsb_replacement_0.10.png,image,1,lsb_replacement,0.1,a59b5e56b4dd53692631e407ab5e27bf69381a8aaab1c199d4b5350c60fa96d5,train
img_src_0192,img_src_0192_stego_lsb_matching_0.20.png,data/generated/images/img_src_0192_stego_lsb_matching_0.20.png,image,1,lsb_matching,0.2,b7d40c4eb9c8c0c2b77070c72d49d5237c4cbf6177c99a04384517e06b980fd0,train
img_src_0193,img_src_0193_clean_01.png,data/generated/images/img_src_0193_clean_01.png,image,0,clean,0.0,9fabf494add654f6e22da5ffba62d86199c839edbce8ce294179f8e87fa339a4,train
img_src_0193,img_src_0193_clean_02.png,data/generated/images/img_src_0193_clean_02.png,image,0,clean,0.0,9fabf494add654f6e22da5ffba62d86199c839edbce8ce294179f8e87fa339a4,train
img_src_0193,img_src_0193_stego_lsb_matching_0.20.png,data/generated/images/img_src_0193_stego_lsb_matching_0.20.png,image,1,lsb_matching,0.2,f527b33b78fc1dbb60a57c8c684db79ab442f432c081f463abb16e08f8536223,train
img_src_0193,img_src_0193_stego_edge_adaptive_0.30.png,data/generated/images/img_src_0193_stego_edge_adaptive_0.30.png,image,1,edge_adaptive,0.3,0b870e058fbc57e2efdaa442d0036008802d967f0a39222c1202ba7313b7f436,train
img_src_0194,img_src_0194_clean_01.png,data/generated/images/img_src_0194_clean_01.png,image,0,clean,0.0,a7ce10747f51951621cd48db8ce8f44fda4b87713ca9c3ee5dde63707d7c34e8,val
img_src_0194,img_src_0194_clean_02.png,data/generated/images/img_src_0194_clean_02.png,image,0,clean,0.0,a7ce10747f51951621cd48db8ce8f44fda4b87713ca9c3ee5dde63707d7c34e8,val
img_src_0194,img_src_0194_stego_edge_adaptive_0.30.png,data/generated/images/img_src_0194_stego_edge_adaptive_0.30.png,image,1,edge_adaptive,0.3,020cb8ce601ab210eb9aa8d9bb059ac1f6912df74059abc7359c237410dfd655,val
img_src_0194,img_src_0194_stego_dct_ac_0.50.png,data/generated/images/img_src_0194_stego_dct_ac_0.50.png,image,1,dct_ac,0.5,088c5da175eb3df9cddf36e8550afaa8ce3387be52081b2612f91433ff9987db,val
img_src_0195,img_src_0195_clean_01.png,data/generated/images/img_src_0195_clean_01.png,image,0,clean,0.0,c8d7ca6790573ce1d5d17b7038c6e343e3424e2e7128013bca05f3adbdd91525,train
img_src_0195,img_src_0195_clean_02.png,data/generated/images/img_src_0195_clean_02.png,image,0,clean,0.0,c8d7ca6790573ce1d5d17b7038c6e343e3424e2e7128013bca05f3adbdd91525,train
img_src_0195,img_src_0195_stego_dct_ac_0.50.png,data/generated/images/img_src_0195_stego_dct_ac_0.50.png,image,1,dct_ac,0.5,6aea1daceb3b3eb1f84d51f99cdef380b643af3a49196d70d0dbe1b835c4f33d,train
img_src_0195,img_src_0195_stego_lsb_replacement_0.10.png,data/generated/images/img_src_0195_stego_lsb_replacement_0.10.png,image,1,lsb_replacement,0.1,ac7fdadbdfab4692c68d88933ff2c479d8a06532842eeaed7332c0e583edef52,train
img_src_0196,img_src_0196_clean_01.png,data/generated/images/img_src_0196_clean_01.png,image,0,clean,0.0,497d582696cd3d57c854fa479613694444d82eda0d4ac5b7ae13a7583b645cc1,train
img_src_0196,img_src_0196_clean_02.png,data/generated/images/img_src_0196_clean_02.png,image,0,clean,0.0,497d582696cd3d57c854fa479613694444d82eda0d4ac5b7ae13a7583b645cc1,train
img_src_0196,img_src_0196_stego_lsb_replacement_0.10.png,data/generated/images/img_src_0196_stego_lsb_replacement_0.10.png,image,1,lsb_replacement,0.1,bdecfd17b105c53d59b0756a1097ba9cd4f768a871e4c0777a8845e6fd86d4c9,train
img_src_0196,img_src_0196_stego_lsb_matching_0.20.png,data/generated/images/img_src_0196_stego_lsb_matching_0.20.png,image,1,lsb_matching,0.2,2cd0ce1533e864f10e16399bb59be0145e3c9b80b49b74af81377ddb9b7e174c,train
img_src_0197,img_src_0197_clean_01.png,data/generated/images/img_src_0197_clean_01.png,image,0,clean,0.0,ce42c77fb439763a6c536681bb07cc3d8520191d14662567a3e39c103ba1cf42,val
img_src_0197,img_src_0197_clean_02.png,data/generated/images/img_src_0197_clean_02.png,image,0,clean,0.0,ce42c77fb439763a6c536681bb07cc3d8520191d14662567a3e39c103ba1cf42,val
img_src_0197,img_src_0197_stego_lsb_matching_0.20.png,data/generated/images/img_src_0197_stego_lsb_matching_0.20.png,image,1,lsb_matching,0.2,60328ff958b81f530d57748bf808dc72153b3f5414d6896ff34a2c0de2642e9c,val
img_src_0197,img_src_0197_stego_edge_adaptive_0.30.png,data/generated/images/img_src_0197_stego_edge_adaptive_0.30.png,image,1,edge_adaptive,0.3,59b700b439005e64c22604f5f6c8549195ec18f320e153e4123cdf54ec7ac90c,val
img_src_0198,img_src_0198_clean_01.png,data/generated/images/img_src_0198_clean_01.png,image,0,clean,0.0,b08d1769fd022fda2dac01c6f7c2673e675c33fd66f4f954a4881ae14b5ee199,train
img_src_0198,img_src_0198_clean_02.png,data/generated/images/img_src_0198_clean_02.png,image,0,clean,0.0,b08d1769fd022fda2dac01c6f7c2673e675c33fd66f4f954a4881ae14b5ee199,train
img_src_0198,img_src_0198_stego_edge_adaptive_0.30.png,data/generated/images/img_src_0198_stego_edge_adaptive_0.30.png,image,1,edge_adaptive,0.3,030336506e138d5bfd804c8de802f37f1b67c13f677ee81e1494745d118a7211,train
img_src_0198,img_src_0198_stego_dct_ac_0.50.png,data/generated/images/img_src_0198_stego_dct_ac_0.50.png,image,1,dct_ac,0.5,21c23e86f540a32e7dc20e1d6ff0ae069ba8fba6f38b9033e0166e64cfc87d5f,train
img_src_0199,img_src_0199_clean_01.png,data/generated/images/img_src_0199_clean_01.png,image,0,clean,0.0,d621136c463a0dcecd93e54fc0e2160ee49299ba4f998eec48198b9094863d55,train
img_src_0199,img_src_0199_clean_02.png,data/generated/images/img_src_0199_clean_02.png,image,0,clean,0.0,d621136c463a0dcecd93e54fc0e2160ee49299ba4f998eec48198b9094863d55,train
img_src_0199,img_src_0199_stego_dct_ac_0.50.png,data/generated/images/img_src_0199_stego_dct_ac_0.50.png,image,1,dct_ac,0.5,a19480c905c3f133ed1982ce7ae100590cec63331126be1db203ac769ed5e4d5,train
img_src_0199,img_src_0199_stego_lsb_replacement_0.10.png,data/generated/images/img_src_0199_stego_lsb_replacement_0.10.png,image,1,lsb_replacement,0.1,bbccaafed7cce490a1f5e19c2e0f116c467f94fa37f88e69750d62e9a9f1771a,train
img_src_0200,img_src_0200_clean_01.png,data/generated/images/img_src_0200_clean_01.png,image,0,clean,0.0,58349794da53531bfab757e654ba7d34218af0c952fc5cead5e8ba20521a3abd,test
img_src_0200,img_src_0200_clean_02.png,data/generated/images/img_src_0200_clean_02.png,image,0,clean,0.0,58349794da53531bfab757e654ba7d34218af0c952fc5cead5e8ba20521a3abd,test
img_src_0200,img_src_0200_stego_lsb_replacement_0.10.png,data/generated/images/img_src_0200_stego_lsb_replacement_0.10.png,image,1,lsb_replacement,0.1,ec673dc357da1a185818ba76bc3ae3e2fd702f1ce87355c5dfca434739d73ba0,test
img_src_0200,img_src_0200_stego_lsb_matching_0.20.png,data/generated/images/img_src_0200_stego_lsb_matching_0.20.png,image,1,lsb_matching,0.2,5a5e6c715cacdc3ba0f84be2bc79473de7dd60bb67ce4ad6c2e29956441e18e4,test
img_src_0201,img_src_0201_clean_01.png,data/generated/images/img_src_0201_clean_01.png,image,0,clean,0.0,faabe400e24fa28c30392adf5b2b91be5b7e9ced216db8d4861b20882fdeecaa,test
img_src_0201,img_src_0201_clean_02.png,data/generated/images/img_src_0201_clean_02.png,image,0,clean,0.0,faabe400e24fa28c30392adf5b2b91be5b7e9ced216db8d4861b20882fdeecaa,test
img_src_0201,img_src_0201_stego_lsb_matching_0.20.png,data/generated/images/img_src_0201_stego_lsb_matching_0.20.png,image,1,lsb_matching,0.2,4061bbc862b0ba120a7c27fba106a1078750fe9e6c80c5e7c0fee678febf48f4,test
img_src_0201,img_src_0201_stego_edge_adaptive_0.30.png,data/generated/images/img_src_0201_stego_edge_adaptive_0.30.png,image,1,edge_adaptive,0.3,9b89f7534716e3fd1868194e6eaf572971d5b7632267d376d9697dc319302ebe,test
img_src_0202,img_src_0202_clean_01.png,data/generated/images/img_src_0202_clean_01.png,image,0,clean,0.0,832545859e93cb2d4eb3d958222a0d5a9a64e162db9bfad1c54f1109dd41191f,test
img_src_0202,img_src_0202_clean_02.png,data/generated/images/img_src_0202_clean_02.png,image,0,clean,0.0,832545859e93cb2d4eb3d958222a0d5a9a64e162db9bfad1c54f1109dd41191f,test
img_src_0202,img_src_0202_stego_edge_adaptive_0.30.png,data/generated/images/img_src_0202_stego_edge_adaptive_0.30.png,image,1,edge_adaptive,0.3,1342dd31764e882e6882fbf826efd10eeaeaaf911141eb327813dcc53e1b6d9a,test
img_src_0202,img_src_0202_stego_dct_ac_0.50.png,data/generated/images/img_src_0202_stego_dct_ac_0.50.png,image,1,dct_ac,0.5,6476ef074e641d7af08bac82f26808dbf59e4f98621483dbe91136706b8cc314,test
img_src_0203,img_src_0203_clean_01.png,data/generated/images/img_src_0203_clean_01.png,image,0,clean,0.0,15a90e03bbd4885c4edfac105a2549e510c410ef4d803d99f066b8db6dc54bc6,train
img_src_0203,img_src_0203_clean_02.png,data/generated/images/img_src_0203_clean_02.png,image,0,clean,0.0,15a90e03bbd4885c4edfac105a2549e510c410ef4d803d99f066b8db6dc54bc6,train
img_src_0203,img_src_0203_stego_dct_ac_0.50.png,data/generated/images/img_src_0203_stego_dct_ac_0.50.png,image,1,dct_ac,0.5,0cace74cc74e1075452f3c6ae59d53c5015f1e3f5708fddf4659910687daa2f8,train
img_src_0203,img_src_0203_stego_lsb_replacement_0.10.png,data/generated/images/img_src_0203_stego_lsb_replacement_0.10.png,image,1,lsb_replacement,0.1,51ce598274d2a7bcbdff56f0954e5c4022654aff4f7f0e38a5a3e5f89bf78c9c,train
img_src_0204,img_src_0204_clean_01.png,data/generated/images/img_src_0204_clean_01.png,image,0,clean,0.0,ecb07bbd94bd2aa30122513bbb6cfcc8f1b18ebe83d3dc19285e7bc81427399f,train
img_src_0204,img_src_0204_clean_02.png,data/generated/images/img_src_0204_clean_02.png,image,0,clean,0.0,ecb07bbd94bd2aa30122513bbb6cfcc8f1b18ebe83d3dc19285e7bc81427399f,train
img_src_0204,img_src_0204_stego_lsb_replacement_0.10.png,data/generated/images/img_src_0204_stego_lsb_replacement_0.10.png,image,1,lsb_replacement,0.1,ba37dd6acc9c6bc8710ec74ea44e947b921f50a7f14d728d2da04f7213064e37,train
img_src_0204,img_src_0204_stego_lsb_matching_0.20.png,data/generated/images/img_src_0204_stego_lsb_matching_0.20.png,image,1,lsb_matching,0.2,b12de942152ee4dc05a97e0cdc7385c7f470d2390a2118a30201fc8596ad089a,train
img_src_0205,img_src_0205_clean_01.png,data/generated/images/img_src_0205_clean_01.png,image,0,clean,0.0,cde1599c55dad7e50dc83b5f5234598783774bb7f87151501b10c69cd25f56ba,test
img_src_0205,img_src_0205_clean_02.png,data/generated/images/img_src_0205_clean_02.png,image,0,clean,0.0,cde1599c55dad7e50dc83b5f5234598783774bb7f87151501b10c69cd25f56ba,test
img_src_0205,img_src_0205_stego_lsb_matching_0.20.png,data/generated/images/img_src_0205_stego_lsb_matching_0.20.png,image,1,lsb_matching,0.2,cd8b7eca440130023e1619f0153ce0f395ac2f9859033444687229c8e9876c41,test
img_src_0205,img_src_0205_stego_edge_adaptive_0.30.png,data/generated/images/img_src_0205_stego_edge_adaptive_0.30.png,image,1,edge_adaptive,0.3,c89adf9900c3c136bf4e15e8363a41e249656bdcf7bc505b727d00df20b00804,test
img_src_0206,img_src_0206_clean_01.png,data/generated/images/img_src_0206_clean_01.png,image,0,clean,0.0,c56cb045923aedcdeda02756b219d5af43963b96977a1f1fdb83e87085b5c58b,test
img_src_0206,img_src_0206_clean_02.png,data/generated/images/img_src_0206_clean_02.png,image,0,clean,0.0,c56cb045923aedcdeda02756b219d5af43963b96977a1f1fdb83e87085b5c58b,test
img_src_0206,img_src_0206_stego_edge_adaptive_0.30.png,data/generated/images/img_src_0206_stego_edge_adaptive_0.30.png,image,1,edge_adaptive,0.3,7f89dee0ca28711afb93abf1a1fa733df68e178931bec7eef3fba4a4aff39622,test
img_src_0206,img_src_0206_stego_dct_ac_0.50.png,data/generated/images/img_src_0206_stego_dct_ac_0.50.png,image,1,dct_ac,0.5,559d9de8c563087ba047d1bd5946d32ea272cfc2001a6fe8b9aff35577f494ce,test
img_src_0207,img_src_0207_clean_01.png,data/generated/images/img_src_0207_clean_01.png,image,0,clean,0.0,6c3a0a3a3a2cc39c024467ef0bffc4580e1b59efe95d8d7e3c922335d45cbd7e,val
img_src_0207,img_src_0207_clean_02.png,data/generated/images/img_src_0207_clean_02.png,image,0,clean,0.0,6c3a0a3a3a2cc39c024467ef0bffc4580e1b59efe95d8d7e3c922335d45cbd7e,val
img_src_0207,img_src_0207_stego_dct_ac_0.50.png,data/generated/images/img_src_0207_stego_dct_ac_0.50.png,image,1,dct_ac,0.5,3535da9cd0b1ca99e3c6896954230d98770d160531fc9a8dc3bd136da8d65114,val
img_src_0207,img_src_0207_stego_lsb_replacement_0.10.png,data/generated/images/img_src_0207_stego_lsb_replacement_0.10.png,image,1,lsb_replacement,0.1,dd244ce1bc2deffa545db1ff54040ecd2681a0f236cee0e0ab52bffa52c20630,val
img_src_0208,img_src_0208_clean_01.png,data/generated/images/img_src_0208_clean_01.png,image,0,clean,0.0,07d4ca8d2619d737af54c863d8147d4f57583ac57d9dbc38e9b08814c7ad4175,train
img_src_0208,img_src_0208_clean_02.png,data/generated/images/img_src_0208_clean_02.png,image,0,clean,0.0,07d4ca8d2619d737af54c863d8147d4f57583ac57d9dbc38e9b08814c7ad4175,train
img_src_0208,img_src_0208_stego_lsb_replacement_0.10.png,data/generated/images/img_src_0208_stego_lsb_replacement_0.10.png,image,1,lsb_replacement,0.1,934077da360371dbd2221bbc6c639abaf531c605f24c59a4d2e5764c103c0ca3,train
img_src_0208,img_src_0208_stego_lsb_matching_0.20.png,data/generated/images/img_src_0208_stego_lsb_matching_0.20.png,image,1,lsb_matching,0.2,c6a405552dacbada73e780bc936b0041ff3f1e0667199cf52202aab0f0573caa,train
img_src_0209,img_src_0209_clean_01.png,data/generated/images/img_src_0209_clean_01.png,image,0,clean,0.0,135499e96a400b56cf05486e1854395595ddfa89e477fa344f1f54f35cbad5d6,train
img_src_0209,img_src_0209_clean_02.png,data/generated/images/img_src_0209_clean_02.png,image,0,clean,0.0,135499e96a400b56cf05486e1854395595ddfa89e477fa344f1f54f35cbad5d6,train
img_src_0209,img_src_0209_stego_lsb_matching_0.20.png,data/generated/images/img_src_0209_stego_lsb_matching_0.20.png,image,1,lsb_matching,0.2,ec1791e96ab01a75b54df32dffe72bbde2a6cbaed81063a3d2110cbfda06f661,train
img_src_0209,img_src_0209_stego_edge_adaptive_0.30.png,data/generated/images/img_src_0209_stego_edge_adaptive_0.30.png,image,1,edge_adaptive,0.3,946dee7ede13b01481b7cb7540ec00f6453ec7119064b5f909c6858be965d930,train
img_src_0210,img_src_0210_clean_01.png,data/generated/images/img_src_0210_clean_01.png,image,0,clean,0.0,3ccb19267de246ad94d25c74ffefa0464eb3887a1e60fa1535f96d4306df0c95,train
img_src_0210,img_src_0210_clean_02.png,data/generated/images/img_src_0210_clean_02.png,image,0,clean,0.0,3ccb19267de246ad94d25c74ffefa0464eb3887a1e60fa1535f96d4306df0c95,train
img_src_0210,img_src_0210_stego_edge_adaptive_0.30.png,data/generated/images/img_src_0210_stego_edge_adaptive_0.30.png,image,1,edge_adaptive,0.3,c11c9fb6ecd290de898dceff1c30bfe000da6df1da8cb542f910ed6b7e1198b0,train
img_src_0210,img_src_0210_stego_dct_ac_0.50.png,data/generated/images/img_src_0210_stego_dct_ac_0.50.png,image,1,dct_ac,0.5,62425c95eff885b21c75a9357dfeafd45df7e45f4ca16e5d541ca326882f1447,train
img_src_0211,img_src_0211_clean_01.png,data/generated/images/img_src_0211_clean_01.png,image,0,clean,0.0,bda7da6206f954ecc50c6dc9211f3d5351f8cb8b769dcbdabe8c3235110b8bb4,train
img_src_0211,img_src_0211_clean_02.png,data/generated/images/img_src_0211_clean_02.png,image,0,clean,0.0,bda7da6206f954ecc50c6dc9211f3d5351f8cb8b769dcbdabe8c3235110b8bb4,train
img_src_0211,img_src_0211_stego_dct_ac_0.50.png,data/generated/images/img_src_0211_stego_dct_ac_0.50.png,image,1,dct_ac,0.5,f4f898ced1d380d479fce9a737ec32dab1d0ed344b6dfe795938ab3e41163b26,train
img_src_0211,img_src_0211_stego_lsb_replacement_0.10.png,data/generated/images/img_src_0211_stego_lsb_replacement_0.10.png,image,1,lsb_replacement,0.1,b721370cfbe02104406d1b1c7c1abfef36bfca6630ad8c852ccf3bab3884b51c,train
img_src_0212,img_src_0212_clean_01.png,data/generated/images/img_src_0212_clean_01.png,image,0,clean,0.0,29ad3fcb2f6f2b1dcacaab54deccd2cd457fb477e81d4f059083ac6b58a62cbb,train
img_src_0212,img_src_0212_clean_02.png,data/generated/images/img_src_0212_clean_02.png,image,0,clean,0.0,29ad3fcb2f6f2b1dcacaab54deccd2cd457fb477e81d4f059083ac6b58a62cbb,train
img_src_0212,img_src_0212_stego_lsb_replacement_0.10.png,data/generated/images/img_src_0212_stego_lsb_replacement_0.10.png,image,1,lsb_replacement,0.1,24fb9a2224ca89bdf6cd5f416b99e53c2a062865583cb742896cb92a03bfb37a,train
img_src_0212,img_src_0212_stego_lsb_matching_0.20.png,data/generated/images/img_src_0212_stego_lsb_matching_0.20.png,image,1,lsb_matching,0.2,72edb5cc039dee9075d4eaa4fcb3406df3af8dc5db665bb14b705262c754586f,train
img_src_0213,img_src_0213_clean_01.png,data/generated/images/img_src_0213_clean_01.png,image,0,clean,0.0,15fdd24311f46b776a14a311aa892fd4b28ad34f7793f159a25885219d8b82bb,train
img_src_0213,img_src_0213_clean_02.png,data/generated/images/img_src_0213_clean_02.png,image,0,clean,0.0,15fdd24311f46b776a14a311aa892fd4b28ad34f7793f159a25885219d8b82bb,train
img_src_0213,img_src_0213_stego_lsb_matching_0.20.png,data/generated/images/img_src_0213_stego_lsb_matching_0.20.png,image,1,lsb_matching,0.2,1906868048a3118e08830363ad75a50e5ddbd2a6d009fc58f6dc809a4c2835b9,train
img_src_0213,img_src_0213_stego_edge_adaptive_0.30.png,data/generated/images/img_src_0213_stego_edge_adaptive_0.30.png,image,1,edge_adaptive,0.3,9a3c2dc89392087d50f9e2a95c0dd18f5957abb62991ce73e86910e8e1adfff2,train
img_src_0214,img_src_0214_clean_01.png,data/generated/images/img_src_0214_clean_01.png,image,0,clean,0.0,48185f87a805f145c41e7de2c78bac58d115e0806ea8d70b0552fc16b4096cd5,train
img_src_0214,img_src_0214_clean_02.png,data/generated/images/img_src_0214_clean_02.png,image,0,clean,0.0,48185f87a805f145c41e7de2c78bac58d115e0806ea8d70b0552fc16b4096cd5,train
img_src_0214,img_src_0214_stego_edge_adaptive_0.30.png,data/generated/images/img_src_0214_stego_edge_adaptive_0.30.png,image,1,edge_adaptive,0.3,b022458847db1e48194e0dfe396d9b56d30cb1bcd638081ca3fad1f8c9ad3128,train
img_src_0214,img_src_0214_stego_dct_ac_0.50.png,data/generated/images/img_src_0214_stego_dct_ac_0.50.png,image,1,dct_ac,0.5,afb1894620943c6b38d868607734490bdf205a091e6eaf1b120cb83a6851b3c4,train
img_src_0215,img_src_0215_clean_01.png,data/generated/images/img_src_0215_clean_01.png,image,0,clean,0.0,346990c63e9c303666d630ad1abc14d206e0925781d14ec1f9c521b26bc735cc,train
img_src_0215,img_src_0215_clean_02.png,data/generated/images/img_src_0215_clean_02.png,image,0,clean,0.0,346990c63e9c303666d630ad1abc14d206e0925781d14ec1f9c521b26bc735cc,train
img_src_0215,img_src_0215_stego_dct_ac_0.50.png,data/generated/images/img_src_0215_stego_dct_ac_0.50.png,image,1,dct_ac,0.5,74304b9c052dfd7ab59230e6b06123fe3147f838ac777b099eff1d3345642144,train
img_src_0215,img_src_0215_stego_lsb_replacement_0.10.png,data/generated/images/img_src_0215_stego_lsb_replacement_0.10.png,image,1,lsb_replacement,0.1,c20074b36672d5a284b97513910839346e5700db080001fd784b83c658c88682,train
img_src_0216,img_src_0216_clean_01.png,data/generated/images/img_src_0216_clean_01.png,image,0,clean,0.0,e30c905fe702390e6f9dbbce0668f7bf8e030292fa302f6c3e9f6b671429d669,test
img_src_0216,img_src_0216_clean_02.png,data/generated/images/img_src_0216_clean_02.png,image,0,clean,0.0,e30c905fe702390e6f9dbbce0668f7bf8e030292fa302f6c3e9f6b671429d669,test
img_src_0216,img_src_0216_stego_lsb_replacement_0.10.png,data/generated/images/img_src_0216_stego_lsb_replacement_0.10.png,image,1,lsb_replacement,0.1,bd84fa556b2cdd8aefd8cdd88d0db4a5bca20108a4846d3a2742ef7315697d38,test
img_src_0216,img_src_0216_stego_lsb_matching_0.20.png,data/generated/images/img_src_0216_stego_lsb_matching_0.20.png,image,1,lsb_matching,0.2,93364e2810234e2fb222393acf9c154b56d14d817595e33b4f5161267ebfce61,test
img_src_0217,img_src_0217_clean_01.png,data/generated/images/img_src_0217_clean_01.png,image,0,clean,0.0,d8ee93d432367f0557ecb0da9fdc221640deb91cfe1803d1b533f981057f7888,train
img_src_0217,img_src_0217_clean_02.png,data/generated/images/img_src_0217_clean_02.png,image,0,clean,0.0,d8ee93d432367f0557ecb0da9fdc221640deb91cfe1803d1b533f981057f7888,train
img_src_0217,img_src_0217_stego_lsb_matching_0.20.png,data/generated/images/img_src_0217_stego_lsb_matching_0.20.png,image,1,lsb_matching,0.2,6e86205b2f193859fbf8d2625015f87e188b6cce3f8b9b836b2860e844942e32,train
img_src_0217,img_src_0217_stego_edge_adaptive_0.30.png,data/generated/images/img_src_0217_stego_edge_adaptive_0.30.png,image,1,edge_adaptive,0.3,64ecd11ab0722b328c451ab2f6a52d8219d0635759654d7915bbdc85d99ad47d,train
img_src_0218,img_src_0218_clean_01.png,data/generated/images/img_src_0218_clean_01.png,image,0,clean,0.0,d587b5c946d4d628b7ce8e1dd8da1b3224899e3c9660716e52b312256cfa34a9,train
img_src_0218,img_src_0218_clean_02.png,data/generated/images/img_src_0218_clean_02.png,image,0,clean,0.0,d587b5c946d4d628b7ce8e1dd8da1b3224899e3c9660716e52b312256cfa34a9,train
img_src_0218,img_src_0218_stego_edge_adaptive_0.30.png,data/generated/images/img_src_0218_stego_edge_adaptive_0.30.png,image,1,edge_adaptive,0.3,acfd505211dd82aa6c44cb9b369df2a4cc9add416f0dcc73783b1b3d4d3dec5d,train
img_src_0218,img_src_0218_stego_dct_ac_0.50.png,data/generated/images/img_src_0218_stego_dct_ac_0.50.png,image,1,dct_ac,0.5,c56580a49d1c2a1d6ae4b4203b4bbef93f5461824a671b1ee2d1f746f0c191b8,train
img_src_0219,img_src_0219_clean_01.png,data/generated/images/img_src_0219_clean_01.png,image,0,clean,0.0,e7519b834b3b473d478baadf7a37865745e82fa860bd9f36133328d20a0e0746,test
img_src_0219,img_src_0219_clean_02.png,data/generated/images/img_src_0219_clean_02.png,image,0,clean,0.0,e7519b834b3b473d478baadf7a37865745e82fa860bd9f36133328d20a0e0746,test
img_src_0219,img_src_0219_stego_dct_ac_0.50.png,data/generated/images/img_src_0219_stego_dct_ac_0.50.png,image,1,dct_ac,0.5,3c5f85748ac890fd98ed66d6c6273086b80dab4b1c3337d49b248bc24c414520,test
img_src_0219,img_src_0219_stego_lsb_replacement_0.10.png,data/generated/images/img_src_0219_stego_lsb_replacement_0.10.png,image,1,lsb_replacement,0.1,1839d047630399f98a6e7dc191186694ddc95bb1e5260784ea81a7ea4533ac40,test
img_src_0220,img_src_0220_clean_01.png,data/generated/images/img_src_0220_clean_01.png,image,0,clean,0.0,9c730be892e17d7f3658fc8ea2b3408a83b59430c13695e11962c71dce121e18,train
img_src_0220,img_src_0220_clean_02.png,data/generated/images/img_src_0220_clean_02.png,image,0,clean,0.0,9c730be892e17d7f3658fc8ea2b3408a83b59430c13695e11962c71dce121e18,train
img_src_0220,img_src_0220_stego_lsb_replacement_0.10.png,data/generated/images/img_src_0220_stego_lsb_replacement_0.10.png,image,1,lsb_replacement,0.1,260bad6e19a21bbf52c8619185ed4605324fd9138b49106fdb2afc335d48dbee,train
img_src_0220,img_src_0220_stego_lsb_matching_0.20.png,data/generated/images/img_src_0220_stego_lsb_matching_0.20.png,image,1,lsb_matching,0.2,ea46d90b4a5289e9e4b054e1dfb40684d6a682cd339d30e264401f6bf698abea,train
img_src_0221,img_src_0221_clean_01.png,data/generated/images/img_src_0221_clean_01.png,image,0,clean,0.0,411720630fed15c3c6b8202c3db2cd78be4579247ef154008ac13504ba9703ea,train
img_src_0221,img_src_0221_clean_02.png,data/generated/images/img_src_0221_clean_02.png,image,0,clean,0.0,411720630fed15c3c6b8202c3db2cd78be4579247ef154008ac13504ba9703ea,train
img_src_0221,img_src_0221_stego_lsb_matching_0.20.png,data/generated/images/img_src_0221_stego_lsb_matching_0.20.png,image,1,lsb_matching,0.2,d5d851735b128f4a6a73cece171702c37f4a827f09c9d58a22f8bda537fa1976,train
img_src_0221,img_src_0221_stego_edge_adaptive_0.30.png,data/generated/images/img_src_0221_stego_edge_adaptive_0.30.png,image,1,edge_adaptive,0.3,72bfd5f9556594b0517966bdea59483607c3166345100be81f894ba0ad731ae7,train
img_src_0222,img_src_0222_clean_01.png,data/generated/images/img_src_0222_clean_01.png,image,0,clean,0.0,3cbeb25bd58148e9a0f6eedaf29c044c57c5d805fce5982bc7495085cf381744,train
img_src_0222,img_src_0222_clean_02.png,data/generated/images/img_src_0222_clean_02.png,image,0,clean,0.0,3cbeb25bd58148e9a0f6eedaf29c044c57c5d805fce5982bc7495085cf381744,train
img_src_0222,img_src_0222_stego_edge_adaptive_0.30.png,data/generated/images/img_src_0222_stego_edge_adaptive_0.30.png,image,1,edge_adaptive,0.3,ff59ce9e8c0d5cc24a3367aecf2d2c19fb347c6e399ee553b010a4507b8abc5a,train
img_src_0222,img_src_0222_stego_dct_ac_0.50.png,data/generated/images/img_src_0222_stego_dct_ac_0.50.png,image,1,dct_ac,0.5,ef6cfdc8b25a86789db3ff510c80511339f42a2271419a94e948ec2faaa91b29,train
img_src_0223,img_src_0223_clean_01.png,data/generated/images/img_src_0223_clean_01.png,image,0,clean,0.0,330fb562fde9c5282743814eb9c8d8a9515d1a2c9f84282309e71216faecd891,train
img_src_0223,img_src_0223_clean_02.png,data/generated/images/img_src_0223_clean_02.png,image,0,clean,0.0,330fb562fde9c5282743814eb9c8d8a9515d1a2c9f84282309e71216faecd891,train
img_src_0223,img_src_0223_stego_dct_ac_0.50.png,data/generated/images/img_src_0223_stego_dct_ac_0.50.png,image,1,dct_ac,0.5,d12347450823128ef45a786ae65bbdc4d0d63ac5ad839927e41d5e9cce778b5d,train
img_src_0223,img_src_0223_stego_lsb_replacement_0.10.png,data/generated/images/img_src_0223_stego_lsb_replacement_0.10.png,image,1,lsb_replacement,0.1,18bf501055327e3c844ea2a3038acdf49ab095df41c55d719eb820673b735bfc,train
img_src_0224,img_src_0224_clean_01.png,data/generated/images/img_src_0224_clean_01.png,image,0,clean,0.0,1baba690721ff675efd15b7f6905f523b91e2fa349987084e87d722ab8da2b53,test
img_src_0224,img_src_0224_clean_02.png,data/generated/images/img_src_0224_clean_02.png,image,0,clean,0.0,1baba690721ff675efd15b7f6905f523b91e2fa349987084e87d722ab8da2b53,test
img_src_0224,img_src_0224_stego_lsb_replacement_0.10.png,data/generated/images/img_src_0224_stego_lsb_replacement_0.10.png,image,1,lsb_replacement,0.1,413a22a891a3150485b348be41012fda739e780acc7d49d440c987ec197138e4,test
img_src_0224,img_src_0224_stego_lsb_matching_0.20.png,data/generated/images/img_src_0224_stego_lsb_matching_0.20.png,image,1,lsb_matching,0.2,a002d1fcc8498453a6c2ee3cc1ccaef075b722529b476b5c78c18647f6db01a2,test
img_src_0225,img_src_0225_clean_01.png,data/generated/images/img_src_0225_clean_01.png,image,0,clean,0.0,eb0c5d2a92e53e86caa5d4890d765739932553319005137a9f0a90012e3d5c7f,val
img_src_0225,img_src_0225_clean_02.png,data/generated/images/img_src_0225_clean_02.png,image,0,clean,0.0,eb0c5d2a92e53e86caa5d4890d765739932553319005137a9f0a90012e3d5c7f,val
img_src_0225,img_src_0225_stego_lsb_matching_0.20.png,data/generated/images/img_src_0225_stego_lsb_matching_0.20.png,image,1,lsb_matching,0.2,3a533144fb37ac8b5180fc98bc0bb373e50ede460658ca5735ddb1a71948018a,val
img_src_0225,img_src_0225_stego_edge_adaptive_0.30.png,data/generated/images/img_src_0225_stego_edge_adaptive_0.30.png,image,1,edge_adaptive,0.3,b33a2740fb6e8d39fb78ec238318e68402eeaa799ef5a3a8a4bfdf7c07e335aa,val
img_src_0226,img_src_0226_clean_01.png,data/generated/images/img_src_0226_clean_01.png,image,0,clean,0.0,3945817807f916acb8c01c0c5d31985dc9848b10d2e04df51bbe99e170397a5f,val
img_src_0226,img_src_0226_clean_02.png,data/generated/images/img_src_0226_clean_02.png,image,0,clean,0.0,3945817807f916acb8c01c0c5d31985dc9848b10d2e04df51bbe99e170397a5f,val
img_src_0226,img_src_0226_stego_edge_adaptive_0.30.png,data/generated/images/img_src_0226_stego_edge_adaptive_0.30.png,image,1,edge_adaptive,0.3,772349267f2133d10be7ff736d459be53e2a48acc9b8e364b103e2616bfe6cd3,val
img_src_0226,img_src_0226_stego_dct_ac_0.50.png,data/generated/images/img_src_0226_stego_dct_ac_0.50.png,image,1,dct_ac,0.5,f2ab9e90837b59c16c3d36a528f4a47aee4b0533e53b212bdeca8fcec0b63e22,val
img_src_0227,img_src_0227_clean_01.png,data/generated/images/img_src_0227_clean_01.png,image,0,clean,0.0,f2b04f61aebb91cedb62c27af8b9d1dcca849c83661e0e04d4d2d25a10fcb252,train
img_src_0227,img_src_0227_clean_02.png,data/generated/images/img_src_0227_clean_02.png,image,0,clean,0.0,f2b04f61aebb91cedb62c27af8b9d1dcca849c83661e0e04d4d2d25a10fcb252,train
img_src_0227,img_src_0227_stego_dct_ac_0.50.png,data/generated/images/img_src_0227_stego_dct_ac_0.50.png,image,1,dct_ac,0.5,693238ca5533efbaf396e4a7b18cae82d25020d1374e6eced079528b6a60338d,train
img_src_0227,img_src_0227_stego_lsb_replacement_0.10.png,data/generated/images/img_src_0227_stego_lsb_replacement_0.10.png,image,1,lsb_replacement,0.1,3ff15e36484972d3a8e48603d1048af3b9f3ea0b29290d16b8f5e5f3b6d78587,train
img_src_0228,img_src_0228_clean_01.png,data/generated/images/img_src_0228_clean_01.png,image,0,clean,0.0,4f72bfe9db50b6c75c8276b0c05c6ddecd07d3dccfffebd3f881d4b1147cab62,train
img_src_0228,img_src_0228_clean_02.png,data/generated/images/img_src_0228_clean_02.png,image,0,clean,0.0,4f72bfe9db50b6c75c8276b0c05c6ddecd07d3dccfffebd3f881d4b1147cab62,train
img_src_0228,img_src_0228_stego_lsb_replacement_0.10.png,data/generated/images/img_src_0228_stego_lsb_replacement_0.10.png,image,1,lsb_replacement,0.1,27b64b27b796b65992c85cda41dbe92061cfd245972d01d33f590612e2e21947,train
img_src_0228,img_src_0228_stego_lsb_matching_0.20.png,data/generated/images/img_src_0228_stego_lsb_matching_0.20.png,image,1,lsb_matching,0.2,27ad95502483b0f6fcf0206f06abe84992c5da6b0b5a8fbc4eb7aebbd1a42a58,train
img_src_0229,img_src_0229_clean_01.png,data/generated/images/img_src_0229_clean_01.png,image,0,clean,0.0,209658c658bd928d53bc862398079d7e434de8d11d389158151d2e4b0817038e,val
img_src_0229,img_src_0229_clean_02.png,data/generated/images/img_src_0229_clean_02.png,image,0,clean,0.0,209658c658bd928d53bc862398079d7e434de8d11d389158151d2e4b0817038e,val
img_src_0229,img_src_0229_stego_lsb_matching_0.20.png,data/generated/images/img_src_0229_stego_lsb_matching_0.20.png,image,1,lsb_matching,0.2,77f1de863044a43b5190070404dae763f9b411bef66973087e4f04d8a0ca573c,val
img_src_0229,img_src_0229_stego_edge_adaptive_0.30.png,data/generated/images/img_src_0229_stego_edge_adaptive_0.30.png,image,1,edge_adaptive,0.3,57278fbeca939fb7a7303246144ec48e6969db374e8674df074d12b317c062c2,val
img_src_0230,img_src_0230_clean_01.png,data/generated/images/img_src_0230_clean_01.png,image,0,clean,0.0,d58a8f12ce26a3b2317a9dac9a9d8741d8f7b0d8b455d24f106b3426d8411f0c,test
img_src_0230,img_src_0230_clean_02.png,data/generated/images/img_src_0230_clean_02.png,image,0,clean,0.0,d58a8f12ce26a3b2317a9dac9a9d8741d8f7b0d8b455d24f106b3426d8411f0c,test
img_src_0230,img_src_0230_stego_edge_adaptive_0.30.png,data/generated/images/img_src_0230_stego_edge_adaptive_0.30.png,image,1,edge_adaptive,0.3,eb8b719387f3a32a2710489fd327b4a553cf3a25abc950acd7720aba7aa7b603,test
img_src_0230,img_src_0230_stego_dct_ac_0.50.png,data/generated/images/img_src_0230_stego_dct_ac_0.50.png,image,1,dct_ac,0.5,0ad4879171c6288ec0737bb0a33b3dd8caa58ecce65c3bcb7b53471724ded466,test
img_src_0231,img_src_0231_clean_01.png,data/generated/images/img_src_0231_clean_01.png,image,0,clean,0.0,182ddda1d31256a3a0828596cb4f4ffd058f7e511b96f2e900d5d9ef99b75252,train
img_src_0231,img_src_0231_clean_02.png,data/generated/images/img_src_0231_clean_02.png,image,0,clean,0.0,182ddda1d31256a3a0828596cb4f4ffd058f7e511b96f2e900d5d9ef99b75252,train
img_src_0231,img_src_0231_stego_dct_ac_0.50.png,data/generated/images/img_src_0231_stego_dct_ac_0.50.png,image,1,dct_ac,0.5,5b64a1d52c28c1186a4f096a154d5e197257cf8f08ed442f706a190d1f94259e,train
img_src_0231,img_src_0231_stego_lsb_replacement_0.10.png,data/generated/images/img_src_0231_stego_lsb_replacement_0.10.png,image,1,lsb_replacement,0.1,9808434b3e46db9bd513a7fe0ce7ee13c62541b18c1bd51ed33265013a35c8b5,train
img_src_0232,img_src_0232_clean_01.png,data/generated/images/img_src_0232_clean_01.png,image,0,clean,0.0,26181e100f24ba456b1edb9279e429aa0191e47c9711f2d891c6f16fbd7d9760,val
img_src_0232,img_src_0232_clean_02.png,data/generated/images/img_src_0232_clean_02.png,image,0,clean,0.0,26181e100f24ba456b1edb9279e429aa0191e47c9711f2d891c6f16fbd7d9760,val
img_src_0232,img_src_0232_stego_lsb_replacement_0.10.png,data/generated/images/img_src_0232_stego_lsb_replacement_0.10.png,image,1,lsb_replacement,0.1,30e2a7f798ae3ef9bf0d4a43774a1572c8c63e33b369573d7529de3aeaf45e8c,val
img_src_0232,img_src_0232_stego_lsb_matching_0.20.png,data/generated/images/img_src_0232_stego_lsb_matching_0.20.png,image,1,lsb_matching,0.2,e86c26641ab5d7273d9442f27f47babd78ccdb8d1e829df8840d680ff06a4979,val
img_src_0233,img_src_0233_clean_01.png,data/generated/images/img_src_0233_clean_01.png,image,0,clean,0.0,42fe3adeeedd88a00ebc451aed90d9e374e673b81954dcaca84d414e430c88bb,train
img_src_0233,img_src_0233_clean_02.png,data/generated/images/img_src_0233_clean_02.png,image,0,clean,0.0,42fe3adeeedd88a00ebc451aed90d9e374e673b81954dcaca84d414e430c88bb,train
img_src_0233,img_src_0233_stego_lsb_matching_0.20.png,data/generated/images/img_src_0233_stego_lsb_matching_0.20.png,image,1,lsb_matching,0.2,c9a025b5ee5d159618328326febde74998fc7a8d031177241b34cb8e1e96ed04,train
img_src_0233,img_src_0233_stego_edge_adaptive_0.30.png,data/generated/images/img_src_0233_stego_edge_adaptive_0.30.png,image,1,edge_adaptive,0.3,e3cfb053dd75cae9b5259fce372cacb82a98ff39b5fa27f3f2773e12817a598f,train
img_src_0234,img_src_0234_clean_01.png,data/generated/images/img_src_0234_clean_01.png,image,0,clean,0.0,0824252662248a3ee30cb17e1ee455e1663968cf438e3ff7be9f3d7540c40d9a,train
img_src_0234,img_src_0234_clean_02.png,data/generated/images/img_src_0234_clean_02.png,image,0,clean,0.0,0824252662248a3ee30cb17e1ee455e1663968cf438e3ff7be9f3d7540c40d9a,train
img_src_0234,img_src_0234_stego_edge_adaptive_0.30.png,data/generated/images/img_src_0234_stego_edge_adaptive_0.30.png,image,1,edge_adaptive,0.3,7877f1f1f919657be198eaa1fcb13c045127cf5566982983afa941b1f089ef3a,train
img_src_0234,img_src_0234_stego_dct_ac_0.50.png,data/generated/images/img_src_0234_stego_dct_ac_0.50.png,image,1,dct_ac,0.5,5fd18b1f616694d9fd109e458c8ed15fcc2ca2571c47f6d119d5e647bdddfde1,train
img_src_0235,img_src_0235_clean_01.png,data/generated/images/img_src_0235_clean_01.png,image,0,clean,0.0,ad609c404ae0547041d1d64935a468753ce3f5463cc75488fd1c7728204def8a,train
img_src_0235,img_src_0235_clean_02.png,data/generated/images/img_src_0235_clean_02.png,image,0,clean,0.0,ad609c404ae0547041d1d64935a468753ce3f5463cc75488fd1c7728204def8a,train
img_src_0235,img_src_0235_stego_dct_ac_0.50.png,data/generated/images/img_src_0235_stego_dct_ac_0.50.png,image,1,dct_ac,0.5,affc4c62a9cd9f036e548f072ea174ca87736161dd35a139cadc437a182428a0,train
img_src_0235,img_src_0235_stego_lsb_replacement_0.10.png,data/generated/images/img_src_0235_stego_lsb_replacement_0.10.png,image,1,lsb_replacement,0.1,ef4b2cbcd250f60f477a1599be4f38fa49ba361d544f03bce3fb0d9ee2335003,train
img_src_0236,img_src_0236_clean_01.png,data/generated/images/img_src_0236_clean_01.png,image,0,clean,0.0,bc488a7864a3c9b24be522dc45b39615ba2e8069e8296ddee7550db79eb282cb,train
img_src_0236,img_src_0236_clean_02.png,data/generated/images/img_src_0236_clean_02.png,image,0,clean,0.0,bc488a7864a3c9b24be522dc45b39615ba2e8069e8296ddee7550db79eb282cb,train
img_src_0236,img_src_0236_stego_lsb_replacement_0.10.png,data/generated/images/img_src_0236_stego_lsb_replacement_0.10.png,image,1,lsb_replacement,0.1,2051725438bd589b4a3b969e3a1a35717fd4238b94b7fe9b8b0317ddb4c0bed0,train
img_src_0236,img_src_0236_stego_lsb_matching_0.20.png,data/generated/images/img_src_0236_stego_lsb_matching_0.20.png,image,1,lsb_matching,0.2,e029f581fb8dc1d22c9f26a28b71cf13efdb2de3910d7e2151f4c93d4eeaac0a,train
img_src_0237,img_src_0237_clean_01.png,data/generated/images/img_src_0237_clean_01.png,image,0,clean,0.0,858f8125bfd1cb5518384715af66b63839f14fcaf8aa036d1b0e134482836e39,train
img_src_0237,img_src_0237_clean_02.png,data/generated/images/img_src_0237_clean_02.png,image,0,clean,0.0,858f8125bfd1cb5518384715af66b63839f14fcaf8aa036d1b0e134482836e39,train
img_src_0237,img_src_0237_stego_lsb_matching_0.20.png,data/generated/images/img_src_0237_stego_lsb_matching_0.20.png,image,1,lsb_matching,0.2,60f250441919def80b29c0d0109e167c8abc96522564de5afddc88b97d90f943,train
img_src_0237,img_src_0237_stego_edge_adaptive_0.30.png,data/generated/images/img_src_0237_stego_edge_adaptive_0.30.png,image,1,edge_adaptive,0.3,10de5af42006a39024c40aa26085c47148e737d8dac7ee832b9fb8e5c64a7af1,train
img_src_0238,img_src_0238_clean_01.png,data/generated/images/img_src_0238_clean_01.png,image,0,clean,0.0,4f55b261a26e994e2935b10f9fb011fb1a6114d358029f1082dc7a1daf22d8e4,train
img_src_0238,img_src_0238_clean_02.png,data/generated/images/img_src_0238_clean_02.png,image,0,clean,0.0,4f55b261a26e994e2935b10f9fb011fb1a6114d358029f1082dc7a1daf22d8e4,train
img_src_0238,img_src_0238_stego_edge_adaptive_0.30.png,data/generated/images/img_src_0238_stego_edge_adaptive_0.30.png,image,1,edge_adaptive,0.3,8c397732ccf47d64bd4de33003085b450f3c7242c609d2c290a61bcfefab2825,train
img_src_0238,img_src_0238_stego_dct_ac_0.50.png,data/generated/images/img_src_0238_stego_dct_ac_0.50.png,image,1,dct_ac,0.5,4e0f81c9bc7f089575afe34dcfbcbf1256500a7bf7f05ef63b9cd5e1df2634d6,train
img_src_0239,img_src_0239_clean_01.png,data/generated/images/img_src_0239_clean_01.png,image,0,clean,0.0,246f11373fffa0fd895ff280cb71f0795408ffe88a2d31c2a02e38864896465e,train
img_src_0239,img_src_0239_clean_02.png,data/generated/images/img_src_0239_clean_02.png,image,0,clean,0.0,246f11373fffa0fd895ff280cb71f0795408ffe88a2d31c2a02e38864896465e,train
img_src_0239,img_src_0239_stego_dct_ac_0.50.png,data/generated/images/img_src_0239_stego_dct_ac_0.50.png,image,1,dct_ac,0.5,b8d8f8cb9aafd0bcd6d3540717aec8fcd3f15a1809d4549f6b8cd679190e0fd6,train
img_src_0239,img_src_0239_stego_lsb_replacement_0.10.png,data/generated/images/img_src_0239_stego_lsb_replacement_0.10.png,image,1,lsb_replacement,0.1,1165bdeba4925a1c0880206917089604dee236fb669e299bfa53b5c741c4479d,train
img_src_0240,img_src_0240_clean_01.png,data/generated/images/img_src_0240_clean_01.png,image,0,clean,0.0,9eb1bd8d4eef7a71918a17d043e2d2e0059c6a005c785455e945a2284ef9ff1e,train
img_src_0240,img_src_0240_clean_02.png,data/generated/images/img_src_0240_clean_02.png,image,0,clean,0.0,9eb1bd8d4eef7a71918a17d043e2d2e0059c6a005c785455e945a2284ef9ff1e,train
img_src_0240,img_src_0240_stego_lsb_replacement_0.10.png,data/generated/images/img_src_0240_stego_lsb_replacement_0.10.png,image,1,lsb_replacement,0.1,c5b589d38322d9b5e92cca703f842c110c14541cdf598cbdd4f348bbd0466801,train
img_src_0240,img_src_0240_stego_lsb_matching_0.20.png,data/generated/images/img_src_0240_stego_lsb_matching_0.20.png,image,1,lsb_matching,0.2,311ecdf21e4a065e59920590cd7272840c6cebf5de48c417501d2bef98c4341a,train
img_src_0241,img_src_0241_clean_01.png,data/generated/images/img_src_0241_clean_01.png,image,0,clean,0.0,6d319b877240fa548508d8eba4097cb5927cd75d89f1af5e05c4a9fe13939eb8,test
img_src_0241,img_src_0241_clean_02.png,data/generated/images/img_src_0241_clean_02.png,image,0,clean,0.0,6d319b877240fa548508d8eba4097cb5927cd75d89f1af5e05c4a9fe13939eb8,test
img_src_0241,img_src_0241_stego_lsb_matching_0.20.png,data/generated/images/img_src_0241_stego_lsb_matching_0.20.png,image,1,lsb_matching,0.2,1bb3b8877cfcb4657443861d9c2547f4ed155fe475785bee15e76bcec812bd77,test
img_src_0241,img_src_0241_stego_edge_adaptive_0.30.png,data/generated/images/img_src_0241_stego_edge_adaptive_0.30.png,image,1,edge_adaptive,0.3,00992bbe5feb20066fccd43dc6c00bc0744a33f6bb176c283c90351f29a8bfed,test
img_src_0242,img_src_0242_clean_01.png,data/generated/images/img_src_0242_clean_01.png,image,0,clean,0.0,2b79cf0ac6f5e29c23b49f9dcaec03e73f2a9be6bd83ffed62e0846344618d98,train
img_src_0242,img_src_0242_clean_02.png,data/generated/images/img_src_0242_clean_02.png,image,0,clean,0.0,2b79cf0ac6f5e29c23b49f9dcaec03e73f2a9be6bd83ffed62e0846344618d98,train
img_src_0242,img_src_0242_stego_edge_adaptive_0.30.png,data/generated/images/img_src_0242_stego_edge_adaptive_0.30.png,image,1,edge_adaptive,0.3,d06a325179ab12be1a6c532a1db95c49e5a6c917e4a266af6e86aebc90279118,train
img_src_0242,img_src_0242_stego_dct_ac_0.50.png,data/generated/images/img_src_0242_stego_dct_ac_0.50.png,image,1,dct_ac,0.5,df467da67e1e8bcc45fa391a809eba132d2df8b6c7a7be4a84a31e8594330fb7,train
img_src_0243,img_src_0243_clean_01.png,data/generated/images/img_src_0243_clean_01.png,image,0,clean,0.0,46d17924cfe6c32796c4b7c81714e07780b2706ed8d869c412acadd9df359560,train
img_src_0243,img_src_0243_clean_02.png,data/generated/images/img_src_0243_clean_02.png,image,0,clean,0.0,46d17924cfe6c32796c4b7c81714e07780b2706ed8d869c412acadd9df359560,train
img_src_0243,img_src_0243_stego_dct_ac_0.50.png,data/generated/images/img_src_0243_stego_dct_ac_0.50.png,image,1,dct_ac,0.5,d0cf0da9904a1d9863142094a0d8824678de45379180c32d2f9d655e3b1e10ca,train
img_src_0243,img_src_0243_stego_lsb_replacement_0.10.png,data/generated/images/img_src_0243_stego_lsb_replacement_0.10.png,image,1,lsb_replacement,0.1,a5b0b5eb9562e0d77932bbafce508ae4f28e9b201023795726cef1a32b9af2aa,train
img_src_0244,img_src_0244_clean_01.png,data/generated/images/img_src_0244_clean_01.png,image,0,clean,0.0,8e5254af887ebea5f4bf554e59ec845b401b934f8d628459b0cc00477f3189e3,train
img_src_0244,img_src_0244_clean_02.png,data/generated/images/img_src_0244_clean_02.png,image,0,clean,0.0,8e5254af887ebea5f4bf554e59ec845b401b934f8d628459b0cc00477f3189e3,train
img_src_0244,img_src_0244_stego_lsb_replacement_0.10.png,data/generated/images/img_src_0244_stego_lsb_replacement_0.10.png,image,1,lsb_replacement,0.1,3773e107e9ee0556d8b82a1d2c55277886b64456ae81e61b1b5ad8613786a121,train
img_src_0244,img_src_0244_stego_lsb_matching_0.20.png,data/generated/images/img_src_0244_stego_lsb_matching_0.20.png,image,1,lsb_matching,0.2,8609c7900cc5e720edc7f06f53946fe5c6eab79c7b7086e043ef60ead30e39f1,train
img_src_0245,img_src_0245_clean_01.png,data/generated/images/img_src_0245_clean_01.png,image,0,clean,0.0,bba9a87e3a2745a9a62b3ec351102a114b973129ddc4ca66a9c033d27c34ef30,train
img_src_0245,img_src_0245_clean_02.png,data/generated/images/img_src_0245_clean_02.png,image,0,clean,0.0,bba9a87e3a2745a9a62b3ec351102a114b973129ddc4ca66a9c033d27c34ef30,train
img_src_0245,img_src_0245_stego_lsb_matching_0.20.png,data/generated/images/img_src_0245_stego_lsb_matching_0.20.png,image,1,lsb_matching,0.2,9427e9562c9cb99be016f482dc2f710e8524f64ddf9bce390aa5c6d732bce47c,train
img_src_0245,img_src_0245_stego_edge_adaptive_0.30.png,data/generated/images/img_src_0245_stego_edge_adaptive_0.30.png,image,1,edge_adaptive,0.3,e14f62b922cccc5eacba88260dfc1e4a207cd48124697226097e5473a8aea4cf,train
img_src_0246,img_src_0246_clean_01.png,data/generated/images/img_src_0246_clean_01.png,image,0,clean,0.0,deb3ce43809dad5995882df903056dcc79c68c0b42be55ee4ebd539c5eaf8ef7,test
img_src_0246,img_src_0246_clean_02.png,data/generated/images/img_src_0246_clean_02.png,image,0,clean,0.0,deb3ce43809dad5995882df903056dcc79c68c0b42be55ee4ebd539c5eaf8ef7,test
img_src_0246,img_src_0246_stego_edge_adaptive_0.30.png,data/generated/images/img_src_0246_stego_edge_adaptive_0.30.png,image,1,edge_adaptive,0.3,2ad6602a4c5e110221a5fb84b0e7b6b9c4c9b45cefb61a7ced42906b724beeb7,test
img_src_0246,img_src_0246_stego_dct_ac_0.50.png,data/generated/images/img_src_0246_stego_dct_ac_0.50.png,image,1,dct_ac,0.5,ad23b70977e02f41379af758b8b66ee4aa2ad06b21d5fe95c3d2b0c3762b1335,test
img_src_0247,img_src_0247_clean_01.png,data/generated/images/img_src_0247_clean_01.png,image,0,clean,0.0,a56948826125dafb51e938023b2286f5226c77bd13277ceb0172fe26035cb0e0,train
img_src_0247,img_src_0247_clean_02.png,data/generated/images/img_src_0247_clean_02.png,image,0,clean,0.0,a56948826125dafb51e938023b2286f5226c77bd13277ceb0172fe26035cb0e0,train
img_src_0247,img_src_0247_stego_dct_ac_0.50.png,data/generated/images/img_src_0247_stego_dct_ac_0.50.png,image,1,dct_ac,0.5,1af776c49feddee36aedbeb57ae2f910345352bcc8192936bc70213d5adbf218,train
img_src_0247,img_src_0247_stego_lsb_replacement_0.10.png,data/generated/images/img_src_0247_stego_lsb_replacement_0.10.png,image,1,lsb_replacement,0.1,1a2b03339838c750b7bd79fd84166e2c2ae5b24159a3daf8dca489b62b2eac12,train
img_src_0248,img_src_0248_clean_01.png,data/generated/images/img_src_0248_clean_01.png,image,0,clean,0.0,16dd8e9fe980c76f23e6d6c0c67a947f66db20e615e34fd6a048852e566a373b,train
img_src_0248,img_src_0248_clean_02.png,data/generated/images/img_src_0248_clean_02.png,image,0,clean,0.0,16dd8e9fe980c76f23e6d6c0c67a947f66db20e615e34fd6a048852e566a373b,train
img_src_0248,img_src_0248_stego_lsb_replacement_0.10.png,data/generated/images/img_src_0248_stego_lsb_replacement_0.10.png,image,1,lsb_replacement,0.1,69963fc1b4693f7fa06b7bd4808792e08eacd0b882d14bb469dd4a6407b557ce,train
img_src_0248,img_src_0248_stego_lsb_matching_0.20.png,data/generated/images/img_src_0248_stego_lsb_matching_0.20.png,image,1,lsb_matching,0.2,263b28cde02259e3e20747e54ac574e4d314a302289cbfad3dffd9677923461e,train
img_src_0249,img_src_0249_clean_01.png,data/generated/images/img_src_0249_clean_01.png,image,0,clean,0.0,cb34198a66cc112e0f236ae39ba94ab4364ddb51fb12b90a891c0b9cbb182bc4,train
img_src_0249,img_src_0249_clean_02.png,data/generated/images/img_src_0249_clean_02.png,image,0,clean,0.0,cb34198a66cc112e0f236ae39ba94ab4364ddb51fb12b90a891c0b9cbb182bc4,train
img_src_0249,img_src_0249_stego_lsb_matching_0.20.png,data/generated/images/img_src_0249_stego_lsb_matching_0.20.png,image,1,lsb_matching,0.2,9c938fb6507c9fa6e1aef25d588401afaa6faf96e8675ef50e36840efebd82d9,train
img_src_0249,img_src_0249_stego_edge_adaptive_0.30.png,data/generated/images/img_src_0249_stego_edge_adaptive_0.30.png,image,1,edge_adaptive,0.3,f16f3fdf76b953ec440232451dea00b35f4e3ae763fe1db862efb00b441922b4,train
img_src_0250,img_src_0250_clean_01.png,data/generated/images/img_src_0250_clean_01.png,image,0,clean,0.0,0ee301f2e24416759767759ec2e5df520f2cb3918eaaba6eff0fb27d0d38ce71,train
img_src_0250,img_src_0250_clean_02.png,data/generated/images/img_src_0250_clean_02.png,image,0,clean,0.0,0ee301f2e24416759767759ec2e5df520f2cb3918eaaba6eff0fb27d0d38ce71,train
img_src_0250,img_src_0250_stego_edge_adaptive_0.30.png,data/generated/images/img_src_0250_stego_edge_adaptive_0.30.png,image,1,edge_adaptive,0.3,7e2d6aa0b5f4e60dac1fb2b4771fdc5c13c939d8cd8e0ab88977418597bba763,train
img_src_0250,img_src_0250_stego_dct_ac_0.50.png,data/generated/images/img_src_0250_stego_dct_ac_0.50.png,image,1,dct_ac,0.5,ad887c88a10a2c769a5afc584701f0503fecea4161c050d03f2ace9e74a87031,train
img_src_0251,img_src_0251_clean_01.png,data/generated/images/img_src_0251_clean_01.png,image,0,clean,0.0,7137de89609ef74d7aa7b16e06c2bfdbb7a3537b1bd916ce836d6359a4f932ef,train
img_src_0251,img_src_0251_clean_02.png,data/generated/images/img_src_0251_clean_02.png,image,0,clean,0.0,7137de89609ef74d7aa7b16e06c2bfdbb7a3537b1bd916ce836d6359a4f932ef,train
img_src_0251,img_src_0251_stego_dct_ac_0.50.png,data/generated/images/img_src_0251_stego_dct_ac_0.50.png,image,1,dct_ac,0.5,0d9b21f73337e98341ff5a408e91bb468d76b7b308622498738fcb1f20380999,train
img_src_0251,img_src_0251_stego_lsb_replacement_0.10.png,data/generated/images/img_src_0251_stego_lsb_replacement_0.10.png,image,1,lsb_replacement,0.1,dd3385c0fb028e6d9a3212b028f0612637e15d99d40a9fa2ad16e2fa62746731,train
img_src_0252,img_src_0252_clean_01.png,data/generated/images/img_src_0252_clean_01.png,image,0,clean,0.0,d204b8c4de94d2e82902c96075078d257579cef2e31bc10545bf63c3676d28c4,test
img_src_0252,img_src_0252_clean_02.png,data/generated/images/img_src_0252_clean_02.png,image,0,clean,0.0,d204b8c4de94d2e82902c96075078d257579cef2e31bc10545bf63c3676d28c4,test
img_src_0252,img_src_0252_stego_lsb_replacement_0.10.png,data/generated/images/img_src_0252_stego_lsb_replacement_0.10.png,image,1,lsb_replacement,0.1,555cee45929f377f74265fc702ab2c4f488d263af2a2106e883c0e3383f1e179,test
img_src_0252,img_src_0252_stego_lsb_matching_0.20.png,data/generated/images/img_src_0252_stego_lsb_matching_0.20.png,image,1,lsb_matching,0.2,092fa12b129928870cfdc859a182b152b22e4ad6ddbfbb9a47867c5450b935e6,test
img_src_0253,img_src_0253_clean_01.png,data/generated/images/img_src_0253_clean_01.png,image,0,clean,0.0,e4bc5f454ed3ce51c2d5997eb225b844d31185bd03f01654d68afaa1d50bbe36,val
img_src_0253,img_src_0253_clean_02.png,data/generated/images/img_src_0253_clean_02.png,image,0,clean,0.0,e4bc5f454ed3ce51c2d5997eb225b844d31185bd03f01654d68afaa1d50bbe36,val
img_src_0253,img_src_0253_stego_lsb_matching_0.20.png,data/generated/images/img_src_0253_stego_lsb_matching_0.20.png,image,1,lsb_matching,0.2,738bb970db8cbbc09022d7de45af0a9a80ecbb67eee3f2d058e525cbf6390f58,val
img_src_0253,img_src_0253_stego_edge_adaptive_0.30.png,data/generated/images/img_src_0253_stego_edge_adaptive_0.30.png,image,1,edge_adaptive,0.3,22b1ca2f018755a48b7e39c1be85b7d531c4e9a9d8427b1f558943c4fa320276,val
img_src_0254,img_src_0254_clean_01.png,data/generated/images/img_src_0254_clean_01.png,image,0,clean,0.0,d4106d11b316df68704b86fd5b52061350a14d2501a0c8ecb0885ac2879ab29b,train
img_src_0254,img_src_0254_clean_02.png,data/generated/images/img_src_0254_clean_02.png,image,0,clean,0.0,d4106d11b316df68704b86fd5b52061350a14d2501a0c8ecb0885ac2879ab29b,train
img_src_0254,img_src_0254_stego_edge_adaptive_0.30.png,data/generated/images/img_src_0254_stego_edge_adaptive_0.30.png,image,1,edge_adaptive,0.3,b7ece4ac6b22aae93046879c7ac1eb4647565f6d65c36f7b04e087c5de02c9ea,train
img_src_0254,img_src_0254_stego_dct_ac_0.50.png,data/generated/images/img_src_0254_stego_dct_ac_0.50.png,image,1,dct_ac,0.5,b48432587ab1ac8c9096a3099b3cf641fc6bb6471ee56b9c974dd21f887d468f,train
img_src_0255,img_src_0255_clean_01.png,data/generated/images/img_src_0255_clean_01.png,image,0,clean,0.0,652385467fe5703946df15c48ee516c4fc5b1bea327b0785261a2e7cf9708295,val
img_src_0255,img_src_0255_clean_02.png,data/generated/images/img_src_0255_clean_02.png,image,0,clean,0.0,652385467fe5703946df15c48ee516c4fc5b1bea327b0785261a2e7cf9708295,val
img_src_0255,img_src_0255_stego_dct_ac_0.50.png,data/generated/images/img_src_0255_stego_dct_ac_0.50.png,image,1,dct_ac,0.5,790c9d1a7425d68623dd7800c24cc44c7efefebec9002a2f83a39b523e128802,val
img_src_0255,img_src_0255_stego_lsb_replacement_0.10.png,data/generated/images/img_src_0255_stego_lsb_replacement_0.10.png,image,1,lsb_replacement,0.1,68ffb81fc34f592a0c1f4a7a494f7ee6d55b8d094cc12cc81dcd200565859acd,val
img_src_0256,img_src_0256_clean_01.png,data/generated/images/img_src_0256_clean_01.png,image,0,clean,0.0,3110014167c1cc7fba6f7ea1141d3e095076613f48ceef05b07f70c8b3d8fdae,train
img_src_0256,img_src_0256_clean_02.png,data/generated/images/img_src_0256_clean_02.png,image,0,clean,0.0,3110014167c1cc7fba6f7ea1141d3e095076613f48ceef05b07f70c8b3d8fdae,train
img_src_0256,img_src_0256_stego_lsb_replacement_0.10.png,data/generated/images/img_src_0256_stego_lsb_replacement_0.10.png,image,1,lsb_replacement,0.1,f86a099a964c39b0676d0fdcaea4ba6e226065abed265423c9f737da79b9baff,train
img_src_0256,img_src_0256_stego_lsb_matching_0.20.png,data/generated/images/img_src_0256_stego_lsb_matching_0.20.png,image,1,lsb_matching,0.2,b685d88324abf8d3e5cfd93ffa98e260fdc86217cd3dbf68a45dd46e9fb3e90b,train
img_src_0257,img_src_0257_clean_01.png,data/generated/images/img_src_0257_clean_01.png,image,0,clean,0.0,df8e1fa4b42fdd6598825ef342ae15640cfc4d7b10ea72a2b3d04eb15ff40c65,train
img_src_0257,img_src_0257_clean_02.png,data/generated/images/img_src_0257_clean_02.png,image,0,clean,0.0,df8e1fa4b42fdd6598825ef342ae15640cfc4d7b10ea72a2b3d04eb15ff40c65,train
img_src_0257,img_src_0257_stego_lsb_matching_0.20.png,data/generated/images/img_src_0257_stego_lsb_matching_0.20.png,image,1,lsb_matching,0.2,6ed5df44e95499e2c547e04e840464c9f37c9e623df8dd7c5817aa6643289e76,train
img_src_0257,img_src_0257_stego_edge_adaptive_0.30.png,data/generated/images/img_src_0257_stego_edge_adaptive_0.30.png,image,1,edge_adaptive,0.3,22246733a39b502288b904c64d3222db4effbde8e51f4c2a4e2132a64ed791bb,train
img_src_0258,img_src_0258_clean_01.png,data/generated/images/img_src_0258_clean_01.png,image,0,clean,0.0,1ccb7bfe91d50c456a858a69685c05342159b81f0978d76b94c68bbc10b2491d,train
img_src_0258,img_src_0258_clean_02.png,data/generated/images/img_src_0258_clean_02.png,image,0,clean,0.0,1ccb7bfe91d50c456a858a69685c05342159b81f0978d76b94c68bbc10b2491d,train
img_src_0258,img_src_0258_stego_edge_adaptive_0.30.png,data/generated/images/img_src_0258_stego_edge_adaptive_0.30.png,image,1,edge_adaptive,0.3,152c42f43e6ef4327f751437ac7761b6c57e2c71e5265d64b05fd85a6391f57a,train
img_src_0258,img_src_0258_stego_dct_ac_0.50.png,data/generated/images/img_src_0258_stego_dct_ac_0.50.png,image,1,dct_ac,0.5,635296e4d36297905d4f20beba04d7418e1b028e20002f30dc27529d6a7d3185,train
img_src_0259,img_src_0259_clean_01.png,data/generated/images/img_src_0259_clean_01.png,image,0,clean,0.0,633919988b4d9aa1f27acd64e24426ff7467a8b2dba2cb297c7d3d06e2522068,train
img_src_0259,img_src_0259_clean_02.png,data/generated/images/img_src_0259_clean_02.png,image,0,clean,0.0,633919988b4d9aa1f27acd64e24426ff7467a8b2dba2cb297c7d3d06e2522068,train
img_src_0259,img_src_0259_stego_dct_ac_0.50.png,data/generated/images/img_src_0259_stego_dct_ac_0.50.png,image,1,dct_ac,0.5,f5bf9b140e55ef349d76ff8deb6788f170ddf0a0027bbc3541efe6ee5fc21dd9,train
img_src_0259,img_src_0259_stego_lsb_replacement_0.10.png,data/generated/images/img_src_0259_stego_lsb_replacement_0.10.png,image,1,lsb_replacement,0.1,ea44a0b7cfda39a3d66657e3c5594837be3cdce161e35071c7a1074f01016827,train
img_src_0260,img_src_0260_clean_01.png,data/generated/images/img_src_0260_clean_01.png,image,0,clean,0.0,d35498c4dda42efcd0048798a8f4bbbd050f00a7ba14fb3ba58a1346af5ef4be,train
img_src_0260,img_src_0260_clean_02.png,data/generated/images/img_src_0260_clean_02.png,image,0,clean,0.0,d35498c4dda42efcd0048798a8f4bbbd050f00a7ba14fb3ba58a1346af5ef4be,train
img_src_0260,img_src_0260_stego_lsb_replacement_0.10.png,data/generated/images/img_src_0260_stego_lsb_replacement_0.10.png,image,1,lsb_replacement,0.1,ffd18476490a318b6291578f8ce60cde3d20e490771fc8b7d759f6684c3e568c,train
img_src_0260,img_src_0260_stego_lsb_matching_0.20.png,data/generated/images/img_src_0260_stego_lsb_matching_0.20.png,image,1,lsb_matching,0.2,881c9b689401ea83d400e94e0ef2b7d4ff98ad53778d6e7fc64792dd0c555abb,train
img_src_0261,img_src_0261_clean_01.png,data/generated/images/img_src_0261_clean_01.png,image,0,clean,0.0,9ae7e62155deb547c53f4ee9b579af86791ed1394da605737015829b4e327176,train
img_src_0261,img_src_0261_clean_02.png,data/generated/images/img_src_0261_clean_02.png,image,0,clean,0.0,9ae7e62155deb547c53f4ee9b579af86791ed1394da605737015829b4e327176,train
img_src_0261,img_src_0261_stego_lsb_matching_0.20.png,data/generated/images/img_src_0261_stego_lsb_matching_0.20.png,image,1,lsb_matching,0.2,e6ffe66cbd7c1a22c2bf64ac43a87adc041f858b8bd7322e19498d55788a217c,train
img_src_0261,img_src_0261_stego_edge_adaptive_0.30.png,data/generated/images/img_src_0261_stego_edge_adaptive_0.30.png,image,1,edge_adaptive,0.3,2230d4e69458f7bba835a3f22461174368ce4e7fd7b70bb2476b4b4d8b97a920,train
img_src_0262,img_src_0262_clean_01.png,data/generated/images/img_src_0262_clean_01.png,image,0,clean,0.0,bf50770c8a79d0cb8794238f65f6fe91d21240a5dfbd3292940bf9fbe42ca085,val
img_src_0262,img_src_0262_clean_02.png,data/generated/images/img_src_0262_clean_02.png,image,0,clean,0.0,bf50770c8a79d0cb8794238f65f6fe91d21240a5dfbd3292940bf9fbe42ca085,val
img_src_0262,img_src_0262_stego_edge_adaptive_0.30.png,data/generated/images/img_src_0262_stego_edge_adaptive_0.30.png,image,1,edge_adaptive,0.3,e0728db8b526c50ee0150463184eccb3703086f85e8190a2f121a13b9df8846d,val
img_src_0262,img_src_0262_stego_dct_ac_0.50.png,data/generated/images/img_src_0262_stego_dct_ac_0.50.png,image,1,dct_ac,0.5,67cc77d2f9ebede17b420eee908b87370e21c1a2bb10802e80c712504704ce53,val
img_src_0263,img_src_0263_clean_01.png,data/generated/images/img_src_0263_clean_01.png,image,0,clean,0.0,a644cf04ce2c511835c5f6716407f6a9038550c6790b25e887468f550848d88b,train
img_src_0263,img_src_0263_clean_02.png,data/generated/images/img_src_0263_clean_02.png,image,0,clean,0.0,a644cf04ce2c511835c5f6716407f6a9038550c6790b25e887468f550848d88b,train
img_src_0263,img_src_0263_stego_dct_ac_0.50.png,data/generated/images/img_src_0263_stego_dct_ac_0.50.png,image,1,dct_ac,0.5,94317ae40d2c11ade15a3296bf0be7f45391cae8bc42d107ace17c7d59f46c2a,train
img_src_0263,img_src_0263_stego_lsb_replacement_0.10.png,data/generated/images/img_src_0263_stego_lsb_replacement_0.10.png,image,1,lsb_replacement,0.1,1c4783dfc60d2cb210268bbbe77902db73312f314328920313d9e6002885f6f8,train
img_src_0264,img_src_0264_clean_01.png,data/generated/images/img_src_0264_clean_01.png,image,0,clean,0.0,405390c37975e3361c669a8c42e707670b8ddd67f93d4747c0ac2cc706eeebc4,train
img_src_0264,img_src_0264_clean_02.png,data/generated/images/img_src_0264_clean_02.png,image,0,clean,0.0,405390c37975e3361c669a8c42e707670b8ddd67f93d4747c0ac2cc706eeebc4,train
img_src_0264,img_src_0264_stego_lsb_replacement_0.10.png,data/generated/images/img_src_0264_stego_lsb_replacement_0.10.png,image,1,lsb_replacement,0.1,8887dc3a1aa057da8c61d27419837f2f690c497995a8297b1a787e748195ef4d,train
img_src_0264,img_src_0264_stego_lsb_matching_0.20.png,data/generated/images/img_src_0264_stego_lsb_matching_0.20.png,image,1,lsb_matching,0.2,32d9f43fb9abf7c633649f33a680f7cfcf3126e2cf225a50fbbdf14e6e913c4c,train
img_src_0265,img_src_0265_clean_01.png,data/generated/images/img_src_0265_clean_01.png,image,0,clean,0.0,7ba13c3b1ae58e4d8f1fef3da15305b15492a4d6e3177cb5e33130645631a06f,train
img_src_0265,img_src_0265_clean_02.png,data/generated/images/img_src_0265_clean_02.png,image,0,clean,0.0,7ba13c3b1ae58e4d8f1fef3da15305b15492a4d6e3177cb5e33130645631a06f,train
img_src_0265,img_src_0265_stego_lsb_matching_0.20.png,data/generated/images/img_src_0265_stego_lsb_matching_0.20.png,image,1,lsb_matching,0.2,6c0fce570fc21df5dd29fa5feb4b714b789c8fa18c967e672d2d7e070d077a3f,train
img_src_0265,img_src_0265_stego_edge_adaptive_0.30.png,data/generated/images/img_src_0265_stego_edge_adaptive_0.30.png,image,1,edge_adaptive,0.3,7f426cf777e5bd49f8452b75e47a2d7e491845feec65e7afec7883a9d048d28b,train
img_src_0266,img_src_0266_clean_01.png,data/generated/images/img_src_0266_clean_01.png,image,0,clean,0.0,e2503ea1b036f1faf8372f5a4039b896d837dd7cf04d3e404ee0b4709d9e8322,train
img_src_0266,img_src_0266_clean_02.png,data/generated/images/img_src_0266_clean_02.png,image,0,clean,0.0,e2503ea1b036f1faf8372f5a4039b896d837dd7cf04d3e404ee0b4709d9e8322,train
img_src_0266,img_src_0266_stego_edge_adaptive_0.30.png,data/generated/images/img_src_0266_stego_edge_adaptive_0.30.png,image,1,edge_adaptive,0.3,f040f587fb6758fcc1f72c0a0598acc7b3eb2b4fd2588bc03a713326f55219e0,train
img_src_0266,img_src_0266_stego_dct_ac_0.50.png,data/generated/images/img_src_0266_stego_dct_ac_0.50.png,image,1,dct_ac,0.5,7b0b130c35070f09ab7efc4e10477099817c92d368bbf0677cbfbe595c12f2db,train
img_src_0267,img_src_0267_clean_01.png,data/generated/images/img_src_0267_clean_01.png,image,0,clean,0.0,b3606911009a74666cf03fa8ddbe66c99b4e70997191ac999b98fcfdb698472d,train
img_src_0267,img_src_0267_clean_02.png,data/generated/images/img_src_0267_clean_02.png,image,0,clean,0.0,b3606911009a74666cf03fa8ddbe66c99b4e70997191ac999b98fcfdb698472d,train
img_src_0267,img_src_0267_stego_dct_ac_0.50.png,data/generated/images/img_src_0267_stego_dct_ac_0.50.png,image,1,dct_ac,0.5,859acc29f6d962b6935c1645dea19a4f7e3c109592d327bdeabbc8346b2ce0dc,train
img_src_0267,img_src_0267_stego_lsb_replacement_0.10.png,data/generated/images/img_src_0267_stego_lsb_replacement_0.10.png,image,1,lsb_replacement,0.1,4e12bac798d761fa7218a335801db83e0c0c565f0a2a23a1a66c228d94cee79c,train
img_src_0268,img_src_0268_clean_01.png,data/generated/images/img_src_0268_clean_01.png,image,0,clean,0.0,ad628d22a5d54248e34d53cfa766dd2e59e2298d0e3eafc8bb9daef445ee4965,train
img_src_0268,img_src_0268_clean_02.png,data/generated/images/img_src_0268_clean_02.png,image,0,clean,0.0,ad628d22a5d54248e34d53cfa766dd2e59e2298d0e3eafc8bb9daef445ee4965,train
img_src_0268,img_src_0268_stego_lsb_replacement_0.10.png,data/generated/images/img_src_0268_stego_lsb_replacement_0.10.png,image,1,lsb_replacement,0.1,66f398c71bf69cd4bd215ada804a8cbea3dc620d960f443503309bb84402dce8,train
img_src_0268,img_src_0268_stego_lsb_matching_0.20.png,data/generated/images/img_src_0268_stego_lsb_matching_0.20.png,image,1,lsb_matching,0.2,cf0d91586574de2b99aeb2ef14b4dc4fb7eaa4b5580d0ef9f03a74d4dad15e0c,train
img_src_0269,img_src_0269_clean_01.png,data/generated/images/img_src_0269_clean_01.png,image,0,clean,0.0,96472f484481c740fc75a6f643ae92c08fc030fa2931a7b3544b0ae7a52c1961,test
img_src_0269,img_src_0269_clean_02.png,data/generated/images/img_src_0269_clean_02.png,image,0,clean,0.0,96472f484481c740fc75a6f643ae92c08fc030fa2931a7b3544b0ae7a52c1961,test
img_src_0269,img_src_0269_stego_lsb_matching_0.20.png,data/generated/images/img_src_0269_stego_lsb_matching_0.20.png,image,1,lsb_matching,0.2,60190e87e0251f375f69609b843044856250c0cf771fd37fd10ff8473c55b958,test
img_src_0269,img_src_0269_stego_edge_adaptive_0.30.png,data/generated/images/img_src_0269_stego_edge_adaptive_0.30.png,image,1,edge_adaptive,0.3,7e54238dcc99cf9594981e3a6b982bec6d93f6860adbfb929e46a2d068a48a52,test
img_src_0270,img_src_0270_clean_01.png,data/generated/images/img_src_0270_clean_01.png,image,0,clean,0.0,db34306851781eb5e191fc2f87179b41e506772cb8dbc254851922e813b77c87,train
img_src_0270,img_src_0270_clean_02.png,data/generated/images/img_src_0270_clean_02.png,image,0,clean,0.0,db34306851781eb5e191fc2f87179b41e506772cb8dbc254851922e813b77c87,train
img_src_0270,img_src_0270_stego_edge_adaptive_0.30.png,data/generated/images/img_src_0270_stego_edge_adaptive_0.30.png,image,1,edge_adaptive,0.3,3c47273a086a0b238467417f5c8eeef2322cdf9d4c3a830d0150a4dc543bffef,train
img_src_0270,img_src_0270_stego_dct_ac_0.50.png,data/generated/images/img_src_0270_stego_dct_ac_0.50.png,image,1,dct_ac,0.5,41a235e36ffb13533174f1867294f6acf633e5017a23d92284e0b589170ea2cb,train
img_src_0271,img_src_0271_clean_01.png,data/generated/images/img_src_0271_clean_01.png,image,0,clean,0.0,0395bef9b0cf289b29425bee25377e3f8965424f8cd76b2c73e049a13b673c01,train
img_src_0271,img_src_0271_clean_02.png,data/generated/images/img_src_0271_clean_02.png,image,0,clean,0.0,0395bef9b0cf289b29425bee25377e3f8965424f8cd76b2c73e049a13b673c01,train
img_src_0271,img_src_0271_stego_dct_ac_0.50.png,data/generated/images/img_src_0271_stego_dct_ac_0.50.png,image,1,dct_ac,0.5,ded67f26d2f419b15ba7e7545a43bb7f3e4ade253da4ad9eaf04791785f69a25,train
img_src_0271,img_src_0271_stego_lsb_replacement_0.10.png,data/generated/images/img_src_0271_stego_lsb_replacement_0.10.png,image,1,lsb_replacement,0.1,c026c9e109e567d61f6b9141d81be8b971eb19bbd5cde5574e0b6a58562ee943,train
img_src_0272,img_src_0272_clean_01.png,data/generated/images/img_src_0272_clean_01.png,image,0,clean,0.0,08b8c5dd51f468b8be93a956d3e065e9afbf6ccacd2cb3b4f1d1aac326a3d02e,train
img_src_0272,img_src_0272_clean_02.png,data/generated/images/img_src_0272_clean_02.png,image,0,clean,0.0,08b8c5dd51f468b8be93a956d3e065e9afbf6ccacd2cb3b4f1d1aac326a3d02e,train
img_src_0272,img_src_0272_stego_lsb_replacement_0.10.png,data/generated/images/img_src_0272_stego_lsb_replacement_0.10.png,image,1,lsb_replacement,0.1,686633d32003aadb8d64c6b966525cc037c9756797f7aa7775e000765e3fce6b,train
img_src_0272,img_src_0272_stego_lsb_matching_0.20.png,data/generated/images/img_src_0272_stego_lsb_matching_0.20.png,image,1,lsb_matching,0.2,d8e70c53cbf22a0d4b15d49563fd3af0bdcfe4d131c7fb1e798a9da1d58790b6,train
img_src_0273,img_src_0273_clean_01.png,data/generated/images/img_src_0273_clean_01.png,image,0,clean,0.0,6b3e5fce4ff10cce262da103c41d457232baafdee15632de145de1cf6b1abbf3,train
img_src_0273,img_src_0273_clean_02.png,data/generated/images/img_src_0273_clean_02.png,image,0,clean,0.0,6b3e5fce4ff10cce262da103c41d457232baafdee15632de145de1cf6b1abbf3,train
img_src_0273,img_src_0273_stego_lsb_matching_0.20.png,data/generated/images/img_src_0273_stego_lsb_matching_0.20.png,image,1,lsb_matching,0.2,ef64697a673160b5d32bd5f4d4e29d7083de206ab56a37cb3e29df340dd9e60d,train
img_src_0273,img_src_0273_stego_edge_adaptive_0.30.png,data/generated/images/img_src_0273_stego_edge_adaptive_0.30.png,image,1,edge_adaptive,0.3,1eb58168e21e9c3cf53f1b713fc462941535d682a9f33ee9ef6481ff913e9fb3,train
img_src_0274,img_src_0274_clean_01.png,data/generated/images/img_src_0274_clean_01.png,image,0,clean,0.0,92adeb5c9e698f928e041bedd2b204871a20fa663fe4a9bca801242d855ed48d,train
img_src_0274,img_src_0274_clean_02.png,data/generated/images/img_src_0274_clean_02.png,image,0,clean,0.0,92adeb5c9e698f928e041bedd2b204871a20fa663fe4a9bca801242d855ed48d,train
img_src_0274,img_src_0274_stego_edge_adaptive_0.30.png,data/generated/images/img_src_0274_stego_edge_adaptive_0.30.png,image,1,edge_adaptive,0.3,715d89615ffda80e7d28b10f3ed7d8047f416c0f324ae181afa1b2eb40d34620,train
img_src_0274,img_src_0274_stego_dct_ac_0.50.png,data/generated/images/img_src_0274_stego_dct_ac_0.50.png,image,1,dct_ac,0.5,8448860e098b3612ebd1fd87ef8bb793a277c1b16dbaa12b7514448bdefe1cc5,train
img_src_0275,img_src_0275_clean_01.png,data/generated/images/img_src_0275_clean_01.png,image,0,clean,0.0,88fbc8b2dc16baa63981d0f06fa1f55047ff9153b7b3c74c7f15814a141d809c,train
img_src_0275,img_src_0275_clean_02.png,data/generated/images/img_src_0275_clean_02.png,image,0,clean,0.0,88fbc8b2dc16baa63981d0f06fa1f55047ff9153b7b3c74c7f15814a141d809c,train
img_src_0275,img_src_0275_stego_dct_ac_0.50.png,data/generated/images/img_src_0275_stego_dct_ac_0.50.png,image,1,dct_ac,0.5,11f80a0cdc1aa2113fdf894e099181926a69a2080b596bed4951eb40b47aeefc,train
img_src_0275,img_src_0275_stego_lsb_replacement_0.10.png,data/generated/images/img_src_0275_stego_lsb_replacement_0.10.png,image,1,lsb_replacement,0.1,afe1b0d8ff9a4a2b56611464ee9008b290357b3e1e339cc65f19d77874b77bc3,train
img_src_0276,img_src_0276_clean_01.png,data/generated/images/img_src_0276_clean_01.png,image,0,clean,0.0,4ec337bdc3721a5c914f168f424bd77b78227aad25183dd0d98ab750c0b284f6,test
img_src_0276,img_src_0276_clean_02.png,data/generated/images/img_src_0276_clean_02.png,image,0,clean,0.0,4ec337bdc3721a5c914f168f424bd77b78227aad25183dd0d98ab750c0b284f6,test
img_src_0276,img_src_0276_stego_lsb_replacement_0.10.png,data/generated/images/img_src_0276_stego_lsb_replacement_0.10.png,image,1,lsb_replacement,0.1,61d7e5b0068b6ee135919f773ba3001aff8867086cc93ee482ebdcfcbb25b01c,test
img_src_0276,img_src_0276_stego_lsb_matching_0.20.png,data/generated/images/img_src_0276_stego_lsb_matching_0.20.png,image,1,lsb_matching,0.2,14bf4c0b82d80c6d5fe803abb73fcab2f81c5708615472a5a691d4d773f341ad,test
img_src_0277,img_src_0277_clean_01.png,data/generated/images/img_src_0277_clean_01.png,image,0,clean,0.0,e727424d38dc1f74a786d3498f26ee356892fa34eea58284670b3d324ef22989,train
img_src_0277,img_src_0277_clean_02.png,data/generated/images/img_src_0277_clean_02.png,image,0,clean,0.0,e727424d38dc1f74a786d3498f26ee356892fa34eea58284670b3d324ef22989,train
img_src_0277,img_src_0277_stego_lsb_matching_0.20.png,data/generated/images/img_src_0277_stego_lsb_matching_0.20.png,image,1,lsb_matching,0.2,75b2152eaa7c6187d8d60ff6664e804773c8730099601bbf0e71443a68a12714,train
img_src_0277,img_src_0277_stego_edge_adaptive_0.30.png,data/generated/images/img_src_0277_stego_edge_adaptive_0.30.png,image,1,edge_adaptive,0.3,57aeac7cd441778650a66bb01e32b96b067d98a60e7fb981992eeb57ff2af84d,train
img_src_0278,img_src_0278_clean_01.png,data/generated/images/img_src_0278_clean_01.png,image,0,clean,0.0,2bed7c94a8bce697286ab4d29b0dca7b6c549237a24633af2c97c4129eddcdbf,train
img_src_0278,img_src_0278_clean_02.png,data/generated/images/img_src_0278_clean_02.png,image,0,clean,0.0,2bed7c94a8bce697286ab4d29b0dca7b6c549237a24633af2c97c4129eddcdbf,train
img_src_0278,img_src_0278_stego_edge_adaptive_0.30.png,data/generated/images/img_src_0278_stego_edge_adaptive_0.30.png,image,1,edge_adaptive,0.3,8011c4d929ffa2d727346f2fc4595ea2434085dc06d892da9a9240808d694d0c,train
img_src_0278,img_src_0278_stego_dct_ac_0.50.png,data/generated/images/img_src_0278_stego_dct_ac_0.50.png,image,1,dct_ac,0.5,8ca79f50ad4d057866b19b407bc7a0460d262c8281f7b9cba320cd62c7e5af6a,train
img_src_0279,img_src_0279_clean_01.png,data/generated/images/img_src_0279_clean_01.png,image,0,clean,0.0,bbc4f1155031ae9eafeda468e48855a2ff3363ebe097612abb9bf67bb892514f,test
img_src_0279,img_src_0279_clean_02.png,data/generated/images/img_src_0279_clean_02.png,image,0,clean,0.0,bbc4f1155031ae9eafeda468e48855a2ff3363ebe097612abb9bf67bb892514f,test
img_src_0279,img_src_0279_stego_dct_ac_0.50.png,data/generated/images/img_src_0279_stego_dct_ac_0.50.png,image,1,dct_ac,0.5,a6db0c1128701adafe79dd2e7ec2c42ee051b4c16f471b9c7a25d481fe8b0cbd,test
img_src_0279,img_src_0279_stego_lsb_replacement_0.10.png,data/generated/images/img_src_0279_stego_lsb_replacement_0.10.png,image,1,lsb_replacement,0.1,19e3850f63a2445e58def8c08f85c6057738e87cdd50b3ece1ba484ea1547db0,test
img_src_0280,img_src_0280_clean_01.png,data/generated/images/img_src_0280_clean_01.png,image,0,clean,0.0,520701e22dcb56a866d35b061f36f7f7ad9d0fef49335f53ddcd6076ce8fb216,train
img_src_0280,img_src_0280_clean_02.png,data/generated/images/img_src_0280_clean_02.png,image,0,clean,0.0,520701e22dcb56a866d35b061f36f7f7ad9d0fef49335f53ddcd6076ce8fb216,train
img_src_0280,img_src_0280_stego_lsb_replacement_0.10.png,data/generated/images/img_src_0280_stego_lsb_replacement_0.10.png,image,1,lsb_replacement,0.1,4a5bfe9dbab89655b16c194f16b39020066cf8101d45915a09b344d692388962,train
img_src_0280,img_src_0280_stego_lsb_matching_0.20.png,data/generated/images/img_src_0280_stego_lsb_matching_0.20.png,image,1,lsb_matching,0.2,ed5e397b82615bf780516e4080a53229b5c36f7e3b9ebb4d4d56398d05b8ca23,train
img_src_0281,img_src_0281_clean_01.png,data/generated/images/img_src_0281_clean_01.png,image,0,clean,0.0,8ce8ab690543418f12fb02a3a16e7a89b5a6886c2dec899f7387854c8d80a161,train
img_src_0281,img_src_0281_clean_02.png,data/generated/images/img_src_0281_clean_02.png,image,0,clean,0.0,8ce8ab690543418f12fb02a3a16e7a89b5a6886c2dec899f7387854c8d80a161,train
img_src_0281,img_src_0281_stego_lsb_matching_0.20.png,data/generated/images/img_src_0281_stego_lsb_matching_0.20.png,image,1,lsb_matching,0.2,dc1c308d60eaed318aa97ea1cb7dfb6da267ba26b4780b6d0222b2113e822646,train
img_src_0281,img_src_0281_stego_edge_adaptive_0.30.png,data/generated/images/img_src_0281_stego_edge_adaptive_0.30.png,image,1,edge_adaptive,0.3,e6872ffb9a1300b4875373043e02aa91963ed3edb8becb492cfdc2cc715e9c64,train
img_src_0282,img_src_0282_clean_01.png,data/generated/images/img_src_0282_clean_01.png,image,0,clean,0.0,2e80c0cdbcd42bb283a2bda79d0c510f6b5c7bb40aaada909d921e56349e0882,val
img_src_0282,img_src_0282_clean_02.png,data/generated/images/img_src_0282_clean_02.png,image,0,clean,0.0,2e80c0cdbcd42bb283a2bda79d0c510f6b5c7bb40aaada909d921e56349e0882,val
img_src_0282,img_src_0282_stego_edge_adaptive_0.30.png,data/generated/images/img_src_0282_stego_edge_adaptive_0.30.png,image,1,edge_adaptive,0.3,92b09d575786ba2355734ecdf255ec484fba8796584b6135b55e47cc74480cfd,val
img_src_0282,img_src_0282_stego_dct_ac_0.50.png,data/generated/images/img_src_0282_stego_dct_ac_0.50.png,image,1,dct_ac,0.5,476d302547902b9157e46f2ca3a4dd35ce9ec70515e42b9a862f6e708f729dfc,val
img_src_0283,img_src_0283_clean_01.png,data/generated/images/img_src_0283_clean_01.png,image,0,clean,0.0,a9b8014ae37c7cf82330a4d65fc7d0d0c7bd1af0224a0ea1a78ef9179719f776,val
img_src_0283,img_src_0283_clean_02.png,data/generated/images/img_src_0283_clean_02.png,image,0,clean,0.0,a9b8014ae37c7cf82330a4d65fc7d0d0c7bd1af0224a0ea1a78ef9179719f776,val
img_src_0283,img_src_0283_stego_dct_ac_0.50.png,data/generated/images/img_src_0283_stego_dct_ac_0.50.png,image,1,dct_ac,0.5,8c20fde3a4c9a7fe5d50b57ddc539165f6861a735132e1a873a3eb037c07db18,val
img_src_0283,img_src_0283_stego_lsb_replacement_0.10.png,data/generated/images/img_src_0283_stego_lsb_replacement_0.10.png,image,1,lsb_replacement,0.1,61773133a668a8b40e06fdb1a6ee844d40b500ce108c82da98c10144b87d6754,val
img_src_0284,img_src_0284_clean_01.png,data/generated/images/img_src_0284_clean_01.png,image,0,clean,0.0,19c0e8333e6671fe5d7c6f2c24d70dd3bc176c10dba81ed32aa6e53b58a3a65a,train
img_src_0284,img_src_0284_clean_02.png,data/generated/images/img_src_0284_clean_02.png,image,0,clean,0.0,19c0e8333e6671fe5d7c6f2c24d70dd3bc176c10dba81ed32aa6e53b58a3a65a,train
img_src_0284,img_src_0284_stego_lsb_replacement_0.10.png,data/generated/images/img_src_0284_stego_lsb_replacement_0.10.png,image,1,lsb_replacement,0.1,3b5264229247dc432b00de4723340ac8be6b82ce373789ce880992b1f12280e9,train
img_src_0284,img_src_0284_stego_lsb_matching_0.20.png,data/generated/images/img_src_0284_stego_lsb_matching_0.20.png,image,1,lsb_matching,0.2,7bda5e4dd22ffdf0926908852602da8e347d0dae5e522a5950852e3d3c05ed83,train
img_src_0285,img_src_0285_clean_01.png,data/generated/images/img_src_0285_clean_01.png,image,0,clean,0.0,0dcb9c1f56dd9441a70440faa33e4cbec67eae0a8b761d5ef70d05880028e7e3,train
img_src_0285,img_src_0285_clean_02.png,data/generated/images/img_src_0285_clean_02.png,image,0,clean,0.0,0dcb9c1f56dd9441a70440faa33e4cbec67eae0a8b761d5ef70d05880028e7e3,train
img_src_0285,img_src_0285_stego_lsb_matching_0.20.png,data/generated/images/img_src_0285_stego_lsb_matching_0.20.png,image,1,lsb_matching,0.2,72a47293a450e1bb59dc8c1b778bba287d75526ac21ab2953f76b9324a0ed0dd,train
img_src_0285,img_src_0285_stego_edge_adaptive_0.30.png,data/generated/images/img_src_0285_stego_edge_adaptive_0.30.png,image,1,edge_adaptive,0.3,bbae8dfc2872f6ce4b6c0c106d2c9292ad0e39a6ace1b634abde33b165240f0c,train
img_src_0286,img_src_0286_clean_01.png,data/generated/images/img_src_0286_clean_01.png,image,0,clean,0.0,5c07f3433aa609909746b47a367a9127c1c8f2ab72e046ebe0d3f1aaa0b27ad0,train
img_src_0286,img_src_0286_clean_02.png,data/generated/images/img_src_0286_clean_02.png,image,0,clean,0.0,5c07f3433aa609909746b47a367a9127c1c8f2ab72e046ebe0d3f1aaa0b27ad0,train
img_src_0286,img_src_0286_stego_edge_adaptive_0.30.png,data/generated/images/img_src_0286_stego_edge_adaptive_0.30.png,image,1,edge_adaptive,0.3,6247364890e97135272b6c79dc138fa1dd457b16dae798df99b7174645c14f9f,train
img_src_0286,img_src_0286_stego_dct_ac_0.50.png,data/generated/images/img_src_0286_stego_dct_ac_0.50.png,image,1,dct_ac,0.5,f81e27ff26f7b6559be30bb3eb248391fae0c2b2bc836181cf0eef8ae6182768,train
img_src_0287,img_src_0287_clean_01.png,data/generated/images/img_src_0287_clean_01.png,image,0,clean,0.0,ecead5bebb0080e19565eccb1ea6af7923b9d8bed05e44c8d6510eada216244e,val
img_src_0287,img_src_0287_clean_02.png,data/generated/images/img_src_0287_clean_02.png,image,0,clean,0.0,ecead5bebb0080e19565eccb1ea6af7923b9d8bed05e44c8d6510eada216244e,val
img_src_0287,img_src_0287_stego_dct_ac_0.50.png,data/generated/images/img_src_0287_stego_dct_ac_0.50.png,image,1,dct_ac,0.5,d609f1c6f4b47ce3d8f24ea19176c9a9eddc1732bb97ee8c70aeeb69f994f2df,val
img_src_0287,img_src_0287_stego_lsb_replacement_0.10.png,data/generated/images/img_src_0287_stego_lsb_replacement_0.10.png,image,1,lsb_replacement,0.1,a28620336e28a1361c7497ae0645de72008279922462baf4a8914b72ca2a661e,val
img_src_0288,img_src_0288_clean_01.png,data/generated/images/img_src_0288_clean_01.png,image,0,clean,0.0,79cabad0878b77f884a7965ca4345e11f9235a248eda9eb4b1ec397ff992587e,test
img_src_0288,img_src_0288_clean_02.png,data/generated/images/img_src_0288_clean_02.png,image,0,clean,0.0,79cabad0878b77f884a7965ca4345e11f9235a248eda9eb4b1ec397ff992587e,test
img_src_0288,img_src_0288_stego_lsb_replacement_0.10.png,data/generated/images/img_src_0288_stego_lsb_replacement_0.10.png,image,1,lsb_replacement,0.1,eebcb36479c27207931a84d226fe4bd4339a743603dc3bf8e2fa5f0b76ee0522,test
img_src_0288,img_src_0288_stego_lsb_matching_0.20.png,data/generated/images/img_src_0288_stego_lsb_matching_0.20.png,image,1,lsb_matching,0.2,1886e571588c0e102222af602cae7cda17b88d6572251901a61c1b84a091829b,test
img_src_0289,img_src_0289_clean_01.png,data/generated/images/img_src_0289_clean_01.png,image,0,clean,0.0,7602b0ff0353bc4d75075ea3e2ebe8f70ff351df4eca56b262b0f1bb87ac9306,train
img_src_0289,img_src_0289_clean_02.png,data/generated/images/img_src_0289_clean_02.png,image,0,clean,0.0,7602b0ff0353bc4d75075ea3e2ebe8f70ff351df4eca56b262b0f1bb87ac9306,train
img_src_0289,img_src_0289_stego_lsb_matching_0.20.png,data/generated/images/img_src_0289_stego_lsb_matching_0.20.png,image,1,lsb_matching,0.2,10a3977cdaf57a05cb7aebeccedb661d3b942e6e57e554889c15ccff094cb918,train
img_src_0289,img_src_0289_stego_edge_adaptive_0.30.png,data/generated/images/img_src_0289_stego_edge_adaptive_0.30.png,image,1,edge_adaptive,0.3,a93ac9244167f99c144cdb32a691d2eb46bc1a52783518241867fac6047010ec,train
img_src_0290,img_src_0290_clean_01.png,data/generated/images/img_src_0290_clean_01.png,image,0,clean,0.0,250381078d88b2c96722d91cdb8760d8cf4edc3221963081bf7bab6bbd140485,train
img_src_0290,img_src_0290_clean_02.png,data/generated/images/img_src_0290_clean_02.png,image,0,clean,0.0,250381078d88b2c96722d91cdb8760d8cf4edc3221963081bf7bab6bbd140485,train
img_src_0290,img_src_0290_stego_edge_adaptive_0.30.png,data/generated/images/img_src_0290_stego_edge_adaptive_0.30.png,image,1,edge_adaptive,0.3,1b76a449c3a67d8b5e2fb0de44ec17971b662351be167430b8bcef890c765ede,train
img_src_0290,img_src_0290_stego_dct_ac_0.50.png,data/generated/images/img_src_0290_stego_dct_ac_0.50.png,image,1,dct_ac,0.5,f98a6c1ba27143b7661e85ca7b4fbc02c2315387476069a65810b7aea09056de,train
img_src_0291,img_src_0291_clean_01.png,data/generated/images/img_src_0291_clean_01.png,image,0,clean,0.0,ca34483cc5c08b5525ce33d53c8eec5fe708089f756025e7a8ef9a812746f283,train
img_src_0291,img_src_0291_clean_02.png,data/generated/images/img_src_0291_clean_02.png,image,0,clean,0.0,ca34483cc5c08b5525ce33d53c8eec5fe708089f756025e7a8ef9a812746f283,train
img_src_0291,img_src_0291_stego_dct_ac_0.50.png,data/generated/images/img_src_0291_stego_dct_ac_0.50.png,image,1,dct_ac,0.5,29736f86d2af73e596ad314059300dfbf7296849a0509f9d1bd209b70f47774e,train
img_src_0291,img_src_0291_stego_lsb_replacement_0.10.png,data/generated/images/img_src_0291_stego_lsb_replacement_0.10.png,image,1,lsb_replacement,0.1,ee1537832b45fe8d76860b55a09cdaccfb5c28f93aab56814d7a3545bf8d53c6,train
img_src_0292,img_src_0292_clean_01.png,data/generated/images/img_src_0292_clean_01.png,image,0,clean,0.0,10a2b28ee5e21df8fa9da6b1e5a94a8c13ae6ce0c05b451a956e12cf698a3848,train
img_src_0292,img_src_0292_clean_02.png,data/generated/images/img_src_0292_clean_02.png,image,0,clean,0.0,10a2b28ee5e21df8fa9da6b1e5a94a8c13ae6ce0c05b451a956e12cf698a3848,train
img_src_0292,img_src_0292_stego_lsb_replacement_0.10.png,data/generated/images/img_src_0292_stego_lsb_replacement_0.10.png,image,1,lsb_replacement,0.1,fc0a7e9ebf88776cd4e1851928a81f788e159cafc1c0e02b862e45c49ae5750f,train
img_src_0292,img_src_0292_stego_lsb_matching_0.20.png,data/generated/images/img_src_0292_stego_lsb_matching_0.20.png,image,1,lsb_matching,0.2,c579268cae78c93cee5921b2eef04c878601506766bd63f996725ed1c585fd9d,train
img_src_0293,img_src_0293_clean_01.png,data/generated/images/img_src_0293_clean_01.png,image,0,clean,0.0,a51450edc0778781c4344e33f2a5398d8925c4477cbbfbfd8a5e7f7640eee413,test
img_src_0293,img_src_0293_clean_02.png,data/generated/images/img_src_0293_clean_02.png,image,0,clean,0.0,a51450edc0778781c4344e33f2a5398d8925c4477cbbfbfd8a5e7f7640eee413,test
img_src_0293,img_src_0293_stego_lsb_matching_0.20.png,data/generated/images/img_src_0293_stego_lsb_matching_0.20.png,image,1,lsb_matching,0.2,2acce1f9496207984c498666f345145f77958c88491625a5f880b80c6b85108f,test
img_src_0293,img_src_0293_stego_edge_adaptive_0.30.png,data/generated/images/img_src_0293_stego_edge_adaptive_0.30.png,image,1,edge_adaptive,0.3,ba354b3e082a93149116851f0b11f7cbff5b1e7383d2e1f5ef06c1b41ea7ffad,test
img_src_0294,img_src_0294_clean_01.png,data/generated/images/img_src_0294_clean_01.png,image,0,clean,0.0,62ab8532743cea1adb758e22a4a9b57763b11acd6428d999f987a47b44a0af1b,train
img_src_0294,img_src_0294_clean_02.png,data/generated/images/img_src_0294_clean_02.png,image,0,clean,0.0,62ab8532743cea1adb758e22a4a9b57763b11acd6428d999f987a47b44a0af1b,train
img_src_0294,img_src_0294_stego_edge_adaptive_0.30.png,data/generated/images/img_src_0294_stego_edge_adaptive_0.30.png,image,1,edge_adaptive,0.3,53a72ef14c1b192faa1bef8a8e0c0f7ccfb07bff7c3f3dc527962387a4743b2f,train
img_src_0294,img_src_0294_stego_dct_ac_0.50.png,data/generated/images/img_src_0294_stego_dct_ac_0.50.png,image,1,dct_ac,0.5,5e3163e295f9f84cde7c02c95922b492fe9465ab7f639f6f6ffae18759b14f42,train
img_src_0295,img_src_0295_clean_01.png,data/generated/images/img_src_0295_clean_01.png,image,0,clean,0.0,a3bb02988f726eff4e5a3fbeba38139f75990c13eb5691199e1e296c84bf88ae,test
img_src_0295,img_src_0295_clean_02.png,data/generated/images/img_src_0295_clean_02.png,image,0,clean,0.0,a3bb02988f726eff4e5a3fbeba38139f75990c13eb5691199e1e296c84bf88ae,test
img_src_0295,img_src_0295_stego_dct_ac_0.50.png,data/generated/images/img_src_0295_stego_dct_ac_0.50.png,image,1,dct_ac,0.5,07b9e1b8dc14ab7f4f1ad9cd30dcc714a8aadf45429ecc7b7fb20b513f8a299e,test
img_src_0295,img_src_0295_stego_lsb_replacement_0.10.png,data/generated/images/img_src_0295_stego_lsb_replacement_0.10.png,image,1,lsb_replacement,0.1,40b3e71e0c66b4dc72686e0f2ced8f4b9d1a7106ab55fc54eb3798ace2750db0,test
img_src_0296,img_src_0296_clean_01.png,data/generated/images/img_src_0296_clean_01.png,image,0,clean,0.0,affcf990ea19add10ef525e99bdb1eb1f042be4d7a751b7ee0417c682d31fb85,train
img_src_0296,img_src_0296_clean_02.png,data/generated/images/img_src_0296_clean_02.png,image,0,clean,0.0,affcf990ea19add10ef525e99bdb1eb1f042be4d7a751b7ee0417c682d31fb85,train
img_src_0296,img_src_0296_stego_lsb_replacement_0.10.png,data/generated/images/img_src_0296_stego_lsb_replacement_0.10.png,image,1,lsb_replacement,0.1,ef84099afb0a15d44bef08fc217168b47722b2253e0370a2536f7d0c3aebb76f,train
img_src_0296,img_src_0296_stego_lsb_matching_0.20.png,data/generated/images/img_src_0296_stego_lsb_matching_0.20.png,image,1,lsb_matching,0.2,50e872cdf4c5a2df692d4dec8c6be71990fc0228bc1cc6d1302d7685a912afbd,train
img_src_0297,img_src_0297_clean_01.png,data/generated/images/img_src_0297_clean_01.png,image,0,clean,0.0,2aca35369eb12f5ffe0f8a8c8861026c7b99aa688f6e742627efc7efdcbe3a7f,val
img_src_0297,img_src_0297_clean_02.png,data/generated/images/img_src_0297_clean_02.png,image,0,clean,0.0,2aca35369eb12f5ffe0f8a8c8861026c7b99aa688f6e742627efc7efdcbe3a7f,val
img_src_0297,img_src_0297_stego_lsb_matching_0.20.png,data/generated/images/img_src_0297_stego_lsb_matching_0.20.png,image,1,lsb_matching,0.2,178213ef6dd61daef1325c66b40b54b245ea9c456bf6bdb9e3d0416eb1900696,val
img_src_0297,img_src_0297_stego_edge_adaptive_0.30.png,data/generated/images/img_src_0297_stego_edge_adaptive_0.30.png,image,1,edge_adaptive,0.3,8245e36790083dc4f76e4de9825867983b9108ac26d965300c2f1ee5c907eab3,val
img_src_0298,img_src_0298_clean_01.png,data/generated/images/img_src_0298_clean_01.png,image,0,clean,0.0,a422139c635b32e4cc64641d4723862faec39bd42d9ceaa58e06d504404e6ded,train
img_src_0298,img_src_0298_clean_02.png,data/generated/images/img_src_0298_clean_02.png,image,0,clean,0.0,a422139c635b32e4cc64641d4723862faec39bd42d9ceaa58e06d504404e6ded,train
img_src_0298,img_src_0298_stego_edge_adaptive_0.30.png,data/generated/images/img_src_0298_stego_edge_adaptive_0.30.png,image,1,edge_adaptive,0.3,722d77fc98e2c042461e753045885e2dddae5d104514e19d5e492777408e8bc8,train
img_src_0298,img_src_0298_stego_dct_ac_0.50.png,data/generated/images/img_src_0298_stego_dct_ac_0.50.png,image,1,dct_ac,0.5,a017bf32a18512448e5f35c8d55407a63ea9211a269a6e7c2c3d07533c5f5b6f,train
img_src_0299,img_src_0299_clean_01.png,data/generated/images/img_src_0299_clean_01.png,image,0,clean,0.0,0cb1b423bdf6c669a2367a7ad0c5e61b243a9da9de0aef3c39a447abda760fc1,train
img_src_0299,img_src_0299_clean_02.png,data/generated/images/img_src_0299_clean_02.png,image,0,clean,0.0,0cb1b423bdf6c669a2367a7ad0c5e61b243a9da9de0aef3c39a447abda760fc1,train
img_src_0299,img_src_0299_stego_dct_ac_0.50.png,data/generated/images/img_src_0299_stego_dct_ac_0.50.png,image,1,dct_ac,0.5,cc0a8a91a1ee34f0c50c17b9f63696c13935e9aeafe0d9ade14a0aca4f273094,train
img_src_0299,img_src_0299_stego_lsb_replacement_0.10.png,data/generated/images/img_src_0299_stego_lsb_replacement_0.10.png,image,1,lsb_replacement,0.1,795e01ddf141bca54dd1cea29c410d18c0a5ff01fe7811e0db7a52f1784d4915,train
img_src_0300,img_src_0300_clean_01.png,data/generated/images/img_src_0300_clean_01.png,image,0,clean,0.0,2dd3e760910c6df02f302098de31ea7f230db7bed94f3780c04992bd2c3aebb9,train
img_src_0300,img_src_0300_clean_02.png,data/generated/images/img_src_0300_clean_02.png,image,0,clean,0.0,2dd3e760910c6df02f302098de31ea7f230db7bed94f3780c04992bd2c3aebb9,train
img_src_0300,img_src_0300_stego_lsb_replacement_0.10.png,data/generated/images/img_src_0300_stego_lsb_replacement_0.10.png,image,1,lsb_replacement,0.1,d10f90b3c0f3e3e4c77d273d13d9186b19b8f2dd58b8a4afbc469164e4f516d8,train
img_src_0300,img_src_0300_stego_lsb_matching_0.20.png,data/generated/images/img_src_0300_stego_lsb_matching_0.20.png,image,1,lsb_matching,0.2,ef6643e568fd77877349b6881c3937b152e7f5cfb6d42dbefb31fc0e67a4aa57,train
img_src_0301,img_src_0301_clean_01.png,data/generated/images/img_src_0301_clean_01.png,image,0,clean,0.0,64f551ad800ea77cc474a61bf94c556fd4c85f2f16b0d33e444f1f310f49b1af,val
img_src_0301,img_src_0301_clean_02.png,data/generated/images/img_src_0301_clean_02.png,image,0,clean,0.0,64f551ad800ea77cc474a61bf94c556fd4c85f2f16b0d33e444f1f310f49b1af,val
img_src_0301,img_src_0301_stego_lsb_matching_0.20.png,data/generated/images/img_src_0301_stego_lsb_matching_0.20.png,image,1,lsb_matching,0.2,e8391253dd9b985ff45423a4944b53e2ba74a60c574fe65d3e32e7ac0c62a2e4,val
img_src_0301,img_src_0301_stego_edge_adaptive_0.30.png,data/generated/images/img_src_0301_stego_edge_adaptive_0.30.png,image,1,edge_adaptive,0.3,63d198a4db3dd8447859031dd5af5294941a2df96bb43494ab57de56ec64cbae,val
img_src_0302,img_src_0302_clean_01.png,data/generated/images/img_src_0302_clean_01.png,image,0,clean,0.0,0faced61e3ebeddaa49ac3d53ffc45a38db30ec4ffb81fd0f01e36b2d012a32d,train
img_src_0302,img_src_0302_clean_02.png,data/generated/images/img_src_0302_clean_02.png,image,0,clean,0.0,0faced61e3ebeddaa49ac3d53ffc45a38db30ec4ffb81fd0f01e36b2d012a32d,train
img_src_0302,img_src_0302_stego_edge_adaptive_0.30.png,data/generated/images/img_src_0302_stego_edge_adaptive_0.30.png,image,1,edge_adaptive,0.3,6621a560c9df6205b30760a9ee546548ec27a8d87e1d14b5ddb01cd362f598b7,train
img_src_0302,img_src_0302_stego_dct_ac_0.50.png,data/generated/images/img_src_0302_stego_dct_ac_0.50.png,image,1,dct_ac,0.5,a04ec11453fed55364c99e5b740099a500a684b34892b90699affbe6fd2745d0,train
img_src_0303,img_src_0303_clean_01.png,data/generated/images/img_src_0303_clean_01.png,image,0,clean,0.0,49fdadea43699a714d46bf2e0d2320c305250f1717cae8040bc7b54a6c25b005,val
img_src_0303,img_src_0303_clean_02.png,data/generated/images/img_src_0303_clean_02.png,image,0,clean,0.0,49fdadea43699a714d46bf2e0d2320c305250f1717cae8040bc7b54a6c25b005,val
img_src_0303,img_src_0303_stego_dct_ac_0.50.png,data/generated/images/img_src_0303_stego_dct_ac_0.50.png,image,1,dct_ac,0.5,6cc9a6a5aa3efa25c5f67c9434b7fb328d7a7909d2ec72de8e5445b7faf56414,val
img_src_0303,img_src_0303_stego_lsb_replacement_0.10.png,data/generated/images/img_src_0303_stego_lsb_replacement_0.10.png,image,1,lsb_replacement,0.1,929a427969942b28f611d7849a47f6563b7c412cd962415ef67e2460df1961b1,val
img_src_0304,img_src_0304_clean_01.png,data/generated/images/img_src_0304_clean_01.png,image,0,clean,0.0,64c311e17531296c9ce8909aa6305f238c5b025e345c8d6776e79b5cc8d1c608,train
img_src_0304,img_src_0304_clean_02.png,data/generated/images/img_src_0304_clean_02.png,image,0,clean,0.0,64c311e17531296c9ce8909aa6305f238c5b025e345c8d6776e79b5cc8d1c608,train
img_src_0304,img_src_0304_stego_lsb_replacement_0.10.png,data/generated/images/img_src_0304_stego_lsb_replacement_0.10.png,image,1,lsb_replacement,0.1,3219127f28ad63ad2ae4b9142cc63593ea5c210b638e4a53817b9a4040855c4c,train
img_src_0304,img_src_0304_stego_lsb_matching_0.20.png,data/generated/images/img_src_0304_stego_lsb_matching_0.20.png,image,1,lsb_matching,0.2,389d7c8d094f65f62f32d92e91b8e03fa94ef21b1a494e4b867053ef436a2611,train
img_src_0305,img_src_0305_clean_01.png,data/generated/images/img_src_0305_clean_01.png,image,0,clean,0.0,f30c429f11a3b2dabd07b7ceb353f2f57f24b5b1f5c633b6abf06b1b6bbb0269,train
img_src_0305,img_src_0305_clean_02.png,data/generated/images/img_src_0305_clean_02.png,image,0,clean,0.0,f30c429f11a3b2dabd07b7ceb353f2f57f24b5b1f5c633b6abf06b1b6bbb0269,train
img_src_0305,img_src_0305_stego_lsb_matching_0.20.png,data/generated/images/img_src_0305_stego_lsb_matching_0.20.png,image,1,lsb_matching,0.2,7951c77484f04615e748b7fc3afb1cf3718007cf3e7de670bc4b34877b832ead,train
img_src_0305,img_src_0305_stego_edge_adaptive_0.30.png,data/generated/images/img_src_0305_stego_edge_adaptive_0.30.png,image,1,edge_adaptive,0.3,c8e704312862314115c300690e9ce93ab94ed0d4be80bc168ec32f1d3c26cbbf,train
img_src_0306,img_src_0306_clean_01.png,data/generated/images/img_src_0306_clean_01.png,image,0,clean,0.0,291b785154d5460227b5143bee04c18914b20b7c1fab346d36eb6e0d0f0a336e,train
img_src_0306,img_src_0306_clean_02.png,data/generated/images/img_src_0306_clean_02.png,image,0,clean,0.0,291b785154d5460227b5143bee04c18914b20b7c1fab346d36eb6e0d0f0a336e,train
img_src_0306,img_src_0306_stego_edge_adaptive_0.30.png,data/generated/images/img_src_0306_stego_edge_adaptive_0.30.png,image,1,edge_adaptive,0.3,12d0b07ddd59a4995836b7d501494d319f7294e5cd3d670a2e95da92040ec022,train
img_src_0306,img_src_0306_stego_dct_ac_0.50.png,data/generated/images/img_src_0306_stego_dct_ac_0.50.png,image,1,dct_ac,0.5,de8840244f4d84b888d2d73e18ff6d3945844ccadfedbcb9e7ed96e7f777837d,train
img_src_0307,img_src_0307_clean_01.png,data/generated/images/img_src_0307_clean_01.png,image,0,clean,0.0,11109a48a5a70e6e9a8cb7177d9364d3170863d1310ac5194cf023d8a0169919,train
img_src_0307,img_src_0307_clean_02.png,data/generated/images/img_src_0307_clean_02.png,image,0,clean,0.0,11109a48a5a70e6e9a8cb7177d9364d3170863d1310ac5194cf023d8a0169919,train
img_src_0307,img_src_0307_stego_dct_ac_0.50.png,data/generated/images/img_src_0307_stego_dct_ac_0.50.png,image,1,dct_ac,0.5,4a4f45b9f1dc126ab07c088554ac0507269ad261d87c17070d439021323f1802,train
img_src_0307,img_src_0307_stego_lsb_replacement_0.10.png,data/generated/images/img_src_0307_stego_lsb_replacement_0.10.png,image,1,lsb_replacement,0.1,130f4b58a2c949c12fbd3598aa4b3523be1e21227aaeec95c0b1aaa108a66e7d,train
img_src_0308,img_src_0308_clean_01.png,data/generated/images/img_src_0308_clean_01.png,image,0,clean,0.0,fa1f7207a97b4dd23883d38a4158effdc6418ea52b908dd82f95348c0d90b97b,train
img_src_0308,img_src_0308_clean_02.png,data/generated/images/img_src_0308_clean_02.png,image,0,clean,0.0,fa1f7207a97b4dd23883d38a4158effdc6418ea52b908dd82f95348c0d90b97b,train
img_src_0308,img_src_0308_stego_lsb_replacement_0.10.png,data/generated/images/img_src_0308_stego_lsb_replacement_0.10.png,image,1,lsb_replacement,0.1,358fd3a9e30a3bafb8a98a2c781bdb66fc75d8f277e9f3fbc7930d0f0662dbe4,train
img_src_0308,img_src_0308_stego_lsb_matching_0.20.png,data/generated/images/img_src_0308_stego_lsb_matching_0.20.png,image,1,lsb_matching,0.2,63ca51ff5998cf11c80a065cb8de6ea4c0bac7f9a8986992a38e116e5cdeae21,train
img_src_0309,img_src_0309_clean_01.png,data/generated/images/img_src_0309_clean_01.png,image,0,clean,0.0,2a794df3460864370de4bad13c971e87c4afcff1a126d9992e2955d9bdde5664,train
img_src_0309,img_src_0309_clean_02.png,data/generated/images/img_src_0309_clean_02.png,image,0,clean,0.0,2a794df3460864370de4bad13c971e87c4afcff1a126d9992e2955d9bdde5664,train
img_src_0309,img_src_0309_stego_lsb_matching_0.20.png,data/generated/images/img_src_0309_stego_lsb_matching_0.20.png,image,1,lsb_matching,0.2,ae860f2945a24fcb387865e6a420bb91a4122c27daee0506ede31fc7d5c4fecb,train
img_src_0309,img_src_0309_stego_edge_adaptive_0.30.png,data/generated/images/img_src_0309_stego_edge_adaptive_0.30.png,image,1,edge_adaptive,0.3,1a094e37834c06dc6036302f8c9890a870d14e954f6ebf6d0a566b8d92066fe5,train
img_src_0310,img_src_0310_clean_01.png,data/generated/images/img_src_0310_clean_01.png,image,0,clean,0.0,71cbc5d2b8516365622727cf0828ac35aa5806696d47877a0976b74e8ac350d4,train
img_src_0310,img_src_0310_clean_02.png,data/generated/images/img_src_0310_clean_02.png,image,0,clean,0.0,71cbc5d2b8516365622727cf0828ac35aa5806696d47877a0976b74e8ac350d4,train
img_src_0310,img_src_0310_stego_edge_adaptive_0.30.png,data/generated/images/img_src_0310_stego_edge_adaptive_0.30.png,image,1,edge_adaptive,0.3,9b31a1dfae3e42c87b3a24503760a1e44639dc90421e9734fd46c6ec9de00815,train
img_src_0310,img_src_0310_stego_dct_ac_0.50.png,data/generated/images/img_src_0310_stego_dct_ac_0.50.png,image,1,dct_ac,0.5,ba2bd3a7797b61d846eeb838e59e28c9b4ac0abc05f5ec7c058ee2d0542bcbf6,train
img_src_0311,img_src_0311_clean_01.png,data/generated/images/img_src_0311_clean_01.png,image,0,clean,0.0,223ef3fbba421cfb65e3247f71b7e322d5fedba9cb7352c9810bbdbb139fe1a6,train
img_src_0311,img_src_0311_clean_02.png,data/generated/images/img_src_0311_clean_02.png,image,0,clean,0.0,223ef3fbba421cfb65e3247f71b7e322d5fedba9cb7352c9810bbdbb139fe1a6,train
img_src_0311,img_src_0311_stego_dct_ac_0.50.png,data/generated/images/img_src_0311_stego_dct_ac_0.50.png,image,1,dct_ac,0.5,a824b7bc808a013826728d96d33c2e4278ab39473401f707bb33edc29875dc1a,train
img_src_0311,img_src_0311_stego_lsb_replacement_0.10.png,data/generated/images/img_src_0311_stego_lsb_replacement_0.10.png,image,1,lsb_replacement,0.1,42fa14c804de2c4c93d8ea3785c7587a708ce64693a536dcfd925042ec6b8a06,train
img_src_0312,img_src_0312_clean_01.png,data/generated/images/img_src_0312_clean_01.png,image,0,clean,0.0,012afba0025cdfe64f87a97c3a1b3dd7a5e0e701d5bccbcd74094627db07363f,train
img_src_0312,img_src_0312_clean_02.png,data/generated/images/img_src_0312_clean_02.png,image,0,clean,0.0,012afba0025cdfe64f87a97c3a1b3dd7a5e0e701d5bccbcd74094627db07363f,train
img_src_0312,img_src_0312_stego_lsb_replacement_0.10.png,data/generated/images/img_src_0312_stego_lsb_replacement_0.10.png,image,1,lsb_replacement,0.1,be90430576dc549e2e6e60ee7218b3a5ce6c62b16cf4451a9ba4ad6daeac40d1,train
img_src_0312,img_src_0312_stego_lsb_matching_0.20.png,data/generated/images/img_src_0312_stego_lsb_matching_0.20.png,image,1,lsb_matching,0.2,8e36a7cb16299b6fdab51034ac92ec1cc80dd7ee33987b9e0d8b2763af67a0b1,train
img_src_0313,img_src_0313_clean_01.png,data/generated/images/img_src_0313_clean_01.png,image,0,clean,0.0,405bb22b6061d7609348422bbaa1babb1c70dc85d884f9641272f8a23c63abed,train
img_src_0313,img_src_0313_clean_02.png,data/generated/images/img_src_0313_clean_02.png,image,0,clean,0.0,405bb22b6061d7609348422bbaa1babb1c70dc85d884f9641272f8a23c63abed,train
img_src_0313,img_src_0313_stego_lsb_matching_0.20.png,data/generated/images/img_src_0313_stego_lsb_matching_0.20.png,image,1,lsb_matching,0.2,2d3954b27042d489ac513f3ae3a974b6e30a70966bbc7ff5bbcd96f556e0738d,train
img_src_0313,img_src_0313_stego_edge_adaptive_0.30.png,data/generated/images/img_src_0313_stego_edge_adaptive_0.30.png,image,1,edge_adaptive,0.3,dd17aba8c654026eb1a6953d6ace4e203ecf13af2a62f2949c6916b44c581821,train
img_src_0314,img_src_0314_clean_01.png,data/generated/images/img_src_0314_clean_01.png,image,0,clean,0.0,a842bcd208cc7e95e51128ece111117ab91612157cd2e34fa6cb8cdeb9c27183,train
img_src_0314,img_src_0314_clean_02.png,data/generated/images/img_src_0314_clean_02.png,image,0,clean,0.0,a842bcd208cc7e95e51128ece111117ab91612157cd2e34fa6cb8cdeb9c27183,train
img_src_0314,img_src_0314_stego_edge_adaptive_0.30.png,data/generated/images/img_src_0314_stego_edge_adaptive_0.30.png,image,1,edge_adaptive,0.3,e6e8680e3cc9bab747a95987f62e9edda03ddd0fa4132fcb06820cfec47f32e0,train
img_src_0314,img_src_0314_stego_dct_ac_0.50.png,data/generated/images/img_src_0314_stego_dct_ac_0.50.png,image,1,dct_ac,0.5,10e063d6abcc23beb284783969334f67006fd0660f1c749100d086f3e7a2e865,train
img_src_0315,img_src_0315_clean_01.png,data/generated/images/img_src_0315_clean_01.png,image,0,clean,0.0,fc9f5d77701aa3af902c0ca8923dfd8a342dc8746bbe40996b175980851e3db6,test
img_src_0315,img_src_0315_clean_02.png,data/generated/images/img_src_0315_clean_02.png,image,0,clean,0.0,fc9f5d77701aa3af902c0ca8923dfd8a342dc8746bbe40996b175980851e3db6,test
img_src_0315,img_src_0315_stego_dct_ac_0.50.png,data/generated/images/img_src_0315_stego_dct_ac_0.50.png,image,1,dct_ac,0.5,fa29c949d53c64e9011f37bbbacb9943e186a53587f59c07543f645ee3c9ae8b,test
img_src_0315,img_src_0315_stego_lsb_replacement_0.10.png,data/generated/images/img_src_0315_stego_lsb_replacement_0.10.png,image,1,lsb_replacement,0.1,7debc819a3951b642ad2c4e2812ae8c35aaddeaa4e7816839895a6ca0fce00a0,test
img_src_0316,img_src_0316_clean_01.png,data/generated/images/img_src_0316_clean_01.png,image,0,clean,0.0,cc1740d196c23c7074f9f806ae715bccdef073f0f571d53a0dcdeced637267d7,train
img_src_0316,img_src_0316_clean_02.png,data/generated/images/img_src_0316_clean_02.png,image,0,clean,0.0,cc1740d196c23c7074f9f806ae715bccdef073f0f571d53a0dcdeced637267d7,train
img_src_0316,img_src_0316_stego_lsb_replacement_0.10.png,data/generated/images/img_src_0316_stego_lsb_replacement_0.10.png,image,1,lsb_replacement,0.1,a7c0b969082814ff87be80bec9c915021252a81b5e9c9e4cddc7e178f9c820cb,train
img_src_0316,img_src_0316_stego_lsb_matching_0.20.png,data/generated/images/img_src_0316_stego_lsb_matching_0.20.png,image,1,lsb_matching,0.2,c740dcc249ec22cfe36efc7f817a23638f7b16bf21e8b16f408f7fc24fcde5e7,train
img_src_0317,img_src_0317_clean_01.png,data/generated/images/img_src_0317_clean_01.png,image,0,clean,0.0,c5f7189cb99fa797a01cd48056bdd61ef367040da6939fef60a3fecc7cf191b8,test
img_src_0317,img_src_0317_clean_02.png,data/generated/images/img_src_0317_clean_02.png,image,0,clean,0.0,c5f7189cb99fa797a01cd48056bdd61ef367040da6939fef60a3fecc7cf191b8,test
img_src_0317,img_src_0317_stego_lsb_matching_0.20.png,data/generated/images/img_src_0317_stego_lsb_matching_0.20.png,image,1,lsb_matching,0.2,2df7e3de57f74282a016fb7bae04a0f89a11ad03d02f2990968ec80b7fe89e71,test
img_src_0317,img_src_0317_stego_edge_adaptive_0.30.png,data/generated/images/img_src_0317_stego_edge_adaptive_0.30.png,image,1,edge_adaptive,0.3,829fce3ee9ff5597446dcb1fa08c498ac330dc2912a731b289cf2892e850b2cb,test
img_src_0318,img_src_0318_clean_01.png,data/generated/images/img_src_0318_clean_01.png,image,0,clean,0.0,b50dd25bd24d24bcf1407de2854fa3033e7ef3b375962c9cc818eea0c26d1eae,train
img_src_0318,img_src_0318_clean_02.png,data/generated/images/img_src_0318_clean_02.png,image,0,clean,0.0,b50dd25bd24d24bcf1407de2854fa3033e7ef3b375962c9cc818eea0c26d1eae,train
img_src_0318,img_src_0318_stego_edge_adaptive_0.30.png,data/generated/images/img_src_0318_stego_edge_adaptive_0.30.png,image,1,edge_adaptive,0.3,dc51ce6c5cd4b164d9597b98f05bd2cf7e112e26a39ed0d5510ab7f52b6aecd9,train
img_src_0318,img_src_0318_stego_dct_ac_0.50.png,data/generated/images/img_src_0318_stego_dct_ac_0.50.png,image,1,dct_ac,0.5,383424b343d37222a6c14f64d5d69ea0a253d271443221f88d35deb314175f48,train
img_src_0319,img_src_0319_clean_01.png,data/generated/images/img_src_0319_clean_01.png,image,0,clean,0.0,ecc6b3c24ef6595269a14c8e46a851c0ca502a6fa10e8375856778037e82d306,train
img_src_0319,img_src_0319_clean_02.png,data/generated/images/img_src_0319_clean_02.png,image,0,clean,0.0,ecc6b3c24ef6595269a14c8e46a851c0ca502a6fa10e8375856778037e82d306,train
img_src_0319,img_src_0319_stego_dct_ac_0.50.png,data/generated/images/img_src_0319_stego_dct_ac_0.50.png,image,1,dct_ac,0.5,5b50e052c850e64cfd795e6c90fdf752d6a93b279bd23cd98a984c2d69b9b5d3,train
img_src_0319,img_src_0319_stego_lsb_replacement_0.10.png,data/generated/images/img_src_0319_stego_lsb_replacement_0.10.png,image,1,lsb_replacement,0.1,71174fa8f7f522d5376446727b61f85a2c0a733236e76320a5e7556ef8f17828,train
img_src_0320,img_src_0320_clean_01.png,data/generated/images/img_src_0320_clean_01.png,image,0,clean,0.0,cde5669ce9d22bf89fb48694cb1403639c94879f1747f34907529968bcf44462,train
img_src_0320,img_src_0320_clean_02.png,data/generated/images/img_src_0320_clean_02.png,image,0,clean,0.0,cde5669ce9d22bf89fb48694cb1403639c94879f1747f34907529968bcf44462,train
img_src_0320,img_src_0320_stego_lsb_replacement_0.10.png,data/generated/images/img_src_0320_stego_lsb_replacement_0.10.png,image,1,lsb_replacement,0.1,c32c9346a878bd227540dd27ecb36d2e9929021f9e6f1c75931cc07d2c847be4,train
img_src_0320,img_src_0320_stego_lsb_matching_0.20.png,data/generated/images/img_src_0320_stego_lsb_matching_0.20.png,image,1,lsb_matching,0.2,9add6b03fc6ad48361b62c20e55be6ae3d2cfa471230d3650dc69961f6d56f7b,train
img_src_0321,img_src_0321_clean_01.png,data/generated/images/img_src_0321_clean_01.png,image,0,clean,0.0,435ba75797378db0c8efb9669cbc647fa1fa7164c7ce0facf2204e5d8c77addf,train
img_src_0321,img_src_0321_clean_02.png,data/generated/images/img_src_0321_clean_02.png,image,0,clean,0.0,435ba75797378db0c8efb9669cbc647fa1fa7164c7ce0facf2204e5d8c77addf,train
img_src_0321,img_src_0321_stego_lsb_matching_0.20.png,data/generated/images/img_src_0321_stego_lsb_matching_0.20.png,image,1,lsb_matching,0.2,634973039eb113afea6bbaf224a9ad58ed8d6dec0d2b7e306e008f56e948c701,train
img_src_0321,img_src_0321_stego_edge_adaptive_0.30.png,data/generated/images/img_src_0321_stego_edge_adaptive_0.30.png,image,1,edge_adaptive,0.3,ddc9de59e4063c0fc54c272713b1f73dc2ed08c9221df4a38097516879e068ab,train
img_src_0322,img_src_0322_clean_01.png,data/generated/images/img_src_0322_clean_01.png,image,0,clean,0.0,adec3b533fd8735ca9f00356ef106497ead342b901030225ad01ebee0448aef6,val
img_src_0322,img_src_0322_clean_02.png,data/generated/images/img_src_0322_clean_02.png,image,0,clean,0.0,adec3b533fd8735ca9f00356ef106497ead342b901030225ad01ebee0448aef6,val
img_src_0322,img_src_0322_stego_edge_adaptive_0.30.png,data/generated/images/img_src_0322_stego_edge_adaptive_0.30.png,image,1,edge_adaptive,0.3,f8371634f612ea934c3fb48f203168063cac7fceb88410503e2bbff461c5d643,val
img_src_0322,img_src_0322_stego_dct_ac_0.50.png,data/generated/images/img_src_0322_stego_dct_ac_0.50.png,image,1,dct_ac,0.5,eff884536ccaff43daafac9b040d5ab9462bebc825343bcadee26156d1881b29,val
img_src_0323,img_src_0323_clean_01.png,data/generated/images/img_src_0323_clean_01.png,image,0,clean,0.0,15ef0915b9c6b9d4b16eabf262d2c9ee85013d8fedaf7c0a7322a58e5292b1d5,train
img_src_0323,img_src_0323_clean_02.png,data/generated/images/img_src_0323_clean_02.png,image,0,clean,0.0,15ef0915b9c6b9d4b16eabf262d2c9ee85013d8fedaf7c0a7322a58e5292b1d5,train
img_src_0323,img_src_0323_stego_dct_ac_0.50.png,data/generated/images/img_src_0323_stego_dct_ac_0.50.png,image,1,dct_ac,0.5,0a0ede3b4da875096fe2978107f270c055a7be9a10697187fc95614e8cefd926,train
img_src_0323,img_src_0323_stego_lsb_replacement_0.10.png,data/generated/images/img_src_0323_stego_lsb_replacement_0.10.png,image,1,lsb_replacement,0.1,547eabb1eb450de38d8b1f7b12705c2128951784efbe2eaf2215b98adf904b9a,train
img_src_0324,img_src_0324_clean_01.png,data/generated/images/img_src_0324_clean_01.png,image,0,clean,0.0,25408a2ecfb9a916f7df329372feadc49bcf3455f694cc2a9ffcdf3f3789c4ee,train
img_src_0324,img_src_0324_clean_02.png,data/generated/images/img_src_0324_clean_02.png,image,0,clean,0.0,25408a2ecfb9a916f7df329372feadc49bcf3455f694cc2a9ffcdf3f3789c4ee,train
img_src_0324,img_src_0324_stego_lsb_replacement_0.10.png,data/generated/images/img_src_0324_stego_lsb_replacement_0.10.png,image,1,lsb_replacement,0.1,66c6ce0d0332e8dc69eb6fd0194e26182aca0bdbb59193347be1a66325ac9bc7,train
img_src_0324,img_src_0324_stego_lsb_matching_0.20.png,data/generated/images/img_src_0324_stego_lsb_matching_0.20.png,image,1,lsb_matching,0.2,d2501a568290630e68ba417dc9250e5dd53283bb5a232b757e6268420e19845e,train
img_src_0325,img_src_0325_clean_01.png,data/generated/images/img_src_0325_clean_01.png,image,0,clean,0.0,af48fe83619c6efe8f009df4fc382495e2ba0e676a666668c7bbc2e338bdc856,val
img_src_0325,img_src_0325_clean_02.png,data/generated/images/img_src_0325_clean_02.png,image,0,clean,0.0,af48fe83619c6efe8f009df4fc382495e2ba0e676a666668c7bbc2e338bdc856,val
img_src_0325,img_src_0325_stego_lsb_matching_0.20.png,data/generated/images/img_src_0325_stego_lsb_matching_0.20.png,image,1,lsb_matching,0.2,05d7f68cc2b740f10bdbf37a2499b731843b394051f5721b0d13768821f3e47f,val
img_src_0325,img_src_0325_stego_edge_adaptive_0.30.png,data/generated/images/img_src_0325_stego_edge_adaptive_0.30.png,image,1,edge_adaptive,0.3,0a9489d8bbf8ca92d7f72c2089535290bd8997ccf5151bb88143e2eafa959a68,val
img_src_0326,img_src_0326_clean_01.png,data/generated/images/img_src_0326_clean_01.png,image,0,clean,0.0,f4d0bb95370ab5f4c0a51f58f998050eac27944c1a02359d3116dcf98bc60aa3,train
img_src_0326,img_src_0326_clean_02.png,data/generated/images/img_src_0326_clean_02.png,image,0,clean,0.0,f4d0bb95370ab5f4c0a51f58f998050eac27944c1a02359d3116dcf98bc60aa3,train
img_src_0326,img_src_0326_stego_edge_adaptive_0.30.png,data/generated/images/img_src_0326_stego_edge_adaptive_0.30.png,image,1,edge_adaptive,0.3,5e6dae95e448e87e94e9a1e583aafee55b871b556c106911bcf1de927dd3ce5b,train
img_src_0326,img_src_0326_stego_dct_ac_0.50.png,data/generated/images/img_src_0326_stego_dct_ac_0.50.png,image,1,dct_ac,0.5,8aa772186a87db7f6711608b3e401a9da9d2dc520d51a9034e11617eb13d3258,train
img_src_0327,img_src_0327_clean_01.png,data/generated/images/img_src_0327_clean_01.png,image,0,clean,0.0,00ca6a98d51f13640c3ced6c7e958f5351dead755bba42b97b07453559c2351f,train
img_src_0327,img_src_0327_clean_02.png,data/generated/images/img_src_0327_clean_02.png,image,0,clean,0.0,00ca6a98d51f13640c3ced6c7e958f5351dead755bba42b97b07453559c2351f,train
img_src_0327,img_src_0327_stego_dct_ac_0.50.png,data/generated/images/img_src_0327_stego_dct_ac_0.50.png,image,1,dct_ac,0.5,669ecedf1d1bd1909f71142d42d61b03aa29187f4e708d90ee299f0f1f5dca23,train
img_src_0327,img_src_0327_stego_lsb_replacement_0.10.png,data/generated/images/img_src_0327_stego_lsb_replacement_0.10.png,image,1,lsb_replacement,0.1,efbc770c36f453a85e2370cfbb09877d0b52b657cad87d904bb8df1a146fdcf2,train
img_src_0328,img_src_0328_clean_01.png,data/generated/images/img_src_0328_clean_01.png,image,0,clean,0.0,64270c8622e75c1e9faf59820cdefef687122d4ca110bbba00a1d11cb4a4788d,train
img_src_0328,img_src_0328_clean_02.png,data/generated/images/img_src_0328_clean_02.png,image,0,clean,0.0,64270c8622e75c1e9faf59820cdefef687122d4ca110bbba00a1d11cb4a4788d,train
img_src_0328,img_src_0328_stego_lsb_replacement_0.10.png,data/generated/images/img_src_0328_stego_lsb_replacement_0.10.png,image,1,lsb_replacement,0.1,9d4569e4026d0c98232bcddd5ce86da9c0abf543ce7633136171a39879895056,train
img_src_0328,img_src_0328_stego_lsb_matching_0.20.png,data/generated/images/img_src_0328_stego_lsb_matching_0.20.png,image,1,lsb_matching,0.2,baa123b9ec5814cb39d56c5433ac32351cdcd633769b668bada2bf3314169ca1,train
img_src_0329,img_src_0329_clean_01.png,data/generated/images/img_src_0329_clean_01.png,image,0,clean,0.0,df63103b8fb0578a074d4276c67f5dc506e6bde78576296e88ea9dd8742d1b78,train
img_src_0329,img_src_0329_clean_02.png,data/generated/images/img_src_0329_clean_02.png,image,0,clean,0.0,df63103b8fb0578a074d4276c67f5dc506e6bde78576296e88ea9dd8742d1b78,train
img_src_0329,img_src_0329_stego_lsb_matching_0.20.png,data/generated/images/img_src_0329_stego_lsb_matching_0.20.png,image,1,lsb_matching,0.2,47a1436a977eabb43f1d15ef391a9c36f643cb04cfddb16439022b892dd7effd,train
img_src_0329,img_src_0329_stego_edge_adaptive_0.30.png,data/generated/images/img_src_0329_stego_edge_adaptive_0.30.png,image,1,edge_adaptive,0.3,a0475fa3fae382b2e5fd6f1c387c899820140d992f9c760ca7e7235fc18cc098,train
img_src_0330,img_src_0330_clean_01.png,data/generated/images/img_src_0330_clean_01.png,image,0,clean,0.0,813fd0b020b782821c123f5a015ab5655b430f66d6a4f4a729535c778df9c2ce,test
img_src_0330,img_src_0330_clean_02.png,data/generated/images/img_src_0330_clean_02.png,image,0,clean,0.0,813fd0b020b782821c123f5a015ab5655b430f66d6a4f4a729535c778df9c2ce,test
img_src_0330,img_src_0330_stego_edge_adaptive_0.30.png,data/generated/images/img_src_0330_stego_edge_adaptive_0.30.png,image,1,edge_adaptive,0.3,12bab5f29882b325a2517b0559d64f7f1fd6051e21d9409a9a378838b3b4ebba,test
img_src_0330,img_src_0330_stego_dct_ac_0.50.png,data/generated/images/img_src_0330_stego_dct_ac_0.50.png,image,1,dct_ac,0.5,f31d8be7fbe226643cd36d962cac30c5f97d27dcf6da4f998f959e87a8011f82,test
img_src_0331,img_src_0331_clean_01.png,data/generated/images/img_src_0331_clean_01.png,image,0,clean,0.0,8a670483cdf25bbf3b6f442fb290aefdbcad30a50da43f121e8fc1bd933febcd,train
img_src_0331,img_src_0331_clean_02.png,data/generated/images/img_src_0331_clean_02.png,image,0,clean,0.0,8a670483cdf25bbf3b6f442fb290aefdbcad30a50da43f121e8fc1bd933febcd,train
img_src_0331,img_src_0331_stego_dct_ac_0.50.png,data/generated/images/img_src_0331_stego_dct_ac_0.50.png,image,1,dct_ac,0.5,0d5b378232a0146aeeaf5c43a2aa9ab1848375b4eb30371d5b252274b82dee0f,train
img_src_0331,img_src_0331_stego_lsb_replacement_0.10.png,data/generated/images/img_src_0331_stego_lsb_replacement_0.10.png,image,1,lsb_replacement,0.1,5b0a550607c258d8d559d6f540d4507a0a98ab5475bc7ae1742120376649c24c,train
img_src_0332,img_src_0332_clean_01.png,data/generated/images/img_src_0332_clean_01.png,image,0,clean,0.0,a269b2a64d950acadbd4b13f1a5fce0f647d7ca97d573504da6f07fcf651f1bc,train
img_src_0332,img_src_0332_clean_02.png,data/generated/images/img_src_0332_clean_02.png,image,0,clean,0.0,a269b2a64d950acadbd4b13f1a5fce0f647d7ca97d573504da6f07fcf651f1bc,train
img_src_0332,img_src_0332_stego_lsb_replacement_0.10.png,data/generated/images/img_src_0332_stego_lsb_replacement_0.10.png,image,1,lsb_replacement,0.1,dca47433a969c559f9d5e9f63e78ff6e3b7983f07fc54c47dd92f26a304a6145,train
img_src_0332,img_src_0332_stego_lsb_matching_0.20.png,data/generated/images/img_src_0332_stego_lsb_matching_0.20.png,image,1,lsb_matching,0.2,9b12565c47baca2e98d9d99c6ed220f29b7c9bdc64e61a0a208dbd4ff5e81057,train
img_src_0333,img_src_0333_clean_01.png,data/generated/images/img_src_0333_clean_01.png,image,0,clean,0.0,b8db80c9e4a593e1bcceb8feca0a07477d7f263e0579fda3b5a478c39c16a88c,train
img_src_0333,img_src_0333_clean_02.png,data/generated/images/img_src_0333_clean_02.png,image,0,clean,0.0,b8db80c9e4a593e1bcceb8feca0a07477d7f263e0579fda3b5a478c39c16a88c,train
img_src_0333,img_src_0333_stego_lsb_matching_0.20.png,data/generated/images/img_src_0333_stego_lsb_matching_0.20.png,image,1,lsb_matching,0.2,521d58c1f2aaaae6937a5ee934a0169f5155ebf0c7fa2ddd5b4413f19ef2980f,train
img_src_0333,img_src_0333_stego_edge_adaptive_0.30.png,data/generated/images/img_src_0333_stego_edge_adaptive_0.30.png,image,1,edge_adaptive,0.3,59a1b270fd1f7604b802e3bfeb3310b8f1f68432316c5264d09395d9539016a6,train
img_src_0334,img_src_0334_clean_01.png,data/generated/images/img_src_0334_clean_01.png,image,0,clean,0.0,488e72947c67a568e141412f5c45fae0ed0e054817a27334fe86c57b6f50aa05,train
img_src_0334,img_src_0334_clean_02.png,data/generated/images/img_src_0334_clean_02.png,image,0,clean,0.0,488e72947c67a568e141412f5c45fae0ed0e054817a27334fe86c57b6f50aa05,train
img_src_0334,img_src_0334_stego_edge_adaptive_0.30.png,data/generated/images/img_src_0334_stego_edge_adaptive_0.30.png,image,1,edge_adaptive,0.3,ee0524c845b172e6ae47e5e437ffe8c0a232ae82e3c58292c9578d104d6b62e4,train
img_src_0334,img_src_0334_stego_dct_ac_0.50.png,data/generated/images/img_src_0334_stego_dct_ac_0.50.png,image,1,dct_ac,0.5,ddb54cb0a96b7cd0d2813db25880e81eaf1453397fa7dd7dfdf77c19f8f8422e,train
img_src_0335,img_src_0335_clean_01.png,data/generated/images/img_src_0335_clean_01.png,image,0,clean,0.0,a067e3571032a61e6e29474705bbe65f9915733bd18bf5c7865d68afdaee5190,train
img_src_0335,img_src_0335_clean_02.png,data/generated/images/img_src_0335_clean_02.png,image,0,clean,0.0,a067e3571032a61e6e29474705bbe65f9915733bd18bf5c7865d68afdaee5190,train
img_src_0335,img_src_0335_stego_dct_ac_0.50.png,data/generated/images/img_src_0335_stego_dct_ac_0.50.png,image,1,dct_ac,0.5,8e0612e787f2d1bd1e3367581281261f4c9dda1816c844128d2027159580a965,train
img_src_0335,img_src_0335_stego_lsb_replacement_0.10.png,data/generated/images/img_src_0335_stego_lsb_replacement_0.10.png,image,1,lsb_replacement,0.1,aa6a6076bad1156c0addef0e70e80dd5c71abaef28399436fb22fb607d5e0547,train
img_src_0336,img_src_0336_clean_01.png,data/generated/images/img_src_0336_clean_01.png,image,0,clean,0.0,08763c621a5a9a1bf60f7527e75a0fcd790a46aa67b8bfc200a882d7f61f290e,train
img_src_0336,img_src_0336_clean_02.png,data/generated/images/img_src_0336_clean_02.png,image,0,clean,0.0,08763c621a5a9a1bf60f7527e75a0fcd790a46aa67b8bfc200a882d7f61f290e,train
img_src_0336,img_src_0336_stego_lsb_replacement_0.10.png,data/generated/images/img_src_0336_stego_lsb_replacement_0.10.png,image,1,lsb_replacement,0.1,b7d77a058f92dc23c40dadb92a547186034a9d68ec292ddb3023416cbe1c2bc1,train
img_src_0336,img_src_0336_stego_lsb_matching_0.20.png,data/generated/images/img_src_0336_stego_lsb_matching_0.20.png,image,1,lsb_matching,0.2,51f8e3e7bf45bcf8c9ece86d90593258cef66fbb2b7f45660180c6f965c81558,train
img_src_0337,img_src_0337_clean_01.png,data/generated/images/img_src_0337_clean_01.png,image,0,clean,0.0,aa874b36496d94675514fba6450e764bc6509a39d0ef62e000cb302b3dada6ac,test
img_src_0337,img_src_0337_clean_02.png,data/generated/images/img_src_0337_clean_02.png,image,0,clean,0.0,aa874b36496d94675514fba6450e764bc6509a39d0ef62e000cb302b3dada6ac,test
img_src_0337,img_src_0337_stego_lsb_matching_0.20.png,data/generated/images/img_src_0337_stego_lsb_matching_0.20.png,image,1,lsb_matching,0.2,c483741797d0e06770ae0e336fff10a96d9140e687c04c13feab2a75ef4df046,test
img_src_0337,img_src_0337_stego_edge_adaptive_0.30.png,data/generated/images/img_src_0337_stego_edge_adaptive_0.30.png,image,1,edge_adaptive,0.3,58116c62c746061a36671d08f9a6a8c7a9c5227c24d1e81b1599f43a614b62ba,test
img_src_0338,img_src_0338_clean_01.png,data/generated/images/img_src_0338_clean_01.png,image,0,clean,0.0,ff54e1fc4c746dc4cf7695b49958a69772873333f0f5b7f6de153acd8b9f68be,train
img_src_0338,img_src_0338_clean_02.png,data/generated/images/img_src_0338_clean_02.png,image,0,clean,0.0,ff54e1fc4c746dc4cf7695b49958a69772873333f0f5b7f6de153acd8b9f68be,train
img_src_0338,img_src_0338_stego_edge_adaptive_0.30.png,data/generated/images/img_src_0338_stego_edge_adaptive_0.30.png,image,1,edge_adaptive,0.3,14a9542ef4b29460833e97648f5e20672a5f582572196a09579493ec642a2e1b,train
img_src_0338,img_src_0338_stego_dct_ac_0.50.png,data/generated/images/img_src_0338_stego_dct_ac_0.50.png,image,1,dct_ac,0.5,c980a9ee41e19849571940f52d24e4496e00af6eb5c3eeaf94ce12b0754e56a5,train
img_src_0339,img_src_0339_clean_01.png,data/generated/images/img_src_0339_clean_01.png,image,0,clean,0.0,1ba6996e5b80a719d6c72d2a3004c981f2962c7df21569e209e83bae784f5944,train
img_src_0339,img_src_0339_clean_02.png,data/generated/images/img_src_0339_clean_02.png,image,0,clean,0.0,1ba6996e5b80a719d6c72d2a3004c981f2962c7df21569e209e83bae784f5944,train
img_src_0339,img_src_0339_stego_dct_ac_0.50.png,data/generated/images/img_src_0339_stego_dct_ac_0.50.png,image,1,dct_ac,0.5,5ecdb38754f7d8e0d3701bb72820ca1ff0c70bea3c729efd4ee391af3c8c6cff,train
img_src_0339,img_src_0339_stego_lsb_replacement_0.10.png,data/generated/images/img_src_0339_stego_lsb_replacement_0.10.png,image,1,lsb_replacement,0.1,9f68bd8d0112876448cd0e8150ed7024b655c59b5fc930315b3f580e20019d01,train
img_src_0340,img_src_0340_clean_01.png,data/generated/images/img_src_0340_clean_01.png,image,0,clean,0.0,3dd28c6223cc7647758ff26630988cd9dc4a82f2a84dd276f94e8258be17bb9e,train
img_src_0340,img_src_0340_clean_02.png,data/generated/images/img_src_0340_clean_02.png,image,0,clean,0.0,3dd28c6223cc7647758ff26630988cd9dc4a82f2a84dd276f94e8258be17bb9e,train
img_src_0340,img_src_0340_stego_lsb_replacement_0.10.png,data/generated/images/img_src_0340_stego_lsb_replacement_0.10.png,image,1,lsb_replacement,0.1,9d4206bf01db1ac43fffd3d2af78c41c80920967ec57a93d9d8fc796ac329f8d,train
img_src_0340,img_src_0340_stego_lsb_matching_0.20.png,data/generated/images/img_src_0340_stego_lsb_matching_0.20.png,image,1,lsb_matching,0.2,6f7987b2c4ba855ffa93dda14a08e15456321fd8c5a123b6b8296f9a056c98f2,train
img_src_0341,img_src_0341_clean_01.png,data/generated/images/img_src_0341_clean_01.png,image,0,clean,0.0,63595355ed696f63b2fc1c203d164a922e296152e7c01f04cade97c50b939ae3,train
img_src_0341,img_src_0341_clean_02.png,data/generated/images/img_src_0341_clean_02.png,image,0,clean,0.0,63595355ed696f63b2fc1c203d164a922e296152e7c01f04cade97c50b939ae3,train
img_src_0341,img_src_0341_stego_lsb_matching_0.20.png,data/generated/images/img_src_0341_stego_lsb_matching_0.20.png,image,1,lsb_matching,0.2,f2390230d496b74ab3e7cc981497f10a5702aca15a32fe3985febf6b5c96e3e7,train
img_src_0341,img_src_0341_stego_edge_adaptive_0.30.png,data/generated/images/img_src_0341_stego_edge_adaptive_0.30.png,image,1,edge_adaptive,0.3,e6e3c4b5da14e2b8178c79d2a18cbd586017e05b9797ae1077580c876aad5ab2,train
img_src_0342,img_src_0342_clean_01.png,data/generated/images/img_src_0342_clean_01.png,image,0,clean,0.0,9a3d540e98e5a8848a43cf78c321c6bd6f4fab94e544eb40de8d0838741a1bd4,train
img_src_0342,img_src_0342_clean_02.png,data/generated/images/img_src_0342_clean_02.png,image,0,clean,0.0,9a3d540e98e5a8848a43cf78c321c6bd6f4fab94e544eb40de8d0838741a1bd4,train
img_src_0342,img_src_0342_stego_edge_adaptive_0.30.png,data/generated/images/img_src_0342_stego_edge_adaptive_0.30.png,image,1,edge_adaptive,0.3,1d574b788c79b59e544a4b4b530365214939d2e7d78b7304fe66c20e9dc15b37,train
img_src_0342,img_src_0342_stego_dct_ac_0.50.png,data/generated/images/img_src_0342_stego_dct_ac_0.50.png,image,1,dct_ac,0.5,6d117c1b43d0daa5c1733019adb112b6d5534b2ffb15e7448a4a413fd55576ee,train
img_src_0343,img_src_0343_clean_01.png,data/generated/images/img_src_0343_clean_01.png,image,0,clean,0.0,6f48a788ff45d4a663dfdfa423ef2f85cfc36aa2cc4d20bc87c5c17fd752eaf2,test
img_src_0343,img_src_0343_clean_02.png,data/generated/images/img_src_0343_clean_02.png,image,0,clean,0.0,6f48a788ff45d4a663dfdfa423ef2f85cfc36aa2cc4d20bc87c5c17fd752eaf2,test
img_src_0343,img_src_0343_stego_dct_ac_0.50.png,data/generated/images/img_src_0343_stego_dct_ac_0.50.png,image,1,dct_ac,0.5,94cdd641a7f6ecf047a56e9719ee29792e8ad089b631389acc9b356e2aae3d12,test
img_src_0343,img_src_0343_stego_lsb_replacement_0.10.png,data/generated/images/img_src_0343_stego_lsb_replacement_0.10.png,image,1,lsb_replacement,0.1,a2b0a5a967a38d9391c002ba6dd3d459fda65930f7679b910bd140c84a373633,test
img_src_0344,img_src_0344_clean_01.png,data/generated/images/img_src_0344_clean_01.png,image,0,clean,0.0,47e5705697ced63cbf45dc532bc18b33bfb1913eda6a3f4ecb79f6bce5749715,train
img_src_0344,img_src_0344_clean_02.png,data/generated/images/img_src_0344_clean_02.png,image,0,clean,0.0,47e5705697ced63cbf45dc532bc18b33bfb1913eda6a3f4ecb79f6bce5749715,train
img_src_0344,img_src_0344_stego_lsb_replacement_0.10.png,data/generated/images/img_src_0344_stego_lsb_replacement_0.10.png,image,1,lsb_replacement,0.1,c5ce5e17e86fceb3bfaf4e8d26e2d7a897d32be1a3b481ff4ae7a64c55b3cdf3,train
img_src_0344,img_src_0344_stego_lsb_matching_0.20.png,data/generated/images/img_src_0344_stego_lsb_matching_0.20.png,image,1,lsb_matching,0.2,ce4ff905f23b1200ca9b199da5c29d037f519bf059997fab126b1ae2572d1f6d,train
img_src_0345,img_src_0345_clean_01.png,data/generated/images/img_src_0345_clean_01.png,image,0,clean,0.0,0323a889fbc0552bf9e4eb5de4602027ad40b64be3aaf3f6cc3e739c4c6acbd8,val
img_src_0345,img_src_0345_clean_02.png,data/generated/images/img_src_0345_clean_02.png,image,0,clean,0.0,0323a889fbc0552bf9e4eb5de4602027ad40b64be3aaf3f6cc3e739c4c6acbd8,val
img_src_0345,img_src_0345_stego_lsb_matching_0.20.png,data/generated/images/img_src_0345_stego_lsb_matching_0.20.png,image,1,lsb_matching,0.2,b1eef4a4b390b58dd737a44ee8effe0677267bdbdddba03dfdef1dbf5cedf038,val
img_src_0345,img_src_0345_stego_edge_adaptive_0.30.png,data/generated/images/img_src_0345_stego_edge_adaptive_0.30.png,image,1,edge_adaptive,0.3,37be33407ae265ad899f80bd249472e9546e470224b7de828243221d1c9c81b6,val
img_src_0346,img_src_0346_clean_01.png,data/generated/images/img_src_0346_clean_01.png,image,0,clean,0.0,faf5666793e155de21d7429e3caf0cb58a5b8b7ffabb3ace08d41f18b74bbe2a,train
img_src_0346,img_src_0346_clean_02.png,data/generated/images/img_src_0346_clean_02.png,image,0,clean,0.0,faf5666793e155de21d7429e3caf0cb58a5b8b7ffabb3ace08d41f18b74bbe2a,train
img_src_0346,img_src_0346_stego_edge_adaptive_0.30.png,data/generated/images/img_src_0346_stego_edge_adaptive_0.30.png,image,1,edge_adaptive,0.3,8532fd139d5b17be7d962461fecd880978730782468746c85e8b8613490a22df,train
img_src_0346,img_src_0346_stego_dct_ac_0.50.png,data/generated/images/img_src_0346_stego_dct_ac_0.50.png,image,1,dct_ac,0.5,319c174f44710ce77e4c36515797525352d7ba3ee13730cb44e1f2d93e27e6e5,train
img_src_0347,img_src_0347_clean_01.png,data/generated/images/img_src_0347_clean_01.png,image,0,clean,0.0,7c7006b27a727a06d6e560bc57d1e6dddf6df4acc61b8050f9babf53413ad241,train
img_src_0347,img_src_0347_clean_02.png,data/generated/images/img_src_0347_clean_02.png,image,0,clean,0.0,7c7006b27a727a06d6e560bc57d1e6dddf6df4acc61b8050f9babf53413ad241,train
img_src_0347,img_src_0347_stego_dct_ac_0.50.png,data/generated/images/img_src_0347_stego_dct_ac_0.50.png,image,1,dct_ac,0.5,53690c425c879d58cf6a5649bd4bb14a60d8ca4c40cf88380171638564084db3,train
img_src_0347,img_src_0347_stego_lsb_replacement_0.10.png,data/generated/images/img_src_0347_stego_lsb_replacement_0.10.png,image,1,lsb_replacement,0.1,977c0a12a8c23f1f1a1bf3d82795dac4af2b8c8f83d816af45fbc1608ae6f968,train
img_src_0348,img_src_0348_clean_01.png,data/generated/images/img_src_0348_clean_01.png,image,0,clean,0.0,2228eb5d22803e932933bb60799b70c255fbf15b5863c982d9b39071bc55243a,val
img_src_0348,img_src_0348_clean_02.png,data/generated/images/img_src_0348_clean_02.png,image,0,clean,0.0,2228eb5d22803e932933bb60799b70c255fbf15b5863c982d9b39071bc55243a,val
img_src_0348,img_src_0348_stego_lsb_replacement_0.10.png,data/generated/images/img_src_0348_stego_lsb_replacement_0.10.png,image,1,lsb_replacement,0.1,d5caf93f976452e3a7fec85a4a63b86f7a9442cbd7159770ba194e2004abea63,val
img_src_0348,img_src_0348_stego_lsb_matching_0.20.png,data/generated/images/img_src_0348_stego_lsb_matching_0.20.png,image,1,lsb_matching,0.2,e02d1c333f8ada69c899ab0f3b94133acc44d9443520756bd4cdf323130693cf,val
img_src_0349,img_src_0349_clean_01.png,data/generated/images/img_src_0349_clean_01.png,image,0,clean,0.0,af76037bc0a9d80bac08e4e1c82f331730ea78c42cc98a7399d107d795359291,train
img_src_0349,img_src_0349_clean_02.png,data/generated/images/img_src_0349_clean_02.png,image,0,clean,0.0,af76037bc0a9d80bac08e4e1c82f331730ea78c42cc98a7399d107d795359291,train
img_src_0349,img_src_0349_stego_lsb_matching_0.20.png,data/generated/images/img_src_0349_stego_lsb_matching_0.20.png,image,1,lsb_matching,0.2,91a20f67d626189c72bc454ea651b5e2a018e266b672e6ad81f4c464aafb2ffb,train
img_src_0349,img_src_0349_stego_edge_adaptive_0.30.png,data/generated/images/img_src_0349_stego_edge_adaptive_0.30.png,image,1,edge_adaptive,0.3,800d7c430cfd3cb9aeeccbe543f83b63a74a13267f686aa9dfb52190bfe55d10,train
img_src_0350,img_src_0350_clean_01.png,data/generated/images/img_src_0350_clean_01.png,image,0,clean,0.0,ccf0f45bae5c30e1e2bc4fdc63af8455b686404b8ef69c841d11baa3f3cfe801,train
img_src_0350,img_src_0350_clean_02.png,data/generated/images/img_src_0350_clean_02.png,image,0,clean,0.0,ccf0f45bae5c30e1e2bc4fdc63af8455b686404b8ef69c841d11baa3f3cfe801,train
img_src_0350,img_src_0350_stego_edge_adaptive_0.30.png,data/generated/images/img_src_0350_stego_edge_adaptive_0.30.png,image,1,edge_adaptive,0.3,b477c66fc993c6672249ab39e00a70722bb439ea4b6c5952622afbc3921fab05,train
img_src_0350,img_src_0350_stego_dct_ac_0.50.png,data/generated/images/img_src_0350_stego_dct_ac_0.50.png,image,1,dct_ac,0.5,48a20d16bbe52350415934568aae01b428ec9b8928a12ca5346c81ec34716969,train
img_src_0351,img_src_0351_clean_01.png,data/generated/images/img_src_0351_clean_01.png,image,0,clean,0.0,c7a9c6a961df07caed678183ae14075d3664536976bc2821fee78b0a3627a489,train
img_src_0351,img_src_0351_clean_02.png,data/generated/images/img_src_0351_clean_02.png,image,0,clean,0.0,c7a9c6a961df07caed678183ae14075d3664536976bc2821fee78b0a3627a489,train
img_src_0351,img_src_0351_stego_dct_ac_0.50.png,data/generated/images/img_src_0351_stego_dct_ac_0.50.png,image,1,dct_ac,0.5,3b5a26ed0920c352a1682071306eb6f029734a8c1a091186e6eb6dfb2200ed62,train
img_src_0351,img_src_0351_stego_lsb_replacement_0.10.png,data/generated/images/img_src_0351_stego_lsb_replacement_0.10.png,image,1,lsb_replacement,0.1,bca1fd3f138f64a72d999be30d04f3a1f7d093307f7a35b9709c8fceb5aef5be,train
img_src_0352,img_src_0352_clean_01.png,data/generated/images/img_src_0352_clean_01.png,image,0,clean,0.0,449e5b20b836781dffed47504af0c465bdbc6a55741d7eeeafbc07249864c515,train
img_src_0352,img_src_0352_clean_02.png,data/generated/images/img_src_0352_clean_02.png,image,0,clean,0.0,449e5b20b836781dffed47504af0c465bdbc6a55741d7eeeafbc07249864c515,train
img_src_0352,img_src_0352_stego_lsb_replacement_0.10.png,data/generated/images/img_src_0352_stego_lsb_replacement_0.10.png,image,1,lsb_replacement,0.1,b7d85a337c21e4475e0d500976c8055e9a2a9f42ad9d85f3b5408d24cb18ebf5,train
img_src_0352,img_src_0352_stego_lsb_matching_0.20.png,data/generated/images/img_src_0352_stego_lsb_matching_0.20.png,image,1,lsb_matching,0.2,7e6ee6aa24b61f49c1d9d7525ee5883aa0b5dc81e5ad4def3487a677b46a32b2,train
img_src_0353,img_src_0353_clean_01.png,data/generated/images/img_src_0353_clean_01.png,image,0,clean,0.0,b7b0da5b43f6a2fdfbc8e7e8c67e294b7129a2f5ab8fca1e10be31671be8b5ee,train
img_src_0353,img_src_0353_clean_02.png,data/generated/images/img_src_0353_clean_02.png,image,0,clean,0.0,b7b0da5b43f6a2fdfbc8e7e8c67e294b7129a2f5ab8fca1e10be31671be8b5ee,train
img_src_0353,img_src_0353_stego_lsb_matching_0.20.png,data/generated/images/img_src_0353_stego_lsb_matching_0.20.png,image,1,lsb_matching,0.2,3030c532de726fd0f4fc8f39608296c61033e16984d06677455a0cfd2f5edb65,train
img_src_0353,img_src_0353_stego_edge_adaptive_0.30.png,data/generated/images/img_src_0353_stego_edge_adaptive_0.30.png,image,1,edge_adaptive,0.3,388d289f8136136f6036791945782711e327239fd57d662ed8ab7d8e2622f87b,train
img_src_0354,img_src_0354_clean_01.png,data/generated/images/img_src_0354_clean_01.png,image,0,clean,0.0,930f0b7668269273a80ea135203cddab1accd27f207f7bd23dc453e28fad5497,train
img_src_0354,img_src_0354_clean_02.png,data/generated/images/img_src_0354_clean_02.png,image,0,clean,0.0,930f0b7668269273a80ea135203cddab1accd27f207f7bd23dc453e28fad5497,train
img_src_0354,img_src_0354_stego_edge_adaptive_0.30.png,data/generated/images/img_src_0354_stego_edge_adaptive_0.30.png,image,1,edge_adaptive,0.3,4d984ee1645d53d104d135f72465a42f5ee880e639323d6b50b01e8ea51cedd1,train
img_src_0354,img_src_0354_stego_dct_ac_0.50.png,data/generated/images/img_src_0354_stego_dct_ac_0.50.png,image,1,dct_ac,0.5,723cae1393a01101787a1386d3ae68544d17677dd3a92cdf4537388f344fd00a,train
img_src_0355,img_src_0355_clean_01.png,data/generated/images/img_src_0355_clean_01.png,image,0,clean,0.0,3335e9d3a9370603d523bc60a518b3cc702c46e7634b929045545e8aa73e485b,train
img_src_0355,img_src_0355_clean_02.png,data/generated/images/img_src_0355_clean_02.png,image,0,clean,0.0,3335e9d3a9370603d523bc60a518b3cc702c46e7634b929045545e8aa73e485b,train
img_src_0355,img_src_0355_stego_dct_ac_0.50.png,data/generated/images/img_src_0355_stego_dct_ac_0.50.png,image,1,dct_ac,0.5,9d7d90786e08fab6d0c5a4fab0123e362963b61cfeaa0165f9dd980da7fd1eac,train
img_src_0355,img_src_0355_stego_lsb_replacement_0.10.png,data/generated/images/img_src_0355_stego_lsb_replacement_0.10.png,image,1,lsb_replacement,0.1,332989c2705abec2bd2908468566f47a0bb6d0a9be17d9ac62b823353f015473,train
img_src_0356,img_src_0356_clean_01.png,data/generated/images/img_src_0356_clean_01.png,image,0,clean,0.0,8c9a34dd312b00ba15cfff34bec6e640fec59d34d290ae125eac5c39c22d4712,train
img_src_0356,img_src_0356_clean_02.png,data/generated/images/img_src_0356_clean_02.png,image,0,clean,0.0,8c9a34dd312b00ba15cfff34bec6e640fec59d34d290ae125eac5c39c22d4712,train
img_src_0356,img_src_0356_stego_lsb_replacement_0.10.png,data/generated/images/img_src_0356_stego_lsb_replacement_0.10.png,image,1,lsb_replacement,0.1,7c01bfd4cb7fb200451e7d523557e0d9001bbe321ca979be2d1acba8f6d761bc,train
img_src_0356,img_src_0356_stego_lsb_matching_0.20.png,data/generated/images/img_src_0356_stego_lsb_matching_0.20.png,image,1,lsb_matching,0.2,e30971eff3a1a12cab90b3b8fffbfb0b78b0f5ebaad0400f962d19344c084040,train
img_src_0357,img_src_0357_clean_01.png,data/generated/images/img_src_0357_clean_01.png,image,0,clean,0.0,17939bd17e3d8e06bebf8b2c030becdf274fb5075a3531ae3171206625f76f3e,train
img_src_0357,img_src_0357_clean_02.png,data/generated/images/img_src_0357_clean_02.png,image,0,clean,0.0,17939bd17e3d8e06bebf8b2c030becdf274fb5075a3531ae3171206625f76f3e,train
img_src_0357,img_src_0357_stego_lsb_matching_0.20.png,data/generated/images/img_src_0357_stego_lsb_matching_0.20.png,image,1,lsb_matching,0.2,f20537238b125668f6dd979ad676a1a5b8413f53bb01662e209aff56735bc8c6,train
img_src_0357,img_src_0357_stego_edge_adaptive_0.30.png,data/generated/images/img_src_0357_stego_edge_adaptive_0.30.png,image,1,edge_adaptive,0.3,bebd857dfa77cd6957e39f40458551f69d767c2a1fa8547c65de46125b7da7a0,train
img_src_0358,img_src_0358_clean_01.png,data/generated/images/img_src_0358_clean_01.png,image,0,clean,0.0,c520c4f729034c762bb8846cc4018497cc72274ed699f1e34299b1770c7ae16b,train
img_src_0358,img_src_0358_clean_02.png,data/generated/images/img_src_0358_clean_02.png,image,0,clean,0.0,c520c4f729034c762bb8846cc4018497cc72274ed699f1e34299b1770c7ae16b,train
img_src_0358,img_src_0358_stego_edge_adaptive_0.30.png,data/generated/images/img_src_0358_stego_edge_adaptive_0.30.png,image,1,edge_adaptive,0.3,ba039513d90ca96f4e0fac19fbea006f3de7f247297243374c3547f5b0ccf6af,train
img_src_0358,img_src_0358_stego_dct_ac_0.50.png,data/generated/images/img_src_0358_stego_dct_ac_0.50.png,image,1,dct_ac,0.5,2d663e900c86faa9650ec5b5cf142caa4292a3eb84224a66205086d4538cbbd6,train
img_src_0359,img_src_0359_clean_01.png,data/generated/images/img_src_0359_clean_01.png,image,0,clean,0.0,a6d9a16774aba171b96beffbb113abfce4b240909e8e4d7ca0d05e46905c0fbf,train
img_src_0359,img_src_0359_clean_02.png,data/generated/images/img_src_0359_clean_02.png,image,0,clean,0.0,a6d9a16774aba171b96beffbb113abfce4b240909e8e4d7ca0d05e46905c0fbf,train
img_src_0359,img_src_0359_stego_dct_ac_0.50.png,data/generated/images/img_src_0359_stego_dct_ac_0.50.png,image,1,dct_ac,0.5,4ede6d1b6750bd9c5d00b47a23464503fe6499916bfd259a6bbab79380bd3686,train
img_src_0359,img_src_0359_stego_lsb_replacement_0.10.png,data/generated/images/img_src_0359_stego_lsb_replacement_0.10.png,image,1,lsb_replacement,0.1,d3d11bcd56150b6325d407b47b7e5dfddafda149bf593c1d918a231c8e6840b9,train
img_src_0360,img_src_0360_clean_01.png,data/generated/images/img_src_0360_clean_01.png,image,0,clean,0.0,0c12e7e5eac18631c5c9ff837a5193dd79fdda5a01bbfd8a22c2ec87f213e208,train
img_src_0360,img_src_0360_clean_02.png,data/generated/images/img_src_0360_clean_02.png,image,0,clean,0.0,0c12e7e5eac18631c5c9ff837a5193dd79fdda5a01bbfd8a22c2ec87f213e208,train
img_src_0360,img_src_0360_stego_lsb_replacement_0.10.png,data/generated/images/img_src_0360_stego_lsb_replacement_0.10.png,image,1,lsb_replacement,0.1,1472e8c6ae9ef7276451ef8bec49841a02e09b058c951f22700811a71c919c9f,train
img_src_0360,img_src_0360_stego_lsb_matching_0.20.png,data/generated/images/img_src_0360_stego_lsb_matching_0.20.png,image,1,lsb_matching,0.2,014073b8d3a8609336f828604f412945bca62ff25b247ed48518b269ed4f7818,train
img_src_0361,img_src_0361_clean_01.png,data/generated/images/img_src_0361_clean_01.png,image,0,clean,0.0,24bd636830bb622d5e5173311a3e41b227feaa270ff9bbf0d18c28a80d2d77b4,train
img_src_0361,img_src_0361_clean_02.png,data/generated/images/img_src_0361_clean_02.png,image,0,clean,0.0,24bd636830bb622d5e5173311a3e41b227feaa270ff9bbf0d18c28a80d2d77b4,train
img_src_0361,img_src_0361_stego_lsb_matching_0.20.png,data/generated/images/img_src_0361_stego_lsb_matching_0.20.png,image,1,lsb_matching,0.2,82c6af199c0ec1498bb5fdde2f3997b640cdb93cfd9eb4eec61540b6349411e4,train
img_src_0361,img_src_0361_stego_edge_adaptive_0.30.png,data/generated/images/img_src_0361_stego_edge_adaptive_0.30.png,image,1,edge_adaptive,0.3,0514900064d6eeacae8a49dadb3a1d3e09295c00310ec27025a8e926edeb9b54,train
img_src_0362,img_src_0362_clean_01.png,data/generated/images/img_src_0362_clean_01.png,image,0,clean,0.0,bc88a8f61ffe73ad8bf3c3c570926c05f43978d2cc333acf481c73862bbe8735,train
img_src_0362,img_src_0362_clean_02.png,data/generated/images/img_src_0362_clean_02.png,image,0,clean,0.0,bc88a8f61ffe73ad8bf3c3c570926c05f43978d2cc333acf481c73862bbe8735,train
img_src_0362,img_src_0362_stego_edge_adaptive_0.30.png,data/generated/images/img_src_0362_stego_edge_adaptive_0.30.png,image,1,edge_adaptive,0.3,48483025cf0206fafbafeea15c42b4e19665c376c3f527216c756e186c11b17d,train
img_src_0362,img_src_0362_stego_dct_ac_0.50.png,data/generated/images/img_src_0362_stego_dct_ac_0.50.png,image,1,dct_ac,0.5,a2fd9b810d901a24472d766fa18217843b2a34d53cebd3cbdeedba6c9e22e1e0,train
img_src_0363,img_src_0363_clean_01.png,data/generated/images/img_src_0363_clean_01.png,image,0,clean,0.0,cdf1bece372454b332f59550181238a50f81d637675d8756c74a03a5e6d4ac5d,train
img_src_0363,img_src_0363_clean_02.png,data/generated/images/img_src_0363_clean_02.png,image,0,clean,0.0,cdf1bece372454b332f59550181238a50f81d637675d8756c74a03a5e6d4ac5d,train
img_src_0363,img_src_0363_stego_dct_ac_0.50.png,data/generated/images/img_src_0363_stego_dct_ac_0.50.png,image,1,dct_ac,0.5,6fb8ea40ea99893ccdf6fe54c16d5088acd73c4596068fd52293a5aa9ccd524e,train
img_src_0363,img_src_0363_stego_lsb_replacement_0.10.png,data/generated/images/img_src_0363_stego_lsb_replacement_0.10.png,image,1,lsb_replacement,0.1,a92e006c79536742346ac0fb948dd068bfe96881d7a68ada25533739dbd4cfbe,train
img_src_0364,img_src_0364_clean_01.png,data/generated/images/img_src_0364_clean_01.png,image,0,clean,0.0,7fa6247e1a5c9d4b9aec1a30ab143a49144d3c37f7283dd51138aab8d2b2cd68,val
img_src_0364,img_src_0364_clean_02.png,data/generated/images/img_src_0364_clean_02.png,image,0,clean,0.0,7fa6247e1a5c9d4b9aec1a30ab143a49144d3c37f7283dd51138aab8d2b2cd68,val
img_src_0364,img_src_0364_stego_lsb_replacement_0.10.png,data/generated/images/img_src_0364_stego_lsb_replacement_0.10.png,image,1,lsb_replacement,0.1,14f06eb83d9cd815438c736b866bcb35fded0d8d0bd443b36ecac04713e7b63a,val
img_src_0364,img_src_0364_stego_lsb_matching_0.20.png,data/generated/images/img_src_0364_stego_lsb_matching_0.20.png,image,1,lsb_matching,0.2,eea41bdb9788056a604e879ecf03dccd74975632ca7094def7d99a8fc229d5cf,val
img_src_0365,img_src_0365_clean_01.png,data/generated/images/img_src_0365_clean_01.png,image,0,clean,0.0,6c22d37cf39a0085251b317a477b4b80c9dc39f22d032c88ef65a90e61d12190,train
img_src_0365,img_src_0365_clean_02.png,data/generated/images/img_src_0365_clean_02.png,image,0,clean,0.0,6c22d37cf39a0085251b317a477b4b80c9dc39f22d032c88ef65a90e61d12190,train
img_src_0365,img_src_0365_stego_lsb_matching_0.20.png,data/generated/images/img_src_0365_stego_lsb_matching_0.20.png,image,1,lsb_matching,0.2,bad5a319e84475627f0f1e6032b36d75d8d19b4e1b8e43dc1a34cb1237ff0660,train
img_src_0365,img_src_0365_stego_edge_adaptive_0.30.png,data/generated/images/img_src_0365_stego_edge_adaptive_0.30.png,image,1,edge_adaptive,0.3,68cc6d096a89a4728f2f7f72beb56ccd0cb58c0b05ad914b8809fabe217f0e28,train
img_src_0366,img_src_0366_clean_01.png,data/generated/images/img_src_0366_clean_01.png,image,0,clean,0.0,a7b756bae4a054adea9f8840ca62ec061f71abdaf814da18d8093fb4dcc3f733,train
img_src_0366,img_src_0366_clean_02.png,data/generated/images/img_src_0366_clean_02.png,image,0,clean,0.0,a7b756bae4a054adea9f8840ca62ec061f71abdaf814da18d8093fb4dcc3f733,train
img_src_0366,img_src_0366_stego_edge_adaptive_0.30.png,data/generated/images/img_src_0366_stego_edge_adaptive_0.30.png,image,1,edge_adaptive,0.3,b1c483308f2a96e1a8ebd13f56cf0d52412e54f5721db04153f92ddcdfe448df,train
img_src_0366,img_src_0366_stego_dct_ac_0.50.png,data/generated/images/img_src_0366_stego_dct_ac_0.50.png,image,1,dct_ac,0.5,23dd7190abf3bc5aa7b6d28ecc62c1fd3a705bc0e7b99e90b7923bd483bff7ce,train
img_src_0367,img_src_0367_clean_01.png,data/generated/images/img_src_0367_clean_01.png,image,0,clean,0.0,bbe907a2dccae22d4903ac63d15b8d5db5f35354c99b536280804990ad26a588,train
img_src_0367,img_src_0367_clean_02.png,data/generated/images/img_src_0367_clean_02.png,image,0,clean,0.0,bbe907a2dccae22d4903ac63d15b8d5db5f35354c99b536280804990ad26a588,train
img_src_0367,img_src_0367_stego_dct_ac_0.50.png,data/generated/images/img_src_0367_stego_dct_ac_0.50.png,image,1,dct_ac,0.5,9a0c69b7b2e444c9548a4cbd6127221e5b8d513a2db8508bfce21fd9923de81a,train
img_src_0367,img_src_0367_stego_lsb_replacement_0.10.png,data/generated/images/img_src_0367_stego_lsb_replacement_0.10.png,image,1,lsb_replacement,0.1,35020ce210b3d6417cc61d733a1572e245ed9292c3dcec9937bc3db7deb73651,train
img_src_0368,img_src_0368_clean_01.png,data/generated/images/img_src_0368_clean_01.png,image,0,clean,0.0,77b8fc1d98f2f3d1b00e95f5a6420bc77732e42fe4bcc5c10c094c61a10b85ac,train
img_src_0368,img_src_0368_clean_02.png,data/generated/images/img_src_0368_clean_02.png,image,0,clean,0.0,77b8fc1d98f2f3d1b00e95f5a6420bc77732e42fe4bcc5c10c094c61a10b85ac,train
img_src_0368,img_src_0368_stego_lsb_replacement_0.10.png,data/generated/images/img_src_0368_stego_lsb_replacement_0.10.png,image,1,lsb_replacement,0.1,1b7a266f86aa274ec8e244b78172fb19502188066ede22db38781fdb6e0eaa13,train
img_src_0368,img_src_0368_stego_lsb_matching_0.20.png,data/generated/images/img_src_0368_stego_lsb_matching_0.20.png,image,1,lsb_matching,0.2,95d9641e3882e8ef36ae37d278ca6c3e60abbcb8d120e7de1df378957a4e8885,train
img_src_0369,img_src_0369_clean_01.png,data/generated/images/img_src_0369_clean_01.png,image,0,clean,0.0,e2a4390923acb075c23b18a61e71ba8b5735dc6628665a6981c94077b995fff3,train
img_src_0369,img_src_0369_clean_02.png,data/generated/images/img_src_0369_clean_02.png,image,0,clean,0.0,e2a4390923acb075c23b18a61e71ba8b5735dc6628665a6981c94077b995fff3,train
img_src_0369,img_src_0369_stego_lsb_matching_0.20.png,data/generated/images/img_src_0369_stego_lsb_matching_0.20.png,image,1,lsb_matching,0.2,94fc77b385ec8260ad4e764a6669aaa5a62f2ff464b399d2377a8abaa5e7b9d4,train
img_src_0369,img_src_0369_stego_edge_adaptive_0.30.png,data/generated/images/img_src_0369_stego_edge_adaptive_0.30.png,image,1,edge_adaptive,0.3,7235beaf0b3611075bb0f4ffa035a9e3aa027b6ec8feaee626d27200c65f12b0,train
img_src_0370,img_src_0370_clean_01.png,data/generated/images/img_src_0370_clean_01.png,image,0,clean,0.0,703610213993e48ba83709fe61fdeabd76d6a4de28558e679a54d4c4053aef7b,train
img_src_0370,img_src_0370_clean_02.png,data/generated/images/img_src_0370_clean_02.png,image,0,clean,0.0,703610213993e48ba83709fe61fdeabd76d6a4de28558e679a54d4c4053aef7b,train
img_src_0370,img_src_0370_stego_edge_adaptive_0.30.png,data/generated/images/img_src_0370_stego_edge_adaptive_0.30.png,image,1,edge_adaptive,0.3,2b08c538dc0a681748ba408d0edfde34f9a52bde4cc7f6158f837f8bf8740138,train
img_src_0370,img_src_0370_stego_dct_ac_0.50.png,data/generated/images/img_src_0370_stego_dct_ac_0.50.png,image,1,dct_ac,0.5,a16f973c256c08e4e8d0b378bb41b796374f7c79d8f5b7c662356bff0c227732,train
img_src_0371,img_src_0371_clean_01.png,data/generated/images/img_src_0371_clean_01.png,image,0,clean,0.0,2842aa04cf14b6e081a474169d0d124dfb06b1c124f5ae249fc29e390e5dca63,train
img_src_0371,img_src_0371_clean_02.png,data/generated/images/img_src_0371_clean_02.png,image,0,clean,0.0,2842aa04cf14b6e081a474169d0d124dfb06b1c124f5ae249fc29e390e5dca63,train
img_src_0371,img_src_0371_stego_dct_ac_0.50.png,data/generated/images/img_src_0371_stego_dct_ac_0.50.png,image,1,dct_ac,0.5,f77b9f44a4336e6e210418d0dc936b9fe509e911bb4b7dd63166a5ae8fa9d38c,train
img_src_0371,img_src_0371_stego_lsb_replacement_0.10.png,data/generated/images/img_src_0371_stego_lsb_replacement_0.10.png,image,1,lsb_replacement,0.1,28b58ad1fd1ed70cac0026a091de07b6c81cd41dfb4b43c34b9eed66c73b20d9,train
img_src_0372,img_src_0372_clean_01.png,data/generated/images/img_src_0372_clean_01.png,image,0,clean,0.0,55e9523faf5f6432772b797e80bad2bef4e30fe9a0088ab4be23f63f8f199bd9,val
img_src_0372,img_src_0372_clean_02.png,data/generated/images/img_src_0372_clean_02.png,image,0,clean,0.0,55e9523faf5f6432772b797e80bad2bef4e30fe9a0088ab4be23f63f8f199bd9,val
img_src_0372,img_src_0372_stego_lsb_replacement_0.10.png,data/generated/images/img_src_0372_stego_lsb_replacement_0.10.png,image,1,lsb_replacement,0.1,29fdefa6e99fb2a8b228ca4853f04ba4a24f89073544d9dbfcb98a473cbef179,val
img_src_0372,img_src_0372_stego_lsb_matching_0.20.png,data/generated/images/img_src_0372_stego_lsb_matching_0.20.png,image,1,lsb_matching,0.2,8556373132d73ac40e3f06540267030eab84c37156706795ef6411212c72960b,val
img_src_0373,img_src_0373_clean_01.png,data/generated/images/img_src_0373_clean_01.png,image,0,clean,0.0,4683a7a446ea59fa3a4770b89442f07faf39604f7216dc3b3fee983d506be888,train
img_src_0373,img_src_0373_clean_02.png,data/generated/images/img_src_0373_clean_02.png,image,0,clean,0.0,4683a7a446ea59fa3a4770b89442f07faf39604f7216dc3b3fee983d506be888,train
img_src_0373,img_src_0373_stego_lsb_matching_0.20.png,data/generated/images/img_src_0373_stego_lsb_matching_0.20.png,image,1,lsb_matching,0.2,3117c9d9b9ffbb76e7361c3d50d54d01f388507b1dee1f47697952564a5d78a5,train
img_src_0373,img_src_0373_stego_edge_adaptive_0.30.png,data/generated/images/img_src_0373_stego_edge_adaptive_0.30.png,image,1,edge_adaptive,0.3,71fef52b4ce668ce68d99f547d30c6b1f13bdbe638b56563ba97af1bf8d37c89,train
img_src_0374,img_src_0374_clean_01.png,data/generated/images/img_src_0374_clean_01.png,image,0,clean,0.0,5cef485170da0b33fff56c0fe71ceb41ca47fe96edef3526efbc1a631156a654,val
img_src_0374,img_src_0374_clean_02.png,data/generated/images/img_src_0374_clean_02.png,image,0,clean,0.0,5cef485170da0b33fff56c0fe71ceb41ca47fe96edef3526efbc1a631156a654,val
img_src_0374,img_src_0374_stego_edge_adaptive_0.30.png,data/generated/images/img_src_0374_stego_edge_adaptive_0.30.png,image,1,edge_adaptive,0.3,7673d696cccfb95f69ae1b7c3f9f969411d5ee420a027ae75c00b6e50fe7a6d3,val
img_src_0374,img_src_0374_stego_dct_ac_0.50.png,data/generated/images/img_src_0374_stego_dct_ac_0.50.png,image,1,dct_ac,0.5,90a017420e14ce2b236132f62624552926a8d82e2ba715c4c83a4b95a4041cbe,val
img_src_0375,img_src_0375_clean_01.png,data/generated/images/img_src_0375_clean_01.png,image,0,clean,0.0,708f84913c68e3bce6079980149fddd0154a880d7421881e59e94ed6acc8ec40,train
img_src_0375,img_src_0375_clean_02.png,data/generated/images/img_src_0375_clean_02.png,image,0,clean,0.0,708f84913c68e3bce6079980149fddd0154a880d7421881e59e94ed6acc8ec40,train
img_src_0375,img_src_0375_stego_dct_ac_0.50.png,data/generated/images/img_src_0375_stego_dct_ac_0.50.png,image,1,dct_ac,0.5,9de3fbe4469c4b5f80682320f7830c772d1b59ec675c0afa62580dc02ca7a02b,train
img_src_0375,img_src_0375_stego_lsb_replacement_0.10.png,data/generated/images/img_src_0375_stego_lsb_replacement_0.10.png,image,1,lsb_replacement,0.1,bf36c3e1aa635fedca69d857ce9681b4f171529d977134bf48ea98a0106b6a2a,train
img_src_0376,img_src_0376_clean_01.png,data/generated/images/img_src_0376_clean_01.png,image,0,clean,0.0,28cdd42c499a54862e72e12ee5e63a9bf38335516fbc640674fc7506abe0078f,train
img_src_0376,img_src_0376_clean_02.png,data/generated/images/img_src_0376_clean_02.png,image,0,clean,0.0,28cdd42c499a54862e72e12ee5e63a9bf38335516fbc640674fc7506abe0078f,train
img_src_0376,img_src_0376_stego_lsb_replacement_0.10.png,data/generated/images/img_src_0376_stego_lsb_replacement_0.10.png,image,1,lsb_replacement,0.1,91b235dfd925b90d7dfa1c092aad5d7471015b5f65f3a4a3bb01761ca24bbede,train
img_src_0376,img_src_0376_stego_lsb_matching_0.20.png,data/generated/images/img_src_0376_stego_lsb_matching_0.20.png,image,1,lsb_matching,0.2,13912ab8219372e2b616333325a43081b3421623a2834414e2f154b7b527342c,train
img_src_0377,img_src_0377_clean_01.png,data/generated/images/img_src_0377_clean_01.png,image,0,clean,0.0,106c2ff2894c3411fefe962a0eeb64517e44349b69589eb339b87d44db547b57,train
img_src_0377,img_src_0377_clean_02.png,data/generated/images/img_src_0377_clean_02.png,image,0,clean,0.0,106c2ff2894c3411fefe962a0eeb64517e44349b69589eb339b87d44db547b57,train
img_src_0377,img_src_0377_stego_lsb_matching_0.20.png,data/generated/images/img_src_0377_stego_lsb_matching_0.20.png,image,1,lsb_matching,0.2,edbe09d681add771d6eff58ffc5b1e23345b8cb1d7387fdd68bda248c4f5d2a5,train
img_src_0377,img_src_0377_stego_edge_adaptive_0.30.png,data/generated/images/img_src_0377_stego_edge_adaptive_0.30.png,image,1,edge_adaptive,0.3,be0e25ce4ba7ac394edeebec34604fe9f95849fc3eb638c1da3e553ed82c692a,train
img_src_0378,img_src_0378_clean_01.png,data/generated/images/img_src_0378_clean_01.png,image,0,clean,0.0,69e45d9e0253ad8b1bfec44b649687fd38b893081ef92c772747da8b6d3757c4,test
img_src_0378,img_src_0378_clean_02.png,data/generated/images/img_src_0378_clean_02.png,image,0,clean,0.0,69e45d9e0253ad8b1bfec44b649687fd38b893081ef92c772747da8b6d3757c4,test
img_src_0378,img_src_0378_stego_edge_adaptive_0.30.png,data/generated/images/img_src_0378_stego_edge_adaptive_0.30.png,image,1,edge_adaptive,0.3,482c795ba6b9da890a354d493e111895993f164336dc506c63841273a78a1cd5,test
img_src_0378,img_src_0378_stego_dct_ac_0.50.png,data/generated/images/img_src_0378_stego_dct_ac_0.50.png,image,1,dct_ac,0.5,308f0174396a17035ab52efcb739a2e5aa406eb98ddf52c761f888148eca242b,test
img_src_0379,img_src_0379_clean_01.png,data/generated/images/img_src_0379_clean_01.png,image,0,clean,0.0,b936dff5e0963ed9dd3ab9ebd93e437b3804fe5e0f58b447e6d3f08790b1079b,test
img_src_0379,img_src_0379_clean_02.png,data/generated/images/img_src_0379_clean_02.png,image,0,clean,0.0,b936dff5e0963ed9dd3ab9ebd93e437b3804fe5e0f58b447e6d3f08790b1079b,test
img_src_0379,img_src_0379_stego_dct_ac_0.50.png,data/generated/images/img_src_0379_stego_dct_ac_0.50.png,image,1,dct_ac,0.5,94c58c097e41d2939521968170d5fcc6e84f017722a92794c27bb593b6c22352,test
img_src_0379,img_src_0379_stego_lsb_replacement_0.10.png,data/generated/images/img_src_0379_stego_lsb_replacement_0.10.png,image,1,lsb_replacement,0.1,20d64930179f0c1a092244effff62a14aac01b3b90ec60a55a7c1e1b7eb5daab,test
img_src_0380,img_src_0380_clean_01.png,data/generated/images/img_src_0380_clean_01.png,image,0,clean,0.0,44571f9a025bce82f26eaba36996c3a75eaf3e4a3a6e4d06bdabdb349d5c8520,train
img_src_0380,img_src_0380_clean_02.png,data/generated/images/img_src_0380_clean_02.png,image,0,clean,0.0,44571f9a025bce82f26eaba36996c3a75eaf3e4a3a6e4d06bdabdb349d5c8520,train
img_src_0380,img_src_0380_stego_lsb_replacement_0.10.png,data/generated/images/img_src_0380_stego_lsb_replacement_0.10.png,image,1,lsb_replacement,0.1,46734c8623494b9091bc31a4c5ecd0031e46876b7eec2e1d3c7919dd5b013b3d,train
img_src_0380,img_src_0380_stego_lsb_matching_0.20.png,data/generated/images/img_src_0380_stego_lsb_matching_0.20.png,image,1,lsb_matching,0.2,65bfca769e2cda56d657d37d5dff90ac380991b183644a977ec919bff4f43d6b,train
img_src_0381,img_src_0381_clean_01.png,data/generated/images/img_src_0381_clean_01.png,image,0,clean,0.0,e61fd2489f37436657b2328556957e49d3221d284c4d6dc0030953f7ff544562,train
img_src_0381,img_src_0381_clean_02.png,data/generated/images/img_src_0381_clean_02.png,image,0,clean,0.0,e61fd2489f37436657b2328556957e49d3221d284c4d6dc0030953f7ff544562,train
img_src_0381,img_src_0381_stego_lsb_matching_0.20.png,data/generated/images/img_src_0381_stego_lsb_matching_0.20.png,image,1,lsb_matching,0.2,71d848c6b5cbd158c47d9fe89667c77f98d2e86c2d9c2ce88871fe459c84b132,train
img_src_0381,img_src_0381_stego_edge_adaptive_0.30.png,data/generated/images/img_src_0381_stego_edge_adaptive_0.30.png,image,1,edge_adaptive,0.3,11e1cecab6346cc66fc582ad884bc1ae1fd7d80b28c58173258f522b17730c12,train
img_src_0382,img_src_0382_clean_01.png,data/generated/images/img_src_0382_clean_01.png,image,0,clean,0.0,f9635ea20cc6bb70d663359c4cdcfa4272917c81c40bc1c1c6294086a79737ec,train
img_src_0382,img_src_0382_clean_02.png,data/generated/images/img_src_0382_clean_02.png,image,0,clean,0.0,f9635ea20cc6bb70d663359c4cdcfa4272917c81c40bc1c1c6294086a79737ec,train
img_src_0382,img_src_0382_stego_edge_adaptive_0.30.png,data/generated/images/img_src_0382_stego_edge_adaptive_0.30.png,image,1,edge_adaptive,0.3,23099771d295e62d59b27f7272959d5268a7b2b8a6fe9711c8a1ee7ae353751e,train
img_src_0382,img_src_0382_stego_dct_ac_0.50.png,data/generated/images/img_src_0382_stego_dct_ac_0.50.png,image,1,dct_ac,0.5,e3cb5a4462cf9518c8d2302f6274ae560b543d4e0a00a5ccc96740fa627f3e44,train
img_src_0383,img_src_0383_clean_01.png,data/generated/images/img_src_0383_clean_01.png,image,0,clean,0.0,79cda016b69b3ba16aa475107a441142befd18f82635a01e09fda37661d8df5a,train
img_src_0383,img_src_0383_clean_02.png,data/generated/images/img_src_0383_clean_02.png,image,0,clean,0.0,79cda016b69b3ba16aa475107a441142befd18f82635a01e09fda37661d8df5a,train
img_src_0383,img_src_0383_stego_dct_ac_0.50.png,data/generated/images/img_src_0383_stego_dct_ac_0.50.png,image,1,dct_ac,0.5,2803deb474c0b49a2d6f0214b729020ebf0a0ccee6c556033c31f6f1811d7f55,train
img_src_0383,img_src_0383_stego_lsb_replacement_0.10.png,data/generated/images/img_src_0383_stego_lsb_replacement_0.10.png,image,1,lsb_replacement,0.1,673d6c7f2d9a8ceb6ceb7c55d3ee369b65a0978f69c3245716655e5d47253d0d,train
img_src_0384,img_src_0384_clean_01.png,data/generated/images/img_src_0384_clean_01.png,image,0,clean,0.0,a7dfd3c4162d857a4990b759ebad74fc25940cdc14b0fc7e94d3afc613e988da,test
img_src_0384,img_src_0384_clean_02.png,data/generated/images/img_src_0384_clean_02.png,image,0,clean,0.0,a7dfd3c4162d857a4990b759ebad74fc25940cdc14b0fc7e94d3afc613e988da,test
img_src_0384,img_src_0384_stego_lsb_replacement_0.10.png,data/generated/images/img_src_0384_stego_lsb_replacement_0.10.png,image,1,lsb_replacement,0.1,7e5ed30b8f95228f895bdf3ce57353122952221c51b0dc00f5fe8ac73908154a,test
img_src_0384,img_src_0384_stego_lsb_matching_0.20.png,data/generated/images/img_src_0384_stego_lsb_matching_0.20.png,image,1,lsb_matching,0.2,aa6b6f16b27c7485be317abb697970f4d8d81a846a9978a0d6c33b497ce02398,test
img_src_0385,img_src_0385_clean_01.png,data/generated/images/img_src_0385_clean_01.png,image,0,clean,0.0,c811c663094f6d44fea0101fcd359f7d7107dec324df815cdd41ab25c40083b1,test
img_src_0385,img_src_0385_clean_02.png,data/generated/images/img_src_0385_clean_02.png,image,0,clean,0.0,c811c663094f6d44fea0101fcd359f7d7107dec324df815cdd41ab25c40083b1,test
img_src_0385,img_src_0385_stego_lsb_matching_0.20.png,data/generated/images/img_src_0385_stego_lsb_matching_0.20.png,image,1,lsb_matching,0.2,11b0f8b8c6c9aa0f1efac46f23cd438efc3a431647416414cc029d91000a252d,test
img_src_0385,img_src_0385_stego_edge_adaptive_0.30.png,data/generated/images/img_src_0385_stego_edge_adaptive_0.30.png,image,1,edge_adaptive,0.3,424e3885a5917299dd1c5c053c8679b36d10103c3c5911bde666f56f546bd7c3,test
img_src_0386,img_src_0386_clean_01.png,data/generated/images/img_src_0386_clean_01.png,image,0,clean,0.0,0c7b5c75fe81371eacd890711904a71ef6f10e848806ce98982a4042b7c9a17d,train
img_src_0386,img_src_0386_clean_02.png,data/generated/images/img_src_0386_clean_02.png,image,0,clean,0.0,0c7b5c75fe81371eacd890711904a71ef6f10e848806ce98982a4042b7c9a17d,train
img_src_0386,img_src_0386_stego_edge_adaptive_0.30.png,data/generated/images/img_src_0386_stego_edge_adaptive_0.30.png,image,1,edge_adaptive,0.3,4d23d1ef4ab6b42f669e5672eb804143b045185ebd6854dc79bcdea721abd265,train
img_src_0386,img_src_0386_stego_dct_ac_0.50.png,data/generated/images/img_src_0386_stego_dct_ac_0.50.png,image,1,dct_ac,0.5,4dad852180f49eaf2280bf0435848fb73b4c119963a9453d839c2a9713f246d8,train
img_src_0387,img_src_0387_clean_01.png,data/generated/images/img_src_0387_clean_01.png,image,0,clean,0.0,044e9211e365412c4288e8c1f746907f0036204f5284f4844ee05ec873b4d9e5,test
img_src_0387,img_src_0387_clean_02.png,data/generated/images/img_src_0387_clean_02.png,image,0,clean,0.0,044e9211e365412c4288e8c1f746907f0036204f5284f4844ee05ec873b4d9e5,test
img_src_0387,img_src_0387_stego_dct_ac_0.50.png,data/generated/images/img_src_0387_stego_dct_ac_0.50.png,image,1,dct_ac,0.5,e12456965b36cd35ed0e356f1fed404a007563dbe51dfc754783b8867b689168,test
img_src_0387,img_src_0387_stego_lsb_replacement_0.10.png,data/generated/images/img_src_0387_stego_lsb_replacement_0.10.png,image,1,lsb_replacement,0.1,31c8b5d75fd50d3ad1ef050c4449439f073f7fd6a23f262614d9415220f9785f,test
img_src_0388,img_src_0388_clean_01.png,data/generated/images/img_src_0388_clean_01.png,image,0,clean,0.0,7ebbb28c6bfba0bb245d14e0d9dfc62ee27fbb7ab6c8c43fb621368193c81903,train
img_src_0388,img_src_0388_clean_02.png,data/generated/images/img_src_0388_clean_02.png,image,0,clean,0.0,7ebbb28c6bfba0bb245d14e0d9dfc62ee27fbb7ab6c8c43fb621368193c81903,train
img_src_0388,img_src_0388_stego_lsb_replacement_0.10.png,data/generated/images/img_src_0388_stego_lsb_replacement_0.10.png,image,1,lsb_replacement,0.1,6fab1bb85f8233f3419e7fb31a1f8937037f3acf1552f89a59d40e643a6d9960,train
img_src_0388,img_src_0388_stego_lsb_matching_0.20.png,data/generated/images/img_src_0388_stego_lsb_matching_0.20.png,image,1,lsb_matching,0.2,75866cade4be6cd6115346386247eca451877ce3b5f05cdfce71a9778482b701,train
img_src_0389,img_src_0389_clean_01.png,data/generated/images/img_src_0389_clean_01.png,image,0,clean,0.0,27145573557a65a5a3d7035afffaa15f2bc9555c0d1197b27158c587de9d4889,train
img_src_0389,img_src_0389_clean_02.png,data/generated/images/img_src_0389_clean_02.png,image,0,clean,0.0,27145573557a65a5a3d7035afffaa15f2bc9555c0d1197b27158c587de9d4889,train
img_src_0389,img_src_0389_stego_lsb_matching_0.20.png,data/generated/images/img_src_0389_stego_lsb_matching_0.20.png,image,1,lsb_matching,0.2,a24133fdccb248c8cd760026ac52c2dfa50c65f0be64a6e4b7a978f639b69454,train
img_src_0389,img_src_0389_stego_edge_adaptive_0.30.png,data/generated/images/img_src_0389_stego_edge_adaptive_0.30.png,image,1,edge_adaptive,0.3,6ed3091a04bab6de23bd8425f067ce927ddaf7bcc783bc462fdbed17361dd341,train
img_src_0390,img_src_0390_clean_01.png,data/generated/images/img_src_0390_clean_01.png,image,0,clean,0.0,bf8f969dda2f42675608bfdeb0c7fc69e4c321790102709a45faec8104adc545,train
img_src_0390,img_src_0390_clean_02.png,data/generated/images/img_src_0390_clean_02.png,image,0,clean,0.0,bf8f969dda2f42675608bfdeb0c7fc69e4c321790102709a45faec8104adc545,train
img_src_0390,img_src_0390_stego_edge_adaptive_0.30.png,data/generated/images/img_src_0390_stego_edge_adaptive_0.30.png,image,1,edge_adaptive,0.3,c11a43324fa7fb98695787b6184f04675e821df02618eb75f727178c7f8ebe2a,train
img_src_0390,img_src_0390_stego_dct_ac_0.50.png,data/generated/images/img_src_0390_stego_dct_ac_0.50.png,image,1,dct_ac,0.5,d1194edfb2bfdf08b74af9841924ca43a8565fbe901b780035c4e449420e5339,train
img_src_0391,img_src_0391_clean_01.png,data/generated/images/img_src_0391_clean_01.png,image,0,clean,0.0,0847f6677849ee363e52c94f6564aa794a6dc872b2b72da9efacc7680cf35e9d,test
img_src_0391,img_src_0391_clean_02.png,data/generated/images/img_src_0391_clean_02.png,image,0,clean,0.0,0847f6677849ee363e52c94f6564aa794a6dc872b2b72da9efacc7680cf35e9d,test
img_src_0391,img_src_0391_stego_dct_ac_0.50.png,data/generated/images/img_src_0391_stego_dct_ac_0.50.png,image,1,dct_ac,0.5,840d27962bff829f476c8e0b59c127c69b09d29f91b9d068e105be85257b068c,test
img_src_0391,img_src_0391_stego_lsb_replacement_0.10.png,data/generated/images/img_src_0391_stego_lsb_replacement_0.10.png,image,1,lsb_replacement,0.1,f6b3e14ea0a535008b27b42d03a96e0bca5da6682ce7363c30363425c4c6feb7,test
img_src_0392,img_src_0392_clean_01.png,data/generated/images/img_src_0392_clean_01.png,image,0,clean,0.0,8fae61b7d5c07832f6c80c665f5e334e4f31ba3c02855c375c3c6fdda0ef516d,test
img_src_0392,img_src_0392_clean_02.png,data/generated/images/img_src_0392_clean_02.png,image,0,clean,0.0,8fae61b7d5c07832f6c80c665f5e334e4f31ba3c02855c375c3c6fdda0ef516d,test
img_src_0392,img_src_0392_stego_lsb_replacement_0.10.png,data/generated/images/img_src_0392_stego_lsb_replacement_0.10.png,image,1,lsb_replacement,0.1,9f72a5db4f5d9dc71e6567baca617dea26d9eb975d1aee482286b55c58ea6365,test
img_src_0392,img_src_0392_stego_lsb_matching_0.20.png,data/generated/images/img_src_0392_stego_lsb_matching_0.20.png,image,1,lsb_matching,0.2,baaf6bee83eab47a2034dbfc1d135ad77242ad7c6319db7f999a0db9dd6db1ab,test
img_src_0393,img_src_0393_clean_01.png,data/generated/images/img_src_0393_clean_01.png,image,0,clean,0.0,228467e7d459970f19cc4a94935c15f9a8914c654ed46a432671903c1d0b794e,train
img_src_0393,img_src_0393_clean_02.png,data/generated/images/img_src_0393_clean_02.png,image,0,clean,0.0,228467e7d459970f19cc4a94935c15f9a8914c654ed46a432671903c1d0b794e,train
img_src_0393,img_src_0393_stego_lsb_matching_0.20.png,data/generated/images/img_src_0393_stego_lsb_matching_0.20.png,image,1,lsb_matching,0.2,d46ea6e4a163798566f5c2297b8fb0f844449b20c8221aae069daef6795eb20e,train
img_src_0393,img_src_0393_stego_edge_adaptive_0.30.png,data/generated/images/img_src_0393_stego_edge_adaptive_0.30.png,image,1,edge_adaptive,0.3,67be1dde1a24c84fd4286e0eab9d2252b9a298ae74a32d900d73abb22c2511e8,train
img_src_0394,img_src_0394_clean_01.png,data/generated/images/img_src_0394_clean_01.png,image,0,clean,0.0,44b3d337f97ca8a8326db7cc7c9c43b0973e17464bf799761d00f3a80369b81d,train
img_src_0394,img_src_0394_clean_02.png,data/generated/images/img_src_0394_clean_02.png,image,0,clean,0.0,44b3d337f97ca8a8326db7cc7c9c43b0973e17464bf799761d00f3a80369b81d,train
img_src_0394,img_src_0394_stego_edge_adaptive_0.30.png,data/generated/images/img_src_0394_stego_edge_adaptive_0.30.png,image,1,edge_adaptive,0.3,fc879260f8ab0fecd0af0c647bbafb2600d5318cd8a44599692ce87e9d69eb9f,train
img_src_0394,img_src_0394_stego_dct_ac_0.50.png,data/generated/images/img_src_0394_stego_dct_ac_0.50.png,image,1,dct_ac,0.5,fe7cf1c10e00b03225860a19e12957a44081ef28839627c9172d90dcef88d23d,train
img_src_0395,img_src_0395_clean_01.png,data/generated/images/img_src_0395_clean_01.png,image,0,clean,0.0,c936dbea4dcfe9f7f6cc602c8d49b78e06fcd41d281a55b12ca810fba8cb69da,train
img_src_0395,img_src_0395_clean_02.png,data/generated/images/img_src_0395_clean_02.png,image,0,clean,0.0,c936dbea4dcfe9f7f6cc602c8d49b78e06fcd41d281a55b12ca810fba8cb69da,train
img_src_0395,img_src_0395_stego_dct_ac_0.50.png,data/generated/images/img_src_0395_stego_dct_ac_0.50.png,image,1,dct_ac,0.5,96a0ef23abdc5682a795c3a58e9da09835a6dfd259af5bc23c3a4513aec16022,train
img_src_0395,img_src_0395_stego_lsb_replacement_0.10.png,data/generated/images/img_src_0395_stego_lsb_replacement_0.10.png,image,1,lsb_replacement,0.1,64067afcb71bf1a0ab129cc0e409a485d8beaab5ad12ec38ecf70cf1bdbc6fd7,train
img_src_0396,img_src_0396_clean_01.png,data/generated/images/img_src_0396_clean_01.png,image,0,clean,0.0,902c97eb979e6bc1d0d7d1853eeaafbd88af9ee6fd8170a17346561aeae1e451,train
img_src_0396,img_src_0396_clean_02.png,data/generated/images/img_src_0396_clean_02.png,image,0,clean,0.0,902c97eb979e6bc1d0d7d1853eeaafbd88af9ee6fd8170a17346561aeae1e451,train
img_src_0396,img_src_0396_stego_lsb_replacement_0.10.png,data/generated/images/img_src_0396_stego_lsb_replacement_0.10.png,image,1,lsb_replacement,0.1,73705575dc062398fe2a2053f3861d2f777f09fe69f8af64bef74348fce985e3,train
img_src_0396,img_src_0396_stego_lsb_matching_0.20.png,data/generated/images/img_src_0396_stego_lsb_matching_0.20.png,image,1,lsb_matching,0.2,93eeee4747213047431eb6512ae3d767b1348e658bf9c6d597f6ba3868a18dec,train
img_src_0397,img_src_0397_clean_01.png,data/generated/images/img_src_0397_clean_01.png,image,0,clean,0.0,de5cc6e6b2df5111296aaf733cb2cebbeebc6ed6234b694537da12beef175a51,test
img_src_0397,img_src_0397_clean_02.png,data/generated/images/img_src_0397_clean_02.png,image,0,clean,0.0,de5cc6e6b2df5111296aaf733cb2cebbeebc6ed6234b694537da12beef175a51,test
img_src_0397,img_src_0397_stego_lsb_matching_0.20.png,data/generated/images/img_src_0397_stego_lsb_matching_0.20.png,image,1,lsb_matching,0.2,07dce6e0adea10dfc9f78f4ea43baedd792407b3850554cb0a36f18a6db6e618,test
img_src_0397,img_src_0397_stego_edge_adaptive_0.30.png,data/generated/images/img_src_0397_stego_edge_adaptive_0.30.png,image,1,edge_adaptive,0.3,a1b1d039f44873f246c7cb1bbb94ff4afad44e5b036776583f6807138e61a7ee,test
img_src_0398,img_src_0398_clean_01.png,data/generated/images/img_src_0398_clean_01.png,image,0,clean,0.0,eb26259733005d076f19c1facb4dec814f1b7fe5df9cf9c0cbca456444dddaf4,train
img_src_0398,img_src_0398_clean_02.png,data/generated/images/img_src_0398_clean_02.png,image,0,clean,0.0,eb26259733005d076f19c1facb4dec814f1b7fe5df9cf9c0cbca456444dddaf4,train
img_src_0398,img_src_0398_stego_edge_adaptive_0.30.png,data/generated/images/img_src_0398_stego_edge_adaptive_0.30.png,image,1,edge_adaptive,0.3,f09ff1ba5c81215d0be4b58661d740aa20e2a3d5809a53a523bc5b0e33d65eb0,train
img_src_0398,img_src_0398_stego_dct_ac_0.50.png,data/generated/images/img_src_0398_stego_dct_ac_0.50.png,image,1,dct_ac,0.5,fb76e519ecac72629b877e118ba0add078eaf10ed9248602447234eaea20de62,train
img_src_0399,img_src_0399_clean_01.png,data/generated/images/img_src_0399_clean_01.png,image,0,clean,0.0,8dd0dd38d6c599c15e6ebb867988a1320cf168091c47c8d106d17b938102d169,train
img_src_0399,img_src_0399_clean_02.png,data/generated/images/img_src_0399_clean_02.png,image,0,clean,0.0,8dd0dd38d6c599c15e6ebb867988a1320cf168091c47c8d106d17b938102d169,train
img_src_0399,img_src_0399_stego_dct_ac_0.50.png,data/generated/images/img_src_0399_stego_dct_ac_0.50.png,image,1,dct_ac,0.5,3624ee165bf7096bb2082b3c4789a21d8602e6b5510f3342adebde253a06cac1,train
img_src_0399,img_src_0399_stego_lsb_replacement_0.10.png,data/generated/images/img_src_0399_stego_lsb_replacement_0.10.png,image,1,lsb_replacement,0.1,64a2586e88868a223ad19e28ba74f1bf73f75409699b296954fcc7fb8206fdc1,train
img_src_0400,img_src_0400_clean_01.png,data/generated/images/img_src_0400_clean_01.png,image,0,clean,0.0,61623464d4cc4ecb2e0ce4d70ac717bfce153e63e34c0bd89a83e7f78dfe95c9,test
img_src_0400,img_src_0400_clean_02.png,data/generated/images/img_src_0400_clean_02.png,image,0,clean,0.0,61623464d4cc4ecb2e0ce4d70ac717bfce153e63e34c0bd89a83e7f78dfe95c9,test
img_src_0400,img_src_0400_stego_lsb_replacement_0.10.png,data/generated/images/img_src_0400_stego_lsb_replacement_0.10.png,image,1,lsb_replacement,0.1,c9c3d103423b09d8f2b01ad594ae2433775ed8d7c81412fc74927533ab62b9fd,test
img_src_0400,img_src_0400_stego_lsb_matching_0.20.png,data/generated/images/img_src_0400_stego_lsb_matching_0.20.png,image,1,lsb_matching,0.2,9974314777e33028195c2076701b4840057c2361e60a6335018c0c2dbb7a40c6,test
img_src_0401,img_src_0401_clean_01.png,data/generated/images/img_src_0401_clean_01.png,image,0,clean,0.0,340c2a9a77d8f94e5c5e1fe70745cbe940a0bc25a0153aa1b0cb9a1e1fd4a215,test
img_src_0401,img_src_0401_clean_02.png,data/generated/images/img_src_0401_clean_02.png,image,0,clean,0.0,340c2a9a77d8f94e5c5e1fe70745cbe940a0bc25a0153aa1b0cb9a1e1fd4a215,test
img_src_0401,img_src_0401_stego_lsb_matching_0.20.png,data/generated/images/img_src_0401_stego_lsb_matching_0.20.png,image,1,lsb_matching,0.2,4b8ca68445c9c57b257206e8a654e06caab110309dd68c3ff1dafd0d50e068f4,test
img_src_0401,img_src_0401_stego_edge_adaptive_0.30.png,data/generated/images/img_src_0401_stego_edge_adaptive_0.30.png,image,1,edge_adaptive,0.3,27095f41a936d1af8585c58204ed83f3b5445a0f7a68feba21a7adac641fe576,test
img_src_0402,img_src_0402_clean_01.png,data/generated/images/img_src_0402_clean_01.png,image,0,clean,0.0,702a76f62f3be5a941817f44a7ccbc9d2f83d745bdd2d9e464856ca26f093218,test
img_src_0402,img_src_0402_clean_02.png,data/generated/images/img_src_0402_clean_02.png,image,0,clean,0.0,702a76f62f3be5a941817f44a7ccbc9d2f83d745bdd2d9e464856ca26f093218,test
img_src_0402,img_src_0402_stego_edge_adaptive_0.30.png,data/generated/images/img_src_0402_stego_edge_adaptive_0.30.png,image,1,edge_adaptive,0.3,5efafdf06871496be9f652fb4014e8dd1a743a721140296d3c21c431475a4964,test
img_src_0402,img_src_0402_stego_dct_ac_0.50.png,data/generated/images/img_src_0402_stego_dct_ac_0.50.png,image,1,dct_ac,0.5,3459fc2cfa5db4e9b6d48d2844d0aaedf2962e13f3ad80953ce35b0043d4a733,test
img_src_0403,img_src_0403_clean_01.png,data/generated/images/img_src_0403_clean_01.png,image,0,clean,0.0,ae7a6c6855e25c11a99963a1f6ef8b66534d2e2936c2991b08e9c16ea36568dd,val
img_src_0403,img_src_0403_clean_02.png,data/generated/images/img_src_0403_clean_02.png,image,0,clean,0.0,ae7a6c6855e25c11a99963a1f6ef8b66534d2e2936c2991b08e9c16ea36568dd,val
img_src_0403,img_src_0403_stego_dct_ac_0.50.png,data/generated/images/img_src_0403_stego_dct_ac_0.50.png,image,1,dct_ac,0.5,eee5129474ab6dac69fa352f2a91e27895c7e862d4c3d21f2ba27ef601f641c7,val
img_src_0403,img_src_0403_stego_lsb_replacement_0.10.png,data/generated/images/img_src_0403_stego_lsb_replacement_0.10.png,image,1,lsb_replacement,0.1,6e0be59b27f9fd66b877e194f6d8753d7b098e6184bfcb4d8b1cccd2d56b8054,val
img_src_0404,img_src_0404_clean_01.png,data/generated/images/img_src_0404_clean_01.png,image,0,clean,0.0,d165de2219891b714f5d1680645f0afd1c54692c9ba872014a59f0d268faa824,train
img_src_0404,img_src_0404_clean_02.png,data/generated/images/img_src_0404_clean_02.png,image,0,clean,0.0,d165de2219891b714f5d1680645f0afd1c54692c9ba872014a59f0d268faa824,train
img_src_0404,img_src_0404_stego_lsb_replacement_0.10.png,data/generated/images/img_src_0404_stego_lsb_replacement_0.10.png,image,1,lsb_replacement,0.1,8316622a96784bf0c39e2b031299f74bc703ffb9939bfb53acc0bb785c62897d,train
img_src_0404,img_src_0404_stego_lsb_matching_0.20.png,data/generated/images/img_src_0404_stego_lsb_matching_0.20.png,image,1,lsb_matching,0.2,885e0b6c2cee87638dcd3863056f6e11d008e5d602a7b99070cb5b85180ba7f3,train
img_src_0405,img_src_0405_clean_01.png,data/generated/images/img_src_0405_clean_01.png,image,0,clean,0.0,dd0b74e83c6e5e53509fb660e87ff70fc3c2fc5af5e9e51cc83775f6068bded2,train
img_src_0405,img_src_0405_clean_02.png,data/generated/images/img_src_0405_clean_02.png,image,0,clean,0.0,dd0b74e83c6e5e53509fb660e87ff70fc3c2fc5af5e9e51cc83775f6068bded2,train
img_src_0405,img_src_0405_stego_lsb_matching_0.20.png,data/generated/images/img_src_0405_stego_lsb_matching_0.20.png,image,1,lsb_matching,0.2,1d7d5a63458ee4ffa653927f5b132595a2a9e16de59dd368c85a26f232d098d7,train
img_src_0405,img_src_0405_stego_edge_adaptive_0.30.png,data/generated/images/img_src_0405_stego_edge_adaptive_0.30.png,image,1,edge_adaptive,0.3,fa33f3de99801fe01880bd9974a2a2da0c95717663ee0ab1c1db181a875c03c3,train
img_src_0406,img_src_0406_clean_01.png,data/generated/images/img_src_0406_clean_01.png,image,0,clean,0.0,23c254c3b78a61d353d34818a4a85ac1f5c4154848f869fd25888f87ef85a548,test
img_src_0406,img_src_0406_clean_02.png,data/generated/images/img_src_0406_clean_02.png,image,0,clean,0.0,23c254c3b78a61d353d34818a4a85ac1f5c4154848f869fd25888f87ef85a548,test
img_src_0406,img_src_0406_stego_edge_adaptive_0.30.png,data/generated/images/img_src_0406_stego_edge_adaptive_0.30.png,image,1,edge_adaptive,0.3,a71bb49b0463e14db11fe9afb3f17693f65d0b717056aee2037066a5888145c5,test
img_src_0406,img_src_0406_stego_dct_ac_0.50.png,data/generated/images/img_src_0406_stego_dct_ac_0.50.png,image,1,dct_ac,0.5,97021ea04c03e82c28750b293fbed75977beacd6ccc057b21c051e786017637c,test
img_src_0407,img_src_0407_clean_01.png,data/generated/images/img_src_0407_clean_01.png,image,0,clean,0.0,b51fd65ccb2492396f31f31f9971d69b0ebcfbb4d55e44c3bcb0b98e2dbf88f9,train
img_src_0407,img_src_0407_clean_02.png,data/generated/images/img_src_0407_clean_02.png,image,0,clean,0.0,b51fd65ccb2492396f31f31f9971d69b0ebcfbb4d55e44c3bcb0b98e2dbf88f9,train
img_src_0407,img_src_0407_stego_dct_ac_0.50.png,data/generated/images/img_src_0407_stego_dct_ac_0.50.png,image,1,dct_ac,0.5,0db0baaad6f293ef31ad7cc22aa9bcf3f3989aa646247a0692f1dcd498c050a2,train
img_src_0407,img_src_0407_stego_lsb_replacement_0.10.png,data/generated/images/img_src_0407_stego_lsb_replacement_0.10.png,image,1,lsb_replacement,0.1,f3e9642fa50c1b508098aee72928eac0f3826911eb1a993b79ee19a09e03230f,train
img_src_0408,img_src_0408_clean_01.png,data/generated/images/img_src_0408_clean_01.png,image,0,clean,0.0,7353314368823636fba2129715d2130058c373340f7aedfa4d2d424938b9281f,train
img_src_0408,img_src_0408_clean_02.png,data/generated/images/img_src_0408_clean_02.png,image,0,clean,0.0,7353314368823636fba2129715d2130058c373340f7aedfa4d2d424938b9281f,train
img_src_0408,img_src_0408_stego_lsb_replacement_0.10.png,data/generated/images/img_src_0408_stego_lsb_replacement_0.10.png,image,1,lsb_replacement,0.1,51c8c54ff1503fbc0a294022c61ccf3d336007854b85faca049ae375652d99cb,train
img_src_0408,img_src_0408_stego_lsb_matching_0.20.png,data/generated/images/img_src_0408_stego_lsb_matching_0.20.png,image,1,lsb_matching,0.2,8e5eb8266a496dc68fe58a960e660611888dfabc2caa85e492eb6fa983fe2bb0,train
img_src_0409,img_src_0409_clean_01.png,data/generated/images/img_src_0409_clean_01.png,image,0,clean,0.0,1ecfbc2fbf7c431c90a748a5b772287d8b7ed77242c78fc07dd4566462b67ed1,train
img_src_0409,img_src_0409_clean_02.png,data/generated/images/img_src_0409_clean_02.png,image,0,clean,0.0,1ecfbc2fbf7c431c90a748a5b772287d8b7ed77242c78fc07dd4566462b67ed1,train
img_src_0409,img_src_0409_stego_lsb_matching_0.20.png,data/generated/images/img_src_0409_stego_lsb_matching_0.20.png,image,1,lsb_matching,0.2,60372608dfce3be0c0b4a71e050c9079f23e8685a06204fe3c4b5af58e92a240,train
img_src_0409,img_src_0409_stego_edge_adaptive_0.30.png,data/generated/images/img_src_0409_stego_edge_adaptive_0.30.png,image,1,edge_adaptive,0.3,a9634b77780fb6230a72cd8e3e5a253d1c542872ea9a7905d653c921cf812564,train
img_src_0410,img_src_0410_clean_01.png,data/generated/images/img_src_0410_clean_01.png,image,0,clean,0.0,767b679dd023ef3642f541ef12dc40226a5f821dfb776e17ac333e8c9867ff67,train
img_src_0410,img_src_0410_clean_02.png,data/generated/images/img_src_0410_clean_02.png,image,0,clean,0.0,767b679dd023ef3642f541ef12dc40226a5f821dfb776e17ac333e8c9867ff67,train
img_src_0410,img_src_0410_stego_edge_adaptive_0.30.png,data/generated/images/img_src_0410_stego_edge_adaptive_0.30.png,image,1,edge_adaptive,0.3,3d2f031e01f7f0769ba039b8c0cbe6ef2754d76c9c3ee3a3f1021b2dbcc80fde,train
img_src_0410,img_src_0410_stego_dct_ac_0.50.png,data/generated/images/img_src_0410_stego_dct_ac_0.50.png,image,1,dct_ac,0.5,5bb977d203307f47e00a5962554c9ab3200ad23459ceecd7063bbec8ecb328a4,train
img_src_0411,img_src_0411_clean_01.png,data/generated/images/img_src_0411_clean_01.png,image,0,clean,0.0,2c89ff4dac885d5a829acd55451495bd08d56a8ee8af2915a73838a4e431cce6,train
img_src_0411,img_src_0411_clean_02.png,data/generated/images/img_src_0411_clean_02.png,image,0,clean,0.0,2c89ff4dac885d5a829acd55451495bd08d56a8ee8af2915a73838a4e431cce6,train
img_src_0411,img_src_0411_stego_dct_ac_0.50.png,data/generated/images/img_src_0411_stego_dct_ac_0.50.png,image,1,dct_ac,0.5,aea18eab623f3ab0cc81eb39293c750160ebd361de3870e1c72086e445a3f965,train
img_src_0411,img_src_0411_stego_lsb_replacement_0.10.png,data/generated/images/img_src_0411_stego_lsb_replacement_0.10.png,image,1,lsb_replacement,0.1,784371e43bd65ae2d1aa8d5d271d380495f7c166d1e2600f25cc42adbd47f4ad,train
img_src_0412,img_src_0412_clean_01.png,data/generated/images/img_src_0412_clean_01.png,image,0,clean,0.0,2dc4a4cdc4b2696079ef51b846116c873d85ebd513e0f0fb3780d2b6f5b5becd,train
img_src_0412,img_src_0412_clean_02.png,data/generated/images/img_src_0412_clean_02.png,image,0,clean,0.0,2dc4a4cdc4b2696079ef51b846116c873d85ebd513e0f0fb3780d2b6f5b5becd,train
img_src_0412,img_src_0412_stego_lsb_replacement_0.10.png,data/generated/images/img_src_0412_stego_lsb_replacement_0.10.png,image,1,lsb_replacement,0.1,1d3b1574aaf913720a8516bd5496ce609c42121b1d1fcef03ef418a0fe3e0bfe,train
img_src_0412,img_src_0412_stego_lsb_matching_0.20.png,data/generated/images/img_src_0412_stego_lsb_matching_0.20.png,image,1,lsb_matching,0.2,dd0c453827ace04bee380334ee770f93962ddacc1c78c9b3ae6b0258ae36576b,train
img_src_0413,img_src_0413_clean_01.png,data/generated/images/img_src_0413_clean_01.png,image,0,clean,0.0,32bb2bcd7617833e50c0f862e80d52f89c4a3ee02456014a09003487b6288706,train
img_src_0413,img_src_0413_clean_02.png,data/generated/images/img_src_0413_clean_02.png,image,0,clean,0.0,32bb2bcd7617833e50c0f862e80d52f89c4a3ee02456014a09003487b6288706,train
img_src_0413,img_src_0413_stego_lsb_matching_0.20.png,data/generated/images/img_src_0413_stego_lsb_matching_0.20.png,image,1,lsb_matching,0.2,d857d6108f4ee14ac10c95003ec1471c810a4fe259a49a0af32d539850feac4a,train
img_src_0413,img_src_0413_stego_edge_adaptive_0.30.png,data/generated/images/img_src_0413_stego_edge_adaptive_0.30.png,image,1,edge_adaptive,0.3,15faa7e13a5d1895a5437aa016c5163b2f7b9181be4d71714987be8e99286bf4,train
img_src_0414,img_src_0414_clean_01.png,data/generated/images/img_src_0414_clean_01.png,image,0,clean,0.0,873fa142e33f26abc00aa2a86edf030a7f5a239a13f522fa350917cee818d13a,val
img_src_0414,img_src_0414_clean_02.png,data/generated/images/img_src_0414_clean_02.png,image,0,clean,0.0,873fa142e33f26abc00aa2a86edf030a7f5a239a13f522fa350917cee818d13a,val
img_src_0414,img_src_0414_stego_edge_adaptive_0.30.png,data/generated/images/img_src_0414_stego_edge_adaptive_0.30.png,image,1,edge_adaptive,0.3,b1ba014798a42cf25dc01ff6037eeceed2e1cb1e418105230db2e7d44bc5cf11,val
img_src_0414,img_src_0414_stego_dct_ac_0.50.png,data/generated/images/img_src_0414_stego_dct_ac_0.50.png,image,1,dct_ac,0.5,5df8ac8604a0e441490b22ee12bb696f073abe03aa89c36475f3e177e5b5c8cf,val
img_src_0415,img_src_0415_clean_01.png,data/generated/images/img_src_0415_clean_01.png,image,0,clean,0.0,777166ca0b1732de06bd3a598ac02f09e6bd9f42c867597c65043a995ee085cb,test
img_src_0415,img_src_0415_clean_02.png,data/generated/images/img_src_0415_clean_02.png,image,0,clean,0.0,777166ca0b1732de06bd3a598ac02f09e6bd9f42c867597c65043a995ee085cb,test
img_src_0415,img_src_0415_stego_dct_ac_0.50.png,data/generated/images/img_src_0415_stego_dct_ac_0.50.png,image,1,dct_ac,0.5,24bff657fd01fd2f7b87fa1fbbf682e23e3442433e955742dcd78119cc483c03,test
img_src_0415,img_src_0415_stego_lsb_replacement_0.10.png,data/generated/images/img_src_0415_stego_lsb_replacement_0.10.png,image,1,lsb_replacement,0.1,8233eb8b03d0985d701d6dd81ddcc716665fff8b04f80636804ff8a47d084489,test
img_src_0416,img_src_0416_clean_01.png,data/generated/images/img_src_0416_clean_01.png,image,0,clean,0.0,7265b440e122f2950eac77613e7f204150ea62ff5f776392875a724067a2b885,train
img_src_0416,img_src_0416_clean_02.png,data/generated/images/img_src_0416_clean_02.png,image,0,clean,0.0,7265b440e122f2950eac77613e7f204150ea62ff5f776392875a724067a2b885,train
img_src_0416,img_src_0416_stego_lsb_replacement_0.10.png,data/generated/images/img_src_0416_stego_lsb_replacement_0.10.png,image,1,lsb_replacement,0.1,4ae4cb347eab5ff3ec43420546782532c4724011679fb5c6c7c99b417c2d5551,train
img_src_0416,img_src_0416_stego_lsb_matching_0.20.png,data/generated/images/img_src_0416_stego_lsb_matching_0.20.png,image,1,lsb_matching,0.2,86a6c385983ba0d5d458672d8b857228cad0da93cdae2a657a2172217487ac40,train
img_src_0417,img_src_0417_clean_01.png,data/generated/images/img_src_0417_clean_01.png,image,0,clean,0.0,b6c9b9f0269d382ca6adcfc4cebfce1f04d126fcb54951278ba8d8e3336473db,train
img_src_0417,img_src_0417_clean_02.png,data/generated/images/img_src_0417_clean_02.png,image,0,clean,0.0,b6c9b9f0269d382ca6adcfc4cebfce1f04d126fcb54951278ba8d8e3336473db,train
img_src_0417,img_src_0417_stego_lsb_matching_0.20.png,data/generated/images/img_src_0417_stego_lsb_matching_0.20.png,image,1,lsb_matching,0.2,50680165614ffab65859357afb3d96ce1f21b153a1c77e7c2e1caa45adcd5a49,train
img_src_0417,img_src_0417_stego_edge_adaptive_0.30.png,data/generated/images/img_src_0417_stego_edge_adaptive_0.30.png,image,1,edge_adaptive,0.3,4ddfc5fd276b18edbe3047757c8331359be451266ceffb884d37579cd2096d31,train
img_src_0418,img_src_0418_clean_01.png,data/generated/images/img_src_0418_clean_01.png,image,0,clean,0.0,0e935e889d8ba68a1e8febbe66580981015cf548c972d2fcdf2c66ec4d7453bf,test
img_src_0418,img_src_0418_clean_02.png,data/generated/images/img_src_0418_clean_02.png,image,0,clean,0.0,0e935e889d8ba68a1e8febbe66580981015cf548c972d2fcdf2c66ec4d7453bf,test
img_src_0418,img_src_0418_stego_edge_adaptive_0.30.png,data/generated/images/img_src_0418_stego_edge_adaptive_0.30.png,image,1,edge_adaptive,0.3,99a7ef3f979bfe6fa561683ee46f6b3f7ae587bacc919a3d2f20ec60774b40d5,test
img_src_0418,img_src_0418_stego_dct_ac_0.50.png,data/generated/images/img_src_0418_stego_dct_ac_0.50.png,image,1,dct_ac,0.5,dc0b9b95bf15c1747f137a37f7da58b3ab7aec80c4d557b3e15da2849b41c830,test
img_src_0419,img_src_0419_clean_01.png,data/generated/images/img_src_0419_clean_01.png,image,0,clean,0.0,39c45e339c5f7dc9ca01801a817326a60e55d99db6047e80f6c833011bea3bfc,val
img_src_0419,img_src_0419_clean_02.png,data/generated/images/img_src_0419_clean_02.png,image,0,clean,0.0,39c45e339c5f7dc9ca01801a817326a60e55d99db6047e80f6c833011bea3bfc,val
img_src_0419,img_src_0419_stego_dct_ac_0.50.png,data/generated/images/img_src_0419_stego_dct_ac_0.50.png,image,1,dct_ac,0.5,20b133d4f0d333aaac38e72c39cd7302166c7c1eea5c02d8066325e8e55a0f42,val
img_src_0419,img_src_0419_stego_lsb_replacement_0.10.png,data/generated/images/img_src_0419_stego_lsb_replacement_0.10.png,image,1,lsb_replacement,0.1,04b23dbf779230454af2305a1d0599574522613c59edbd011607a0e236811c41,val
img_src_0420,img_src_0420_clean_01.png,data/generated/images/img_src_0420_clean_01.png,image,0,clean,0.0,56c1d6f3c044ae2e2cee60d0fe1d643a1d3aed6f720198ddedd32825d1514169,train
img_src_0420,img_src_0420_clean_02.png,data/generated/images/img_src_0420_clean_02.png,image,0,clean,0.0,56c1d6f3c044ae2e2cee60d0fe1d643a1d3aed6f720198ddedd32825d1514169,train
img_src_0420,img_src_0420_stego_lsb_replacement_0.10.png,data/generated/images/img_src_0420_stego_lsb_replacement_0.10.png,image,1,lsb_replacement,0.1,77c6d4f26daadd718aff17b60e7efa482c47d67c8944a006abafe1d243816ab3,train
img_src_0420,img_src_0420_stego_lsb_matching_0.20.png,data/generated/images/img_src_0420_stego_lsb_matching_0.20.png,image,1,lsb_matching,0.2,3633175f44245ffcee0691275d101846d1fb7a582eb7b2ae90ab47096900cf6e,train
img_src_0421,img_src_0421_clean_01.png,data/generated/images/img_src_0421_clean_01.png,image,0,clean,0.0,609d7e1248b4d946f676743f383289630d58031fdb37c535094b6e8940126a8e,val
img_src_0421,img_src_0421_clean_02.png,data/generated/images/img_src_0421_clean_02.png,image,0,clean,0.0,609d7e1248b4d946f676743f383289630d58031fdb37c535094b6e8940126a8e,val
img_src_0421,img_src_0421_stego_lsb_matching_0.20.png,data/generated/images/img_src_0421_stego_lsb_matching_0.20.png,image,1,lsb_matching,0.2,b31a491af02fa20625a8b25be69f1172429652c37f554c7351836c524d803747,val
img_src_0421,img_src_0421_stego_edge_adaptive_0.30.png,data/generated/images/img_src_0421_stego_edge_adaptive_0.30.png,image,1,edge_adaptive,0.3,0189a18ea806e58bab514e6580bba8c1b79b3bc3022be623a250df26d825865b,val
img_src_0422,img_src_0422_clean_01.png,data/generated/images/img_src_0422_clean_01.png,image,0,clean,0.0,92116eec527ac49f2121dd32fbeff18be57eaa7516c91383096b12cf96b16e36,train
img_src_0422,img_src_0422_clean_02.png,data/generated/images/img_src_0422_clean_02.png,image,0,clean,0.0,92116eec527ac49f2121dd32fbeff18be57eaa7516c91383096b12cf96b16e36,train
img_src_0422,img_src_0422_stego_edge_adaptive_0.30.png,data/generated/images/img_src_0422_stego_edge_adaptive_0.30.png,image,1,edge_adaptive,0.3,3f0f85423506544acba25722f226773f5d2e22fb5389d27142c6220d44276008,train
img_src_0422,img_src_0422_stego_dct_ac_0.50.png,data/generated/images/img_src_0422_stego_dct_ac_0.50.png,image,1,dct_ac,0.5,a10f488d6b774b16fb400a489e94f0e5215ba79f904931304658bbd69decb286,train
img_src_0423,img_src_0423_clean_01.png,data/generated/images/img_src_0423_clean_01.png,image,0,clean,0.0,d876eb42e810a25c9339f4aa8f0e34b4e9235d087089f93247236439cc7beaf3,train
img_src_0423,img_src_0423_clean_02.png,data/generated/images/img_src_0423_clean_02.png,image,0,clean,0.0,d876eb42e810a25c9339f4aa8f0e34b4e9235d087089f93247236439cc7beaf3,train
img_src_0423,img_src_0423_stego_dct_ac_0.50.png,data/generated/images/img_src_0423_stego_dct_ac_0.50.png,image,1,dct_ac,0.5,80721636ff90ac7125485dbd6bba333bda7e3d58580091487348fab1e1608b0c,train
img_src_0423,img_src_0423_stego_lsb_replacement_0.10.png,data/generated/images/img_src_0423_stego_lsb_replacement_0.10.png,image,1,lsb_replacement,0.1,a32fabb9e1f008cc3012f1979c1a6514ad34cbedcc46ea5d4c010adf11cf57b3,train
img_src_0424,img_src_0424_clean_01.png,data/generated/images/img_src_0424_clean_01.png,image,0,clean,0.0,81604d1d51bb9ccb895f1c18672cc9d4e6a5e6c6a453da0cb3f929648b9accf1,train
img_src_0424,img_src_0424_clean_02.png,data/generated/images/img_src_0424_clean_02.png,image,0,clean,0.0,81604d1d51bb9ccb895f1c18672cc9d4e6a5e6c6a453da0cb3f929648b9accf1,train
img_src_0424,img_src_0424_stego_lsb_replacement_0.10.png,data/generated/images/img_src_0424_stego_lsb_replacement_0.10.png,image,1,lsb_replacement,0.1,e6f5af69a311c19d6b7e982b5d7ea8366f1aee521f134e9744c432d8611e89ea,train
img_src_0424,img_src_0424_stego_lsb_matching_0.20.png,data/generated/images/img_src_0424_stego_lsb_matching_0.20.png,image,1,lsb_matching,0.2,117b8424b98ebbbc08510a90d7236df738808540f66f504376e9f9bf2dcab742,train
img_src_0425,img_src_0425_clean_01.png,data/generated/images/img_src_0425_clean_01.png,image,0,clean,0.0,838b936d8c1ef937d6b1e38bead24474c70762eb40b7cf139b162ff63c281d45,train
img_src_0425,img_src_0425_clean_02.png,data/generated/images/img_src_0425_clean_02.png,image,0,clean,0.0,838b936d8c1ef937d6b1e38bead24474c70762eb40b7cf139b162ff63c281d45,train
img_src_0425,img_src_0425_stego_lsb_matching_0.20.png,data/generated/images/img_src_0425_stego_lsb_matching_0.20.png,image,1,lsb_matching,0.2,2843de1d48aa18b78666110c94a89d80c77abddd7c5db1f0047fd765c8a0091b,train
img_src_0425,img_src_0425_stego_edge_adaptive_0.30.png,data/generated/images/img_src_0425_stego_edge_adaptive_0.30.png,image,1,edge_adaptive,0.3,6c7da1da7dabc081a4e3219789aa5f118d567a4fd24ca42f2239180b997f200f,train
img_src_0426,img_src_0426_clean_01.png,data/generated/images/img_src_0426_clean_01.png,image,0,clean,0.0,9c46e1f12d6648eea541155a15256e560737925972a7f1712a4cda8d58bc321a,train
img_src_0426,img_src_0426_clean_02.png,data/generated/images/img_src_0426_clean_02.png,image,0,clean,0.0,9c46e1f12d6648eea541155a15256e560737925972a7f1712a4cda8d58bc321a,train
img_src_0426,img_src_0426_stego_edge_adaptive_0.30.png,data/generated/images/img_src_0426_stego_edge_adaptive_0.30.png,image,1,edge_adaptive,0.3,31311f4cef5779d13787dda24bf95e8b66518050620152e3961c0899b7ebfb9d,train
img_src_0426,img_src_0426_stego_dct_ac_0.50.png,data/generated/images/img_src_0426_stego_dct_ac_0.50.png,image,1,dct_ac,0.5,7a02552f7d75d3cb9c52213b7b3ba171d72376cd553bc54628fd94e06acd19d5,train
img_src_0427,img_src_0427_clean_01.png,data/generated/images/img_src_0427_clean_01.png,image,0,clean,0.0,8a27b10c3d0e5e9bc2bfc0f339554d08383474b2f152a52be9ae5acd0df28d41,train
img_src_0427,img_src_0427_clean_02.png,data/generated/images/img_src_0427_clean_02.png,image,0,clean,0.0,8a27b10c3d0e5e9bc2bfc0f339554d08383474b2f152a52be9ae5acd0df28d41,train
img_src_0427,img_src_0427_stego_dct_ac_0.50.png,data/generated/images/img_src_0427_stego_dct_ac_0.50.png,image,1,dct_ac,0.5,c526bc074ee9da73a5c55eb1a43ff2a8f2902fd4ebbdfacf3e01da861033daff,train
img_src_0427,img_src_0427_stego_lsb_replacement_0.10.png,data/generated/images/img_src_0427_stego_lsb_replacement_0.10.png,image,1,lsb_replacement,0.1,72383d1e8057fce47cd43d3cc59f6bc194673740fa96f36e70eacd9e75e089ff,train
img_src_0428,img_src_0428_clean_01.png,data/generated/images/img_src_0428_clean_01.png,image,0,clean,0.0,0cff8e629ebf37d0137888cbc09b1b72d2ba21994165ba7547b9b9539011fa75,train
img_src_0428,img_src_0428_clean_02.png,data/generated/images/img_src_0428_clean_02.png,image,0,clean,0.0,0cff8e629ebf37d0137888cbc09b1b72d2ba21994165ba7547b9b9539011fa75,train
img_src_0428,img_src_0428_stego_lsb_replacement_0.10.png,data/generated/images/img_src_0428_stego_lsb_replacement_0.10.png,image,1,lsb_replacement,0.1,66aca49541007428bb180145128a7488af42b29a749e31271709a1fa8276a8a2,train
img_src_0428,img_src_0428_stego_lsb_matching_0.20.png,data/generated/images/img_src_0428_stego_lsb_matching_0.20.png,image,1,lsb_matching,0.2,a193903084ff2624d734eabd6c13cc90a27e02aa8d32072cca24687231702e7c,train
img_src_0429,img_src_0429_clean_01.png,data/generated/images/img_src_0429_clean_01.png,image,0,clean,0.0,6e22b2ea7b58a4932a84648e960d9d9ef524b46b08f5a4505c0e7732d8982fca,train
img_src_0429,img_src_0429_clean_02.png,data/generated/images/img_src_0429_clean_02.png,image,0,clean,0.0,6e22b2ea7b58a4932a84648e960d9d9ef524b46b08f5a4505c0e7732d8982fca,train
img_src_0429,img_src_0429_stego_lsb_matching_0.20.png,data/generated/images/img_src_0429_stego_lsb_matching_0.20.png,image,1,lsb_matching,0.2,1ebffc51ac59d668081b7ddbf725835a364021df865f150dec4ec70c4d294777,train
img_src_0429,img_src_0429_stego_edge_adaptive_0.30.png,data/generated/images/img_src_0429_stego_edge_adaptive_0.30.png,image,1,edge_adaptive,0.3,fdcc1dae41ab291bd90011ced2ca84d503d2643501d7f8b2207ef7a29dc2ddd8,train
img_src_0430,img_src_0430_clean_01.png,data/generated/images/img_src_0430_clean_01.png,image,0,clean,0.0,ccbecda9ce8ada242e3fb5c61745feb8b384e39a3d8140028063ea3abbcc3496,train
img_src_0430,img_src_0430_clean_02.png,data/generated/images/img_src_0430_clean_02.png,image,0,clean,0.0,ccbecda9ce8ada242e3fb5c61745feb8b384e39a3d8140028063ea3abbcc3496,train
img_src_0430,img_src_0430_stego_edge_adaptive_0.30.png,data/generated/images/img_src_0430_stego_edge_adaptive_0.30.png,image,1,edge_adaptive,0.3,09322b4d81f9d0674e1e2731fa9d6e177ab9dbe67ce66aa71225f11238b3e423,train
img_src_0430,img_src_0430_stego_dct_ac_0.50.png,data/generated/images/img_src_0430_stego_dct_ac_0.50.png,image,1,dct_ac,0.5,6a34ba7aab2ebe0270f02865e7a0278f630b7928841db707b1fe5caea44c34b5,train
img_src_0431,img_src_0431_clean_01.png,data/generated/images/img_src_0431_clean_01.png,image,0,clean,0.0,15147a072cf489eddd831b23283e62183f51b50d0602df5904184ec25ab90a9b,train
img_src_0431,img_src_0431_clean_02.png,data/generated/images/img_src_0431_clean_02.png,image,0,clean,0.0,15147a072cf489eddd831b23283e62183f51b50d0602df5904184ec25ab90a9b,train
img_src_0431,img_src_0431_stego_dct_ac_0.50.png,data/generated/images/img_src_0431_stego_dct_ac_0.50.png,image,1,dct_ac,0.5,5990346ab6efb9736056eef61b8ffdc53a71fe32bb060291f65b4c1ddf357182,train
img_src_0431,img_src_0431_stego_lsb_replacement_0.10.png,data/generated/images/img_src_0431_stego_lsb_replacement_0.10.png,image,1,lsb_replacement,0.1,6de30b23283cd5ef43c32b039f33a85e038aa614bb81f6b155c6a54da5505026,train
img_src_0432,img_src_0432_clean_01.png,data/generated/images/img_src_0432_clean_01.png,image,0,clean,0.0,6199546c0546eee955b50a31fa39bc53940ce9fd14facc317780f4b482c27b2a,train
img_src_0432,img_src_0432_clean_02.png,data/generated/images/img_src_0432_clean_02.png,image,0,clean,0.0,6199546c0546eee955b50a31fa39bc53940ce9fd14facc317780f4b482c27b2a,train
img_src_0432,img_src_0432_stego_lsb_replacement_0.10.png,data/generated/images/img_src_0432_stego_lsb_replacement_0.10.png,image,1,lsb_replacement,0.1,3d77579b1be2c5ba2522ec15d63ebee8b21410ee11232182512a34cfe4b7e28e,train
img_src_0432,img_src_0432_stego_lsb_matching_0.20.png,data/generated/images/img_src_0432_stego_lsb_matching_0.20.png,image,1,lsb_matching,0.2,0cca142afe2a744b0aa184bf8d9725f27d2df5e54c2974bf05aa23c1b669f64f,train
img_src_0433,img_src_0433_clean_01.png,data/generated/images/img_src_0433_clean_01.png,image,0,clean,0.0,143f86a9b10aec4e28850a777235d2cf9ce4c29a82933db2fb7f911722dd0ce7,train
img_src_0433,img_src_0433_clean_02.png,data/generated/images/img_src_0433_clean_02.png,image,0,clean,0.0,143f86a9b10aec4e28850a777235d2cf9ce4c29a82933db2fb7f911722dd0ce7,train
img_src_0433,img_src_0433_stego_lsb_matching_0.20.png,data/generated/images/img_src_0433_stego_lsb_matching_0.20.png,image,1,lsb_matching,0.2,41df95849771de7d5ec4a8c9b30982e52077ee71c18f00181c6d998f2b4c1efd,train
img_src_0433,img_src_0433_stego_edge_adaptive_0.30.png,data/generated/images/img_src_0433_stego_edge_adaptive_0.30.png,image,1,edge_adaptive,0.3,45aaf34558a372dd20a0f263e3c7cf8c074fba5e4428841025e9fe753e6c4743,train
img_src_0434,img_src_0434_clean_01.png,data/generated/images/img_src_0434_clean_01.png,image,0,clean,0.0,8257de439c05a5395d429cc3b11f4bea21f17364a081deb8eac89d84c4510f6a,train
img_src_0434,img_src_0434_clean_02.png,data/generated/images/img_src_0434_clean_02.png,image,0,clean,0.0,8257de439c05a5395d429cc3b11f4bea21f17364a081deb8eac89d84c4510f6a,train
img_src_0434,img_src_0434_stego_edge_adaptive_0.30.png,data/generated/images/img_src_0434_stego_edge_adaptive_0.30.png,image,1,edge_adaptive,0.3,0e4bbb6b5e58dd498a72c4e9d4f1066f73f52965f2ea42fa1b53390fb63c6f38,train
img_src_0434,img_src_0434_stego_dct_ac_0.50.png,data/generated/images/img_src_0434_stego_dct_ac_0.50.png,image,1,dct_ac,0.5,1c5a4486afc5586d5690b75e0d5a9af7514a8d2e6226058e12db2e7ffc9bf09e,train
img_src_0435,img_src_0435_clean_01.png,data/generated/images/img_src_0435_clean_01.png,image,0,clean,0.0,f8047e0f9f46d74c9ed998561fa35b83509ef7ae08e079589ade84caf1556be9,train
img_src_0435,img_src_0435_clean_02.png,data/generated/images/img_src_0435_clean_02.png,image,0,clean,0.0,f8047e0f9f46d74c9ed998561fa35b83509ef7ae08e079589ade84caf1556be9,train
img_src_0435,img_src_0435_stego_dct_ac_0.50.png,data/generated/images/img_src_0435_stego_dct_ac_0.50.png,image,1,dct_ac,0.5,d5d26ca651b67e1164166de93d4fdfe8b27cc0c39475b52808a897d8b7f4d71c,train
img_src_0435,img_src_0435_stego_lsb_replacement_0.10.png,data/generated/images/img_src_0435_stego_lsb_replacement_0.10.png,image,1,lsb_replacement,0.1,cca76b29a51688aa8ffc715c00ffe4a92a6376bad0acf5666aee82bb91fef2e4,train
img_src_0436,img_src_0436_clean_01.png,data/generated/images/img_src_0436_clean_01.png,image,0,clean,0.0,de44f796d376dd934ec12d91e3b19dbaecdd78cb6f901c1be05c9d68283e8255,train
img_src_0436,img_src_0436_clean_02.png,data/generated/images/img_src_0436_clean_02.png,image,0,clean,0.0,de44f796d376dd934ec12d91e3b19dbaecdd78cb6f901c1be05c9d68283e8255,train
img_src_0436,img_src_0436_stego_lsb_replacement_0.10.png,data/generated/images/img_src_0436_stego_lsb_replacement_0.10.png,image,1,lsb_replacement,0.1,42e865e40d690554dc29025e43e9a05a3bb3fe89878ce2746e87ad5a476b8c87,train
img_src_0436,img_src_0436_stego_lsb_matching_0.20.png,data/generated/images/img_src_0436_stego_lsb_matching_0.20.png,image,1,lsb_matching,0.2,7b90f2a547699a25fd543814460e091f86c94303583bc02039b4a6c95b650e97,train
img_src_0437,img_src_0437_clean_01.png,data/generated/images/img_src_0437_clean_01.png,image,0,clean,0.0,d73db85171439239c63d488072653d980ac784034b85f8ce63383da52e08343b,val
img_src_0437,img_src_0437_clean_02.png,data/generated/images/img_src_0437_clean_02.png,image,0,clean,0.0,d73db85171439239c63d488072653d980ac784034b85f8ce63383da52e08343b,val
img_src_0437,img_src_0437_stego_lsb_matching_0.20.png,data/generated/images/img_src_0437_stego_lsb_matching_0.20.png,image,1,lsb_matching,0.2,1f7fa08cec6e22bc4f1603a32bc6972781611c34e5e92ae9c4e515ceca16e9af,val
img_src_0437,img_src_0437_stego_edge_adaptive_0.30.png,data/generated/images/img_src_0437_stego_edge_adaptive_0.30.png,image,1,edge_adaptive,0.3,70782820c434c9e73b1fb9790450a3b10053ff104a0df7168a26f242531777cb,val
img_src_0438,img_src_0438_clean_01.png,data/generated/images/img_src_0438_clean_01.png,image,0,clean,0.0,7d424d4457426d3db1fb05e676de87c482fb155dafe80c4639e09af8312fd87d,test
img_src_0438,img_src_0438_clean_02.png,data/generated/images/img_src_0438_clean_02.png,image,0,clean,0.0,7d424d4457426d3db1fb05e676de87c482fb155dafe80c4639e09af8312fd87d,test
img_src_0438,img_src_0438_stego_edge_adaptive_0.30.png,data/generated/images/img_src_0438_stego_edge_adaptive_0.30.png,image,1,edge_adaptive,0.3,0e8fac5e81836937aadf5a0fe4d4a419343e5d30ca1afb0670b3384b08c9f88c,test
img_src_0438,img_src_0438_stego_dct_ac_0.50.png,data/generated/images/img_src_0438_stego_dct_ac_0.50.png,image,1,dct_ac,0.5,cf75541f8e28211d20b18df50c01d172c75f116d54124b67adbe39da3ae00a92,test
img_src_0439,img_src_0439_clean_01.png,data/generated/images/img_src_0439_clean_01.png,image,0,clean,0.0,39ea3fd79b055ed7b2e79f65ebe33fad9661ca19fd9c67bd0a0361f76ba07809,train
img_src_0439,img_src_0439_clean_02.png,data/generated/images/img_src_0439_clean_02.png,image,0,clean,0.0,39ea3fd79b055ed7b2e79f65ebe33fad9661ca19fd9c67bd0a0361f76ba07809,train
img_src_0439,img_src_0439_stego_dct_ac_0.50.png,data/generated/images/img_src_0439_stego_dct_ac_0.50.png,image,1,dct_ac,0.5,a7bf255913c76799a5ecbe4642bf5a508cfb6984b182601813c00a7272272d29,train
img_src_0439,img_src_0439_stego_lsb_replacement_0.10.png,data/generated/images/img_src_0439_stego_lsb_replacement_0.10.png,image,1,lsb_replacement,0.1,0ad89a9655e60ad4825a73bb0d88dbc9ea53ecc2e6049b15e2217242275800fd,train
img_src_0440,img_src_0440_clean_01.png,data/generated/images/img_src_0440_clean_01.png,image,0,clean,0.0,f2fb2b4f7fce04f54a0dde1cdf2d641ab753200864f29705b1394f7e9c340463,train
img_src_0440,img_src_0440_clean_02.png,data/generated/images/img_src_0440_clean_02.png,image,0,clean,0.0,f2fb2b4f7fce04f54a0dde1cdf2d641ab753200864f29705b1394f7e9c340463,train
img_src_0440,img_src_0440_stego_lsb_replacement_0.10.png,data/generated/images/img_src_0440_stego_lsb_replacement_0.10.png,image,1,lsb_replacement,0.1,1950e38b590cc7ce78c9e3deff297e0bc46d20c95957c80c61d839b191fe9bf5,train
img_src_0440,img_src_0440_stego_lsb_matching_0.20.png,data/generated/images/img_src_0440_stego_lsb_matching_0.20.png,image,1,lsb_matching,0.2,f08ad05472235fc858d9b2164c1a76b76c1c05cd93e4ba1391b5892468c1ad5d,train
img_src_0441,img_src_0441_clean_01.png,data/generated/images/img_src_0441_clean_01.png,image,0,clean,0.0,72944369ea236bfcbd72a118b830524ed0443c232c2f82ce92df52f45de4e343,test
img_src_0441,img_src_0441_clean_02.png,data/generated/images/img_src_0441_clean_02.png,image,0,clean,0.0,72944369ea236bfcbd72a118b830524ed0443c232c2f82ce92df52f45de4e343,test
img_src_0441,img_src_0441_stego_lsb_matching_0.20.png,data/generated/images/img_src_0441_stego_lsb_matching_0.20.png,image,1,lsb_matching,0.2,628de37a75e7285432d5db22aefed0c986d699a0b73ba70cb31bc15ca3c081c1,test
img_src_0441,img_src_0441_stego_edge_adaptive_0.30.png,data/generated/images/img_src_0441_stego_edge_adaptive_0.30.png,image,1,edge_adaptive,0.3,9140d6cea59c3b9ace9e29f4e3612c9110229d99e3d4a04ff30540686abae064,test
img_src_0442,img_src_0442_clean_01.png,data/generated/images/img_src_0442_clean_01.png,image,0,clean,0.0,94b53e301588844e4e714b64c9d1caf82b4fad9c0e17ee988801fdfb21d61b5d,train
img_src_0442,img_src_0442_clean_02.png,data/generated/images/img_src_0442_clean_02.png,image,0,clean,0.0,94b53e301588844e4e714b64c9d1caf82b4fad9c0e17ee988801fdfb21d61b5d,train
img_src_0442,img_src_0442_stego_edge_adaptive_0.30.png,data/generated/images/img_src_0442_stego_edge_adaptive_0.30.png,image,1,edge_adaptive,0.3,3b23b800f7422622f67731fcf1a2b2fc51af7103e2b0dff7635d2e731a5c5e80,train
img_src_0442,img_src_0442_stego_dct_ac_0.50.png,data/generated/images/img_src_0442_stego_dct_ac_0.50.png,image,1,dct_ac,0.5,8ed79af0c963cbf6d26bfb53f3e30aed134f76b30380872fa30600d6b5662153,train
img_src_0443,img_src_0443_clean_01.png,data/generated/images/img_src_0443_clean_01.png,image,0,clean,0.0,3c11c41366b6ebe724e15c97c9d0547136cafc111adab0ad9dfb4f3f10c99d2b,train
img_src_0443,img_src_0443_clean_02.png,data/generated/images/img_src_0443_clean_02.png,image,0,clean,0.0,3c11c41366b6ebe724e15c97c9d0547136cafc111adab0ad9dfb4f3f10c99d2b,train
img_src_0443,img_src_0443_stego_dct_ac_0.50.png,data/generated/images/img_src_0443_stego_dct_ac_0.50.png,image,1,dct_ac,0.5,faf96b3e38ff974c11f69ef7c5e498923272a12d63c3717e4f5e596d9f54e835,train
img_src_0443,img_src_0443_stego_lsb_replacement_0.10.png,data/generated/images/img_src_0443_stego_lsb_replacement_0.10.png,image,1,lsb_replacement,0.1,b15aecf77f86d351be1fd85f8536a071d111f77aa0982803ce114e607799ed54,train
img_src_0444,img_src_0444_clean_01.png,data/generated/images/img_src_0444_clean_01.png,image,0,clean,0.0,c494733437d5234b1858c8cb66de0f5679f0532b26f26b462e07b25baaa171de,train
img_src_0444,img_src_0444_clean_02.png,data/generated/images/img_src_0444_clean_02.png,image,0,clean,0.0,c494733437d5234b1858c8cb66de0f5679f0532b26f26b462e07b25baaa171de,train
img_src_0444,img_src_0444_stego_lsb_replacement_0.10.png,data/generated/images/img_src_0444_stego_lsb_replacement_0.10.png,image,1,lsb_replacement,0.1,47514c967965f29f53b32e12faaf74e1a7db3dec9fd68f7bae4449989c7fe061,train
img_src_0444,img_src_0444_stego_lsb_matching_0.20.png,data/generated/images/img_src_0444_stego_lsb_matching_0.20.png,image,1,lsb_matching,0.2,836452d40d853864487129f03109dfca57ea7156b9c8dc7af0a7cac5354e099d,train
img_src_0445,img_src_0445_clean_01.png,data/generated/images/img_src_0445_clean_01.png,image,0,clean,0.0,9e613a5a1c39594b7bbf6dbb8044b549cbea01c24fee1d8d9b92f9013688851f,train
img_src_0445,img_src_0445_clean_02.png,data/generated/images/img_src_0445_clean_02.png,image,0,clean,0.0,9e613a5a1c39594b7bbf6dbb8044b549cbea01c24fee1d8d9b92f9013688851f,train
img_src_0445,img_src_0445_stego_lsb_matching_0.20.png,data/generated/images/img_src_0445_stego_lsb_matching_0.20.png,image,1,lsb_matching,0.2,7c33398d8d874fed7845f1779b2a0baa99d176a47d607cae45745d9c73865dc7,train
img_src_0445,img_src_0445_stego_edge_adaptive_0.30.png,data/generated/images/img_src_0445_stego_edge_adaptive_0.30.png,image,1,edge_adaptive,0.3,ede6f80138993b738ef292dd06a0c3f8f74469ac3e6178102873494e15a60f37,train
img_src_0446,img_src_0446_clean_01.png,data/generated/images/img_src_0446_clean_01.png,image,0,clean,0.0,e4d98d3f257970ccb78a18eb9d03759d20fac634471a2251988ee308de0e4740,train
img_src_0446,img_src_0446_clean_02.png,data/generated/images/img_src_0446_clean_02.png,image,0,clean,0.0,e4d98d3f257970ccb78a18eb9d03759d20fac634471a2251988ee308de0e4740,train
img_src_0446,img_src_0446_stego_edge_adaptive_0.30.png,data/generated/images/img_src_0446_stego_edge_adaptive_0.30.png,image,1,edge_adaptive,0.3,7bd4005218c9637d8eb3c5fb4ae1259c4e87cde619a1146f85c5693ddab057bb,train
img_src_0446,img_src_0446_stego_dct_ac_0.50.png,data/generated/images/img_src_0446_stego_dct_ac_0.50.png,image,1,dct_ac,0.5,91fd77c4833faf5fa4f44839557a5c8486b7760ca755dbc82d5c06e369f31b16,train
img_src_0447,img_src_0447_clean_01.png,data/generated/images/img_src_0447_clean_01.png,image,0,clean,0.0,185860b6fe74b08bff7f628f0e49ac316edf34448357d37b833e54de756a4738,train
img_src_0447,img_src_0447_clean_02.png,data/generated/images/img_src_0447_clean_02.png,image,0,clean,0.0,185860b6fe74b08bff7f628f0e49ac316edf34448357d37b833e54de756a4738,train
img_src_0447,img_src_0447_stego_dct_ac_0.50.png,data/generated/images/img_src_0447_stego_dct_ac_0.50.png,image,1,dct_ac,0.5,efb67a3868cd85bf08488da5e4a52f5ddf5936eddda0c8c754dfc54181b7bbdc,train
img_src_0447,img_src_0447_stego_lsb_replacement_0.10.png,data/generated/images/img_src_0447_stego_lsb_replacement_0.10.png,image,1,lsb_replacement,0.1,e480584507a2833b1ee07b9cee9fd8cf969ecaac918dc3158f0917ebf0d00d0e,train
img_src_0448,img_src_0448_clean_01.png,data/generated/images/img_src_0448_clean_01.png,image,0,clean,0.0,a37ccbed5ec89e0c9e420a6c9fd893a8d2535c2db1a0595f9139221ae349ab69,train
img_src_0448,img_src_0448_clean_02.png,data/generated/images/img_src_0448_clean_02.png,image,0,clean,0.0,a37ccbed5ec89e0c9e420a6c9fd893a8d2535c2db1a0595f9139221ae349ab69,train
img_src_0448,img_src_0448_stego_lsb_replacement_0.10.png,data/generated/images/img_src_0448_stego_lsb_replacement_0.10.png,image,1,lsb_replacement,0.1,b9afab430d8aaae167616079718b583e43972948186a1d14c7bdfa3dff75986f,train
img_src_0448,img_src_0448_stego_lsb_matching_0.20.png,data/generated/images/img_src_0448_stego_lsb_matching_0.20.png,image,1,lsb_matching,0.2,cc1de1b3e19bcedf61aacf46edc86494e0ce5d4157885818e7cf1c519cae0ee5,train
img_src_0449,img_src_0449_clean_01.png,data/generated/images/img_src_0449_clean_01.png,image,0,clean,0.0,ebf70048956b7589518006da32f8ca2d2a2def081a1cd28f5276a34739a555a7,train
img_src_0449,img_src_0449_clean_02.png,data/generated/images/img_src_0449_clean_02.png,image,0,clean,0.0,ebf70048956b7589518006da32f8ca2d2a2def081a1cd28f5276a34739a555a7,train
img_src_0449,img_src_0449_stego_lsb_matching_0.20.png,data/generated/images/img_src_0449_stego_lsb_matching_0.20.png,image,1,lsb_matching,0.2,09587de21b1540ef751d77cbaa9d65aa4570af59a0a8e856b9c4d16f7d266230,train
img_src_0449,img_src_0449_stego_edge_adaptive_0.30.png,data/generated/images/img_src_0449_stego_edge_adaptive_0.30.png,image,1,edge_adaptive,0.3,15b0b062ea3b957bf7abf3157d9204609f8838fdb2517d59f01a741b5773bb23,train
img_src_0450,img_src_0450_clean_01.png,data/generated/images/img_src_0450_clean_01.png,image,0,clean,0.0,2d258de0b448fb87da2533b8e8a46369170cd1cfc5df30567c38c9970f092154,train
img_src_0450,img_src_0450_clean_02.png,data/generated/images/img_src_0450_clean_02.png,image,0,clean,0.0,2d258de0b448fb87da2533b8e8a46369170cd1cfc5df30567c38c9970f092154,train
img_src_0450,img_src_0450_stego_edge_adaptive_0.30.png,data/generated/images/img_src_0450_stego_edge_adaptive_0.30.png,image,1,edge_adaptive,0.3,e650fa8f302727c81d842e1c56109e1d2cc6f6c4aaebbceb17ade828dfea937c,train
img_src_0450,img_src_0450_stego_dct_ac_0.50.png,data/generated/images/img_src_0450_stego_dct_ac_0.50.png,image,1,dct_ac,0.5,2315bdb3a2988808a845ec4b9b15a35ff8585bcb77fc093c0e8aa4456e82b1d4,train
img_src_0451,img_src_0451_clean_01.png,data/generated/images/img_src_0451_clean_01.png,image,0,clean,0.0,f240f70c787bbbd6e2439971dbaa3dd957c4fe3720cb981c84967aec330dd60d,train
img_src_0451,img_src_0451_clean_02.png,data/generated/images/img_src_0451_clean_02.png,image,0,clean,0.0,f240f70c787bbbd6e2439971dbaa3dd957c4fe3720cb981c84967aec330dd60d,train
img_src_0451,img_src_0451_stego_dct_ac_0.50.png,data/generated/images/img_src_0451_stego_dct_ac_0.50.png,image,1,dct_ac,0.5,ff003b7d1642303be6380ed0e8b48cf23982ca4f74d5f05bc5c3a2ed73f026a4,train
img_src_0451,img_src_0451_stego_lsb_replacement_0.10.png,data/generated/images/img_src_0451_stego_lsb_replacement_0.10.png,image,1,lsb_replacement,0.1,7ed70b048fda878f1f4eba7f53d8b2658651d931271a8c0ac732f0824b44f0b4,train
img_src_0452,img_src_0452_clean_01.png,data/generated/images/img_src_0452_clean_01.png,image,0,clean,0.0,d182f61933b9ea23068a269048d6f945d06a49247990e3f7fd355f35b6eb04ca,val
img_src_0452,img_src_0452_clean_02.png,data/generated/images/img_src_0452_clean_02.png,image,0,clean,0.0,d182f61933b9ea23068a269048d6f945d06a49247990e3f7fd355f35b6eb04ca,val
img_src_0452,img_src_0452_stego_lsb_replacement_0.10.png,data/generated/images/img_src_0452_stego_lsb_replacement_0.10.png,image,1,lsb_replacement,0.1,ece10412803c7d2fe578c209938a2872aeb013825291e18471cdf0e058e92271,val
img_src_0452,img_src_0452_stego_lsb_matching_0.20.png,data/generated/images/img_src_0452_stego_lsb_matching_0.20.png,image,1,lsb_matching,0.2,51b8f72d8548dc6f4fb77c77163a99b918d4d25e90806398d942b7b402eceac2,val
img_src_0453,img_src_0453_clean_01.png,data/generated/images/img_src_0453_clean_01.png,image,0,clean,0.0,22197a1662d5ed0875da3074e2b3f3d2d6b75c98bb8ab738db2c111e380d7a09,train
img_src_0453,img_src_0453_clean_02.png,data/generated/images/img_src_0453_clean_02.png,image,0,clean,0.0,22197a1662d5ed0875da3074e2b3f3d2d6b75c98bb8ab738db2c111e380d7a09,train
img_src_0453,img_src_0453_stego_lsb_matching_0.20.png,data/generated/images/img_src_0453_stego_lsb_matching_0.20.png,image,1,lsb_matching,0.2,3c6d427aa9752663a82d43cb6bf76638ff2de3a6bc6f2e3c14a50577ca481b5b,train
img_src_0453,img_src_0453_stego_edge_adaptive_0.30.png,data/generated/images/img_src_0453_stego_edge_adaptive_0.30.png,image,1,edge_adaptive,0.3,3ee4166b0d621e715822f983b17fc0441f9f161f37f634caa7c70168a2e72a67,train
img_src_0454,img_src_0454_clean_01.png,data/generated/images/img_src_0454_clean_01.png,image,0,clean,0.0,6f19cc351008edfa4e2c14cdba57b308c9f672ebd37b72c53cc3d3b27716db1d,train
img_src_0454,img_src_0454_clean_02.png,data/generated/images/img_src_0454_clean_02.png,image,0,clean,0.0,6f19cc351008edfa4e2c14cdba57b308c9f672ebd37b72c53cc3d3b27716db1d,train
img_src_0454,img_src_0454_stego_edge_adaptive_0.30.png,data/generated/images/img_src_0454_stego_edge_adaptive_0.30.png,image,1,edge_adaptive,0.3,8260496008ac38247fb49d45e4ced597593b046a0e74ab912d82efd162d03e3c,train
img_src_0454,img_src_0454_stego_dct_ac_0.50.png,data/generated/images/img_src_0454_stego_dct_ac_0.50.png,image,1,dct_ac,0.5,39aa344bedeae281b8467c4e59e2fbc4071901b0fb6f0e7cd9166202ac081cab,train
img_src_0455,img_src_0455_clean_01.png,data/generated/images/img_src_0455_clean_01.png,image,0,clean,0.0,cfb5dd52c0516117f014ce93b0a0495f6fc2614b66c4ec3fba345ac21d61b3fd,test
img_src_0455,img_src_0455_clean_02.png,data/generated/images/img_src_0455_clean_02.png,image,0,clean,0.0,cfb5dd52c0516117f014ce93b0a0495f6fc2614b66c4ec3fba345ac21d61b3fd,test
img_src_0455,img_src_0455_stego_dct_ac_0.50.png,data/generated/images/img_src_0455_stego_dct_ac_0.50.png,image,1,dct_ac,0.5,536862a8bb1353b407ee50fce0c40b90d020c6469f6cd24d94ff14a12ff69581,test
img_src_0455,img_src_0455_stego_lsb_replacement_0.10.png,data/generated/images/img_src_0455_stego_lsb_replacement_0.10.png,image,1,lsb_replacement,0.1,8b32031779f685e7f017375924d00e39f882e53bd74614c61636e4e2f465f575,test
img_src_0456,img_src_0456_clean_01.png,data/generated/images/img_src_0456_clean_01.png,image,0,clean,0.0,dd637b2a4f45879aeef35a87e09aa99e4317bd678052fd4388f94421b1700b59,train
img_src_0456,img_src_0456_clean_02.png,data/generated/images/img_src_0456_clean_02.png,image,0,clean,0.0,dd637b2a4f45879aeef35a87e09aa99e4317bd678052fd4388f94421b1700b59,train
img_src_0456,img_src_0456_stego_lsb_replacement_0.10.png,data/generated/images/img_src_0456_stego_lsb_replacement_0.10.png,image,1,lsb_replacement,0.1,ce388380ad4dbee2e41e814fc192af0e763f8e133338a79839b3210f381c7044,train
img_src_0456,img_src_0456_stego_lsb_matching_0.20.png,data/generated/images/img_src_0456_stego_lsb_matching_0.20.png,image,1,lsb_matching,0.2,1698e7bb60d9bfb4e18a91503ba9c529cd93f48db9e91f7aa3b19526033bdff3,train
img_src_0457,img_src_0457_clean_01.png,data/generated/images/img_src_0457_clean_01.png,image,0,clean,0.0,aefd4fc7f66f2e5b451ba52a581121df1971c02ff71db1b8da2ccc268fc94e70,train
img_src_0457,img_src_0457_clean_02.png,data/generated/images/img_src_0457_clean_02.png,image,0,clean,0.0,aefd4fc7f66f2e5b451ba52a581121df1971c02ff71db1b8da2ccc268fc94e70,train
img_src_0457,img_src_0457_stego_lsb_matching_0.20.png,data/generated/images/img_src_0457_stego_lsb_matching_0.20.png,image,1,lsb_matching,0.2,6b5cfeeeec72d76579fedcd485b0614d574a8c750f357e0e283fd0d5db95f80e,train
img_src_0457,img_src_0457_stego_edge_adaptive_0.30.png,data/generated/images/img_src_0457_stego_edge_adaptive_0.30.png,image,1,edge_adaptive,0.3,d6ebc735f34f3462b7ba11bb33a1219c4a9de4bc6f95d23aaff5afdf8ca4b2d6,train
img_src_0458,img_src_0458_clean_01.png,data/generated/images/img_src_0458_clean_01.png,image,0,clean,0.0,c6973eb285371862f14d4ea1a4abd67fc53ce8fd0ffa94b29aa62e034f66e344,train
img_src_0458,img_src_0458_clean_02.png,data/generated/images/img_src_0458_clean_02.png,image,0,clean,0.0,c6973eb285371862f14d4ea1a4abd67fc53ce8fd0ffa94b29aa62e034f66e344,train
img_src_0458,img_src_0458_stego_edge_adaptive_0.30.png,data/generated/images/img_src_0458_stego_edge_adaptive_0.30.png,image,1,edge_adaptive,0.3,ac33ef762b1c59b15355f00792e701a705470eea997cd2d4179ff8490273ced9,train
img_src_0458,img_src_0458_stego_dct_ac_0.50.png,data/generated/images/img_src_0458_stego_dct_ac_0.50.png,image,1,dct_ac,0.5,3b2ca66f961cb8a7844b35277c8ff304317919c7eabc6bd710466a150adaf45d,train
img_src_0459,img_src_0459_clean_01.png,data/generated/images/img_src_0459_clean_01.png,image,0,clean,0.0,824977da6bead3f6ad6fbc760403a30208cff206fe3b58cc9b8e522c0452e15f,test
img_src_0459,img_src_0459_clean_02.png,data/generated/images/img_src_0459_clean_02.png,image,0,clean,0.0,824977da6bead3f6ad6fbc760403a30208cff206fe3b58cc9b8e522c0452e15f,test
img_src_0459,img_src_0459_stego_dct_ac_0.50.png,data/generated/images/img_src_0459_stego_dct_ac_0.50.png,image,1,dct_ac,0.5,0b8e0c7ce4c0d7a5e2d7d87a8e5baa4900105660528b49a0bc8b4c0a5a5b2f28,test
img_src_0459,img_src_0459_stego_lsb_replacement_0.10.png,data/generated/images/img_src_0459_stego_lsb_replacement_0.10.png,image,1,lsb_replacement,0.1,42777f911e8993467f4a5d304a2ffc53575fc4786f5c9dc8fc29e5084c1856d1,test
img_src_0460,img_src_0460_clean_01.png,data/generated/images/img_src_0460_clean_01.png,image,0,clean,0.0,e7b046cc7414e14ea789bf5fc48ef002ec7bd9c4b12a576cf9f8e4ad08c90035,train
img_src_0460,img_src_0460_clean_02.png,data/generated/images/img_src_0460_clean_02.png,image,0,clean,0.0,e7b046cc7414e14ea789bf5fc48ef002ec7bd9c4b12a576cf9f8e4ad08c90035,train
img_src_0460,img_src_0460_stego_lsb_replacement_0.10.png,data/generated/images/img_src_0460_stego_lsb_replacement_0.10.png,image,1,lsb_replacement,0.1,4ea4e4a4416f31bc47c89fbeb1c2dbea7aa20764fd90c547b8732ec3ae66067a,train
img_src_0460,img_src_0460_stego_lsb_matching_0.20.png,data/generated/images/img_src_0460_stego_lsb_matching_0.20.png,image,1,lsb_matching,0.2,09b38ffa00508205f7d846ef2f690ee67771058cdb3334a57d6a6d40e3b26fe2,train
img_src_0461,img_src_0461_clean_01.png,data/generated/images/img_src_0461_clean_01.png,image,0,clean,0.0,23ec3137c3cb54aded89826ab41e7f124cc20b3719a6456b93cc8e84d4e983a9,train
img_src_0461,img_src_0461_clean_02.png,data/generated/images/img_src_0461_clean_02.png,image,0,clean,0.0,23ec3137c3cb54aded89826ab41e7f124cc20b3719a6456b93cc8e84d4e983a9,train
img_src_0461,img_src_0461_stego_lsb_matching_0.20.png,data/generated/images/img_src_0461_stego_lsb_matching_0.20.png,image,1,lsb_matching,0.2,7b49b9be622a64673479ac0a68152afc2a0aa71cb51ce7494192a0ae5acf955b,train
img_src_0461,img_src_0461_stego_edge_adaptive_0.30.png,data/generated/images/img_src_0461_stego_edge_adaptive_0.30.png,image,1,edge_adaptive,0.3,582dcb519b1ab5ca8ff8bf2ba44f2d7d269805be8217cbed96d91f688b7a0d9b,train
img_src_0462,img_src_0462_clean_01.png,data/generated/images/img_src_0462_clean_01.png,image,0,clean,0.0,e9ea8a96d6ee43650ebb80ac27fab7496be0a8e89865f3a87b4d2d86653c4ac1,train
img_src_0462,img_src_0462_clean_02.png,data/generated/images/img_src_0462_clean_02.png,image,0,clean,0.0,e9ea8a96d6ee43650ebb80ac27fab7496be0a8e89865f3a87b4d2d86653c4ac1,train
img_src_0462,img_src_0462_stego_edge_adaptive_0.30.png,data/generated/images/img_src_0462_stego_edge_adaptive_0.30.png,image,1,edge_adaptive,0.3,7a1409fb325ba5b4ebf77875d87043d6a433eee29e2ad3021d3fe5f0fc61863f,train
img_src_0462,img_src_0462_stego_dct_ac_0.50.png,data/generated/images/img_src_0462_stego_dct_ac_0.50.png,image,1,dct_ac,0.5,eb4575a8092ef6270ba63dd745ce5674d435fe2700b4caeb7d42ff3c1d3e6097,train
img_src_0463,img_src_0463_clean_01.png,data/generated/images/img_src_0463_clean_01.png,image,0,clean,0.0,17c6d5d53d93b515ab588e55fe2898591ac0553cbd8ba48880cd3dae3d087bd2,val
img_src_0463,img_src_0463_clean_02.png,data/generated/images/img_src_0463_clean_02.png,image,0,clean,0.0,17c6d5d53d93b515ab588e55fe2898591ac0553cbd8ba48880cd3dae3d087bd2,val
img_src_0463,img_src_0463_stego_dct_ac_0.50.png,data/generated/images/img_src_0463_stego_dct_ac_0.50.png,image,1,dct_ac,0.5,956bbc5435041ecb3b1dd6ff1b37e25ce166dad6fe56e727866abc8342acea30,val
img_src_0463,img_src_0463_stego_lsb_replacement_0.10.png,data/generated/images/img_src_0463_stego_lsb_replacement_0.10.png,image,1,lsb_replacement,0.1,008cd1b30ddcf6e54d38738e12e68c7fae7ee6cc5365722591dd327ed9f11306,val
img_src_0464,img_src_0464_clean_01.png,data/generated/images/img_src_0464_clean_01.png,image,0,clean,0.0,851a614f36b1a74f81e4ac17db7407fe6f52755a146020090c62f13fd4442830,train
img_src_0464,img_src_0464_clean_02.png,data/generated/images/img_src_0464_clean_02.png,image,0,clean,0.0,851a614f36b1a74f81e4ac17db7407fe6f52755a146020090c62f13fd4442830,train
img_src_0464,img_src_0464_stego_lsb_replacement_0.10.png,data/generated/images/img_src_0464_stego_lsb_replacement_0.10.png,image,1,lsb_replacement,0.1,8961a20d34dbe57e96194d13d686780a027e4c750213eca404668417656df617,train
img_src_0464,img_src_0464_stego_lsb_matching_0.20.png,data/generated/images/img_src_0464_stego_lsb_matching_0.20.png,image,1,lsb_matching,0.2,219a0c774ae9e61f2bb30c0d46d3f27d852b6b34f37d49822d11bbda906fc574,train
img_src_0465,img_src_0465_clean_01.png,data/generated/images/img_src_0465_clean_01.png,image,0,clean,0.0,e792c987d0f1ed54fd54a5c7962290ced28559c7713c0bc70d8db98d2bc1b188,train
img_src_0465,img_src_0465_clean_02.png,data/generated/images/img_src_0465_clean_02.png,image,0,clean,0.0,e792c987d0f1ed54fd54a5c7962290ced28559c7713c0bc70d8db98d2bc1b188,train
img_src_0465,img_src_0465_stego_lsb_matching_0.20.png,data/generated/images/img_src_0465_stego_lsb_matching_0.20.png,image,1,lsb_matching,0.2,b9822815b41f09eaf4738a5889ecab35b37c293fcdea37bdcdebd3f024d28399,train
img_src_0465,img_src_0465_stego_edge_adaptive_0.30.png,data/generated/images/img_src_0465_stego_edge_adaptive_0.30.png,image,1,edge_adaptive,0.3,119e7bf16835d44d9aaa0ea7e8f157c6272c0f6ff6d27149e15f9b1076d7fee2,train
img_src_0466,img_src_0466_clean_01.png,data/generated/images/img_src_0466_clean_01.png,image,0,clean,0.0,5fcf0ee14d484bb20d589e9da4af6f7bc00952b73edcec8212845d23768371db,test
img_src_0466,img_src_0466_clean_02.png,data/generated/images/img_src_0466_clean_02.png,image,0,clean,0.0,5fcf0ee14d484bb20d589e9da4af6f7bc00952b73edcec8212845d23768371db,test
img_src_0466,img_src_0466_stego_edge_adaptive_0.30.png,data/generated/images/img_src_0466_stego_edge_adaptive_0.30.png,image,1,edge_adaptive,0.3,4da3dce7ca4742965f1577292999d724da86db2ceeef39acdc2fa0e1b4fdf460,test
img_src_0466,img_src_0466_stego_dct_ac_0.50.png,data/generated/images/img_src_0466_stego_dct_ac_0.50.png,image,1,dct_ac,0.5,d12d4337756079fc061369a5a34b031fa3dd7f1dc3b9c24efb6cd1d46edf7bb7,test
img_src_0467,img_src_0467_clean_01.png,data/generated/images/img_src_0467_clean_01.png,image,0,clean,0.0,86d56ba3f4d8f7bd952f4ce6b62f6d919a17d4861318fc80c451305312c1a924,train
img_src_0467,img_src_0467_clean_02.png,data/generated/images/img_src_0467_clean_02.png,image,0,clean,0.0,86d56ba3f4d8f7bd952f4ce6b62f6d919a17d4861318fc80c451305312c1a924,train
img_src_0467,img_src_0467_stego_dct_ac_0.50.png,data/generated/images/img_src_0467_stego_dct_ac_0.50.png,image,1,dct_ac,0.5,b95e03b752d4dbb3a0fa02b02b61ea66adbb57f86019c030803defe7a6f5e5bc,train
img_src_0467,img_src_0467_stego_lsb_replacement_0.10.png,data/generated/images/img_src_0467_stego_lsb_replacement_0.10.png,image,1,lsb_replacement,0.1,fa5f773eece7893ded52ba992d350711883a2741810b1c4c5da0f22490f69d5d,train
img_src_0468,img_src_0468_clean_01.png,data/generated/images/img_src_0468_clean_01.png,image,0,clean,0.0,092090f8b47efb344e3b690785ca82d77a0df74d91c4b69f6d9a46ad65496f3c,train
img_src_0468,img_src_0468_clean_02.png,data/generated/images/img_src_0468_clean_02.png,image,0,clean,0.0,092090f8b47efb344e3b690785ca82d77a0df74d91c4b69f6d9a46ad65496f3c,train
img_src_0468,img_src_0468_stego_lsb_replacement_0.10.png,data/generated/images/img_src_0468_stego_lsb_replacement_0.10.png,image,1,lsb_replacement,0.1,d4ea811754ae5a6ccb6d9d1978d3b39cfb46731689e67b29ec97706e4df74387,train
img_src_0468,img_src_0468_stego_lsb_matching_0.20.png,data/generated/images/img_src_0468_stego_lsb_matching_0.20.png,image,1,lsb_matching,0.2,bb1b34bb9f002809bf9489e911cf6e54e92df40cb48e5f5bb7c52cda58d253a5,train
img_src_0469,img_src_0469_clean_01.png,data/generated/images/img_src_0469_clean_01.png,image,0,clean,0.0,d2d2fc6c0a3c88f760a0e00736cb644a7d5212bb5bb9ffa73d068113b0284f34,val
img_src_0469,img_src_0469_clean_02.png,data/generated/images/img_src_0469_clean_02.png,image,0,clean,0.0,d2d2fc6c0a3c88f760a0e00736cb644a7d5212bb5bb9ffa73d068113b0284f34,val
img_src_0469,img_src_0469_stego_lsb_matching_0.20.png,data/generated/images/img_src_0469_stego_lsb_matching_0.20.png,image,1,lsb_matching,0.2,433c131f7d4216401d0d7b3edc323992a31ff254243c1f3fb6089fde730ccdae,val
img_src_0469,img_src_0469_stego_edge_adaptive_0.30.png,data/generated/images/img_src_0469_stego_edge_adaptive_0.30.png,image,1,edge_adaptive,0.3,40ceda1ec4a3898d3873ab45701406a31250a79eb96455897c02242bdce2def0,val
img_src_0470,img_src_0470_clean_01.png,data/generated/images/img_src_0470_clean_01.png,image,0,clean,0.0,955d17423132fd8aee23af62cfcbd3e7f6420d5d2008776f74277ead2f7a865c,train
img_src_0470,img_src_0470_clean_02.png,data/generated/images/img_src_0470_clean_02.png,image,0,clean,0.0,955d17423132fd8aee23af62cfcbd3e7f6420d5d2008776f74277ead2f7a865c,train
img_src_0470,img_src_0470_stego_edge_adaptive_0.30.png,data/generated/images/img_src_0470_stego_edge_adaptive_0.30.png,image,1,edge_adaptive,0.3,2e53d80530b7f3c1603d77f87081173e9fcb189e1499ce098852b02f722f70b9,train
img_src_0470,img_src_0470_stego_dct_ac_0.50.png,data/generated/images/img_src_0470_stego_dct_ac_0.50.png,image,1,dct_ac,0.5,2ae93a2ddf9cfa3830dd2900c5c0e8f130bd9d582ad3f1f75d1e3c1355f71107,train
img_src_0471,img_src_0471_clean_01.png,data/generated/images/img_src_0471_clean_01.png,image,0,clean,0.0,2a0e9637159010305cf39ac45026ffffae5e53f3415b5722315fc63e7c46537c,train
img_src_0471,img_src_0471_clean_02.png,data/generated/images/img_src_0471_clean_02.png,image,0,clean,0.0,2a0e9637159010305cf39ac45026ffffae5e53f3415b5722315fc63e7c46537c,train
img_src_0471,img_src_0471_stego_dct_ac_0.50.png,data/generated/images/img_src_0471_stego_dct_ac_0.50.png,image,1,dct_ac,0.5,c5218a5e81c296550783bef914effb09fc6179c7149fc6f8980c7d1828e3c0e6,train
img_src_0471,img_src_0471_stego_lsb_replacement_0.10.png,data/generated/images/img_src_0471_stego_lsb_replacement_0.10.png,image,1,lsb_replacement,0.1,c19d22a133cdaf5d1a8da29193df2431072a5a4cb8cf27a18b19e243a763604a,train
img_src_0472,img_src_0472_clean_01.png,data/generated/images/img_src_0472_clean_01.png,image,0,clean,0.0,b8732b523e1d9e618808d64f4689d49a340f81b1df076affbfafcf00761fc69e,val
img_src_0472,img_src_0472_clean_02.png,data/generated/images/img_src_0472_clean_02.png,image,0,clean,0.0,b8732b523e1d9e618808d64f4689d49a340f81b1df076affbfafcf00761fc69e,val
img_src_0472,img_src_0472_stego_lsb_replacement_0.10.png,data/generated/images/img_src_0472_stego_lsb_replacement_0.10.png,image,1,lsb_replacement,0.1,8d229e2e015600daa4fa39f0ff0a33dea535a81a026b755df24fcf1cddf8dc96,val
img_src_0472,img_src_0472_stego_lsb_matching_0.20.png,data/generated/images/img_src_0472_stego_lsb_matching_0.20.png,image,1,lsb_matching,0.2,de1a0dde4557692849d8585a608af8b4cb8f4dcc0fe36e52bc5e8e099c3627a7,val
img_src_0473,img_src_0473_clean_01.png,data/generated/images/img_src_0473_clean_01.png,image,0,clean,0.0,d38a372d6f5e3399311c5d8ee89c03f45dfb390dddc888860f016c6aa358ef00,train
img_src_0473,img_src_0473_clean_02.png,data/generated/images/img_src_0473_clean_02.png,image,0,clean,0.0,d38a372d6f5e3399311c5d8ee89c03f45dfb390dddc888860f016c6aa358ef00,train
img_src_0473,img_src_0473_stego_lsb_matching_0.20.png,data/generated/images/img_src_0473_stego_lsb_matching_0.20.png,image,1,lsb_matching,0.2,4babd9865340396ce42f3bf90da77435097faf977ea3794ab3c40e266c049a9f,train
img_src_0473,img_src_0473_stego_edge_adaptive_0.30.png,data/generated/images/img_src_0473_stego_edge_adaptive_0.30.png,image,1,edge_adaptive,0.3,c33b0b90a01a21bc4a44cbcb5bac8596e6330ca75b9b0bd5ade18a67cd87df67,train
img_src_0474,img_src_0474_clean_01.png,data/generated/images/img_src_0474_clean_01.png,image,0,clean,0.0,92ae496dccbaf3646f8ad160451ad3de3053b8145a8b57154ebf366139fd0039,test
img_src_0474,img_src_0474_clean_02.png,data/generated/images/img_src_0474_clean_02.png,image,0,clean,0.0,92ae496dccbaf3646f8ad160451ad3de3053b8145a8b57154ebf366139fd0039,test
img_src_0474,img_src_0474_stego_edge_adaptive_0.30.png,data/generated/images/img_src_0474_stego_edge_adaptive_0.30.png,image,1,edge_adaptive,0.3,9dad8fd58c8c2dd88edd2d927837a3608905a04afdb4bea13e87d8226ff393b1,test
img_src_0474,img_src_0474_stego_dct_ac_0.50.png,data/generated/images/img_src_0474_stego_dct_ac_0.50.png,image,1,dct_ac,0.5,d11049400030952146e84dff25a5d841e46ecdce5793f912545d15010b126109,test
img_src_0475,img_src_0475_clean_01.png,data/generated/images/img_src_0475_clean_01.png,image,0,clean,0.0,7e200a93caf72cdf75752f9dd9b39eac1e4dd55e0fdf948f69f0c9ae30d8861f,train
img_src_0475,img_src_0475_clean_02.png,data/generated/images/img_src_0475_clean_02.png,image,0,clean,0.0,7e200a93caf72cdf75752f9dd9b39eac1e4dd55e0fdf948f69f0c9ae30d8861f,train
img_src_0475,img_src_0475_stego_dct_ac_0.50.png,data/generated/images/img_src_0475_stego_dct_ac_0.50.png,image,1,dct_ac,0.5,70e47223b929a8aa0666fe1ae0a4b437b837fcb6da0d4f4d2a5e5def6f4b85e5,train
img_src_0475,img_src_0475_stego_lsb_replacement_0.10.png,data/generated/images/img_src_0475_stego_lsb_replacement_0.10.png,image,1,lsb_replacement,0.1,f4a9af0efbd8f02a96901442f96516f7758fa829c594c1e55eccbb8e0dc1159c,train
img_src_0476,img_src_0476_clean_01.png,data/generated/images/img_src_0476_clean_01.png,image,0,clean,0.0,7514df76583d4592ee7a22433599d7ed98a6dccefa6bd633789ec04ea748dc78,val
img_src_0476,img_src_0476_clean_02.png,data/generated/images/img_src_0476_clean_02.png,image,0,clean,0.0,7514df76583d4592ee7a22433599d7ed98a6dccefa6bd633789ec04ea748dc78,val
img_src_0476,img_src_0476_stego_lsb_replacement_0.10.png,data/generated/images/img_src_0476_stego_lsb_replacement_0.10.png,image,1,lsb_replacement,0.1,64320d6994ed3ea05b218619e7e890afe482cc3c306dd07239a1adb533582d1d,val
img_src_0476,img_src_0476_stego_lsb_matching_0.20.png,data/generated/images/img_src_0476_stego_lsb_matching_0.20.png,image,1,lsb_matching,0.2,0cfa279e4dddf00a198bc67a6d4573658f317869ea5fcfd41817678c0a8a13ce,val
img_src_0477,img_src_0477_clean_01.png,data/generated/images/img_src_0477_clean_01.png,image,0,clean,0.0,f6ede5e4b3dede0a26d17d4507ea13354dba66af4af35e1662d305d92ab127e1,train
img_src_0477,img_src_0477_clean_02.png,data/generated/images/img_src_0477_clean_02.png,image,0,clean,0.0,f6ede5e4b3dede0a26d17d4507ea13354dba66af4af35e1662d305d92ab127e1,train
img_src_0477,img_src_0477_stego_lsb_matching_0.20.png,data/generated/images/img_src_0477_stego_lsb_matching_0.20.png,image,1,lsb_matching,0.2,3ea43134184586dfae012e17e8c1c856a7f45c2915c6157465c626c2b31ee61a,train
img_src_0477,img_src_0477_stego_edge_adaptive_0.30.png,data/generated/images/img_src_0477_stego_edge_adaptive_0.30.png,image,1,edge_adaptive,0.3,b23077eae22d76ef241796a1aceb2bafbe20aec165e7ebad402f9c044ad645ad,train
img_src_0478,img_src_0478_clean_01.png,data/generated/images/img_src_0478_clean_01.png,image,0,clean,0.0,c36b52e40a6e23b13e7781cf68f7279bf397e9e4af67d8c05fabe1a209e2e133,train
img_src_0478,img_src_0478_clean_02.png,data/generated/images/img_src_0478_clean_02.png,image,0,clean,0.0,c36b52e40a6e23b13e7781cf68f7279bf397e9e4af67d8c05fabe1a209e2e133,train
img_src_0478,img_src_0478_stego_edge_adaptive_0.30.png,data/generated/images/img_src_0478_stego_edge_adaptive_0.30.png,image,1,edge_adaptive,0.3,08f753bfe3a51358571e766f4287a7c7207a9d307a54668421d1fa67b9a6a8f5,train
img_src_0478,img_src_0478_stego_dct_ac_0.50.png,data/generated/images/img_src_0478_stego_dct_ac_0.50.png,image,1,dct_ac,0.5,22e8078f79ab300b3ce6666fe6537ed4f158c94e1bc4a3069e783abbed45700c,train
img_src_0479,img_src_0479_clean_01.png,data/generated/images/img_src_0479_clean_01.png,image,0,clean,0.0,9020196f96d60dc060e5eb783d8f36c51521aace959b887ae1d86baaaf6c0b57,train
img_src_0479,img_src_0479_clean_02.png,data/generated/images/img_src_0479_clean_02.png,image,0,clean,0.0,9020196f96d60dc060e5eb783d8f36c51521aace959b887ae1d86baaaf6c0b57,train
img_src_0479,img_src_0479_stego_dct_ac_0.50.png,data/generated/images/img_src_0479_stego_dct_ac_0.50.png,image,1,dct_ac,0.5,c0afa80cd803405c044b41aedfdea4c0a7568941ad8c88f1be8ca1bb77dd0f1e,train
img_src_0479,img_src_0479_stego_lsb_replacement_0.10.png,data/generated/images/img_src_0479_stego_lsb_replacement_0.10.png,image,1,lsb_replacement,0.1,50ff97d4ff7d3390b8a08b616233e3dd00b2afdb6289510e7809bf6788260887,train
img_src_0480,img_src_0480_clean_01.png,data/generated/images/img_src_0480_clean_01.png,image,0,clean,0.0,683f1a22d81fe312688253e2aa4f3bdd6741a7df0e7d542e9b46c460d11ee705,val
img_src_0480,img_src_0480_clean_02.png,data/generated/images/img_src_0480_clean_02.png,image,0,clean,0.0,683f1a22d81fe312688253e2aa4f3bdd6741a7df0e7d542e9b46c460d11ee705,val
img_src_0480,img_src_0480_stego_lsb_replacement_0.10.png,data/generated/images/img_src_0480_stego_lsb_replacement_0.10.png,image,1,lsb_replacement,0.1,1d024f61d53c414b1985652f6a12bf2f491afe8fc7d7476527f8f31c47ee7dea,val
img_src_0480,img_src_0480_stego_lsb_matching_0.20.png,data/generated/images/img_src_0480_stego_lsb_matching_0.20.png,image,1,lsb_matching,0.2,105633767036f2a367c2c9acb006acf6c0b5d397ef140ebc0358b0553699f6e0,val
img_src_0481,img_src_0481_clean_01.png,data/generated/images/img_src_0481_clean_01.png,image,0,clean,0.0,baba50c9a9b9af84197c4439361104b7e9de45d704aa65923617a7eacdd59e5a,train
img_src_0481,img_src_0481_clean_02.png,data/generated/images/img_src_0481_clean_02.png,image,0,clean,0.0,baba50c9a9b9af84197c4439361104b7e9de45d704aa65923617a7eacdd59e5a,train
img_src_0481,img_src_0481_stego_lsb_matching_0.20.png,data/generated/images/img_src_0481_stego_lsb_matching_0.20.png,image,1,lsb_matching,0.2,e2047c5e8a9b58409450421cc958eeb71a3f9fb423f482b95978833117538983,train
img_src_0481,img_src_0481_stego_edge_adaptive_0.30.png,data/generated/images/img_src_0481_stego_edge_adaptive_0.30.png,image,1,edge_adaptive,0.3,c23046000991568071b1ca3edb74af9386355637141ec9d55a79db8c82937951,train
img_src_0482,img_src_0482_clean_01.png,data/generated/images/img_src_0482_clean_01.png,image,0,clean,0.0,c85caf4a29d6993d01f08ddb1333455a34da885e0715d6d9310999958d381429,train
img_src_0482,img_src_0482_clean_02.png,data/generated/images/img_src_0482_clean_02.png,image,0,clean,0.0,c85caf4a29d6993d01f08ddb1333455a34da885e0715d6d9310999958d381429,train
img_src_0482,img_src_0482_stego_edge_adaptive_0.30.png,data/generated/images/img_src_0482_stego_edge_adaptive_0.30.png,image,1,edge_adaptive,0.3,3ae001ac364490821852e11bc2566f9899bba48d8ca09943cfe39f88fd058fcb,train
img_src_0482,img_src_0482_stego_dct_ac_0.50.png,data/generated/images/img_src_0482_stego_dct_ac_0.50.png,image,1,dct_ac,0.5,b55d7327ae45f111dd6a0a03fe53a3d6756226340cf4f900016c79f204b5706d,train
img_src_0483,img_src_0483_clean_01.png,data/generated/images/img_src_0483_clean_01.png,image,0,clean,0.0,bf342c5f14e6504e046713557e8923f0c8d36c580d04ed7d272f7faf31f26faf,train
img_src_0483,img_src_0483_clean_02.png,data/generated/images/img_src_0483_clean_02.png,image,0,clean,0.0,bf342c5f14e6504e046713557e8923f0c8d36c580d04ed7d272f7faf31f26faf,train
img_src_0483,img_src_0483_stego_dct_ac_0.50.png,data/generated/images/img_src_0483_stego_dct_ac_0.50.png,image,1,dct_ac,0.5,a098034681bb80128b05a1af37fb0ed3eadf2d762f7ccfb87c760f121294ee6d,train
img_src_0483,img_src_0483_stego_lsb_replacement_0.10.png,data/generated/images/img_src_0483_stego_lsb_replacement_0.10.png,image,1,lsb_replacement,0.1,79cbc4e566c4bb993a139fb3f25cf600db11fc2bcefe518b4074e28450fb3639,train
img_src_0484,img_src_0484_clean_01.png,data/generated/images/img_src_0484_clean_01.png,image,0,clean,0.0,a7bc949d3493514442741888c24c6deac54b6462d992cdc1e32582a7195065bb,test
img_src_0484,img_src_0484_clean_02.png,data/generated/images/img_src_0484_clean_02.png,image,0,clean,0.0,a7bc949d3493514442741888c24c6deac54b6462d992cdc1e32582a7195065bb,test
img_src_0484,img_src_0484_stego_lsb_replacement_0.10.png,data/generated/images/img_src_0484_stego_lsb_replacement_0.10.png,image,1,lsb_replacement,0.1,c6d63820f23e10cc64b6dd4691f61825462cd0abfc552a2c0633a94576a6e962,test
img_src_0484,img_src_0484_stego_lsb_matching_0.20.png,data/generated/images/img_src_0484_stego_lsb_matching_0.20.png,image,1,lsb_matching,0.2,51427b394824b9747c2d928980ae72c7684aa416d216bff60a0b658d2abff810,test
img_src_0485,img_src_0485_clean_01.png,data/generated/images/img_src_0485_clean_01.png,image,0,clean,0.0,2bc8585c3c00da2383fb21165a460da57dd39f1eab5bb0ffafc7a009d1d20cac,train
img_src_0485,img_src_0485_clean_02.png,data/generated/images/img_src_0485_clean_02.png,image,0,clean,0.0,2bc8585c3c00da2383fb21165a460da57dd39f1eab5bb0ffafc7a009d1d20cac,train
img_src_0485,img_src_0485_stego_lsb_matching_0.20.png,data/generated/images/img_src_0485_stego_lsb_matching_0.20.png,image,1,lsb_matching,0.2,ed582abc2470ac2a2f86c1acfbb2ad5d6ffcb4dda5e184ac28c9b9e1432862c5,train
img_src_0485,img_src_0485_stego_edge_adaptive_0.30.png,data/generated/images/img_src_0485_stego_edge_adaptive_0.30.png,image,1,edge_adaptive,0.3,1a917de03a588742127e690e9c8dde03213966c52aab140fcd7645838d55eada,train
img_src_0486,img_src_0486_clean_01.png,data/generated/images/img_src_0486_clean_01.png,image,0,clean,0.0,5a585154f20c5210c37d9bb9dd8dc1fd2ee29e27428444816d1503a0b4d6b03d,train
img_src_0486,img_src_0486_clean_02.png,data/generated/images/img_src_0486_clean_02.png,image,0,clean,0.0,5a585154f20c5210c37d9bb9dd8dc1fd2ee29e27428444816d1503a0b4d6b03d,train
img_src_0486,img_src_0486_stego_edge_adaptive_0.30.png,data/generated/images/img_src_0486_stego_edge_adaptive_0.30.png,image,1,edge_adaptive,0.3,5c152e8c2406a520b4f71cdb1bf397a59338a16415bd1d303b5a23ed16780932,train
img_src_0486,img_src_0486_stego_dct_ac_0.50.png,data/generated/images/img_src_0486_stego_dct_ac_0.50.png,image,1,dct_ac,0.5,e67c2e017df9769c8de9c91116b795a768be737131e2346f9cd7adf492a5acdc,train
img_src_0487,img_src_0487_clean_01.png,data/generated/images/img_src_0487_clean_01.png,image,0,clean,0.0,070bf54dd8ff6d9cf0d40f161f362aaac2a22455fb011463964100f886149ba6,train
img_src_0487,img_src_0487_clean_02.png,data/generated/images/img_src_0487_clean_02.png,image,0,clean,0.0,070bf54dd8ff6d9cf0d40f161f362aaac2a22455fb011463964100f886149ba6,train
img_src_0487,img_src_0487_stego_dct_ac_0.50.png,data/generated/images/img_src_0487_stego_dct_ac_0.50.png,image,1,dct_ac,0.5,e0fde4a3a256f71c56e67860835ce85b396932e4e85683fce5333b27ea79fca5,train
img_src_0487,img_src_0487_stego_lsb_replacement_0.10.png,data/generated/images/img_src_0487_stego_lsb_replacement_0.10.png,image,1,lsb_replacement,0.1,75cc91101cf1d4d7650667295e99b6bbc28bfca9add6febbb665946137481425,train
img_src_0488,img_src_0488_clean_01.png,data/generated/images/img_src_0488_clean_01.png,image,0,clean,0.0,b8ecb96e6654ca706939b37b3380f54ad96578b9404b27df408bc749f6168b30,val
img_src_0488,img_src_0488_clean_02.png,data/generated/images/img_src_0488_clean_02.png,image,0,clean,0.0,b8ecb96e6654ca706939b37b3380f54ad96578b9404b27df408bc749f6168b30,val
img_src_0488,img_src_0488_stego_lsb_replacement_0.10.png,data/generated/images/img_src_0488_stego_lsb_replacement_0.10.png,image,1,lsb_replacement,0.1,13a8187f6eec0b20dc242e124905ef9d87703ef0fe14a2362cdc3da75b104d48,val
img_src_0488,img_src_0488_stego_lsb_matching_0.20.png,data/generated/images/img_src_0488_stego_lsb_matching_0.20.png,image,1,lsb_matching,0.2,cf7f7f42a652a953cdfaad5615d521c0d14e089da78d336cd939cbeb87101541,val
img_src_0489,img_src_0489_clean_01.png,data/generated/images/img_src_0489_clean_01.png,image,0,clean,0.0,fc3b689d2850e6be4e60c933891dde11bf01708ea7d333dcd62eaf99c60261dd,train
img_src_0489,img_src_0489_clean_02.png,data/generated/images/img_src_0489_clean_02.png,image,0,clean,0.0,fc3b689d2850e6be4e60c933891dde11bf01708ea7d333dcd62eaf99c60261dd,train
img_src_0489,img_src_0489_stego_lsb_matching_0.20.png,data/generated/images/img_src_0489_stego_lsb_matching_0.20.png,image,1,lsb_matching,0.2,9a7350b7b1671efc1cde05c04fcc77bea8aedb586ba2827d0456a620365d590b,train
img_src_0489,img_src_0489_stego_edge_adaptive_0.30.png,data/generated/images/img_src_0489_stego_edge_adaptive_0.30.png,image,1,edge_adaptive,0.3,dca5c33921c767d55a2760ab775cf0679e61660959ad4f855719074d6221b00d,train
img_src_0490,img_src_0490_clean_01.png,data/generated/images/img_src_0490_clean_01.png,image,0,clean,0.0,1305d1ae67c3448bb930a45233bd8913e97c4fae63bf98fda1d089fad53368dc,train
img_src_0490,img_src_0490_clean_02.png,data/generated/images/img_src_0490_clean_02.png,image,0,clean,0.0,1305d1ae67c3448bb930a45233bd8913e97c4fae63bf98fda1d089fad53368dc,train
img_src_0490,img_src_0490_stego_edge_adaptive_0.30.png,data/generated/images/img_src_0490_stego_edge_adaptive_0.30.png,image,1,edge_adaptive,0.3,2e32c717b69ad937eaeb405d2dd6637a29677439d0aa414dbfbdbac1d46159ab,train
img_src_0490,img_src_0490_stego_dct_ac_0.50.png,data/generated/images/img_src_0490_stego_dct_ac_0.50.png,image,1,dct_ac,0.5,38fbfe2ec46791dfba3ffd231564b508698d221b29c4670a61c5ef151af05640,train
img_src_0491,img_src_0491_clean_01.png,data/generated/images/img_src_0491_clean_01.png,image,0,clean,0.0,597e003e4d967de2ad1c22547266f4afc184ecf8fc4c68de5596b17e532c9ce9,train
img_src_0491,img_src_0491_clean_02.png,data/generated/images/img_src_0491_clean_02.png,image,0,clean,0.0,597e003e4d967de2ad1c22547266f4afc184ecf8fc4c68de5596b17e532c9ce9,train
img_src_0491,img_src_0491_stego_dct_ac_0.50.png,data/generated/images/img_src_0491_stego_dct_ac_0.50.png,image,1,dct_ac,0.5,257c76a9431a5961a6d70b3dd92a894914c985c4fffb593ad9184d3cd53b5973,train
img_src_0491,img_src_0491_stego_lsb_replacement_0.10.png,data/generated/images/img_src_0491_stego_lsb_replacement_0.10.png,image,1,lsb_replacement,0.1,2da0f1e6d4bcac7cbf9e3be149d5f3bc9e9cd0965945c607050090d8b7c51b8a,train
img_src_0492,img_src_0492_clean_01.png,data/generated/images/img_src_0492_clean_01.png,image,0,clean,0.0,a1fc79198f255fc6de29cbd6574b2552ef215b41e0436a22ad2296965da90929,test
img_src_0492,img_src_0492_clean_02.png,data/generated/images/img_src_0492_clean_02.png,image,0,clean,0.0,a1fc79198f255fc6de29cbd6574b2552ef215b41e0436a22ad2296965da90929,test
img_src_0492,img_src_0492_stego_lsb_replacement_0.10.png,data/generated/images/img_src_0492_stego_lsb_replacement_0.10.png,image,1,lsb_replacement,0.1,d087b8cf5e7809d879dc0499566ad82203cf4e4a479ba231b24a8e7956126ba5,test
img_src_0492,img_src_0492_stego_lsb_matching_0.20.png,data/generated/images/img_src_0492_stego_lsb_matching_0.20.png,image,1,lsb_matching,0.2,1e7c21bf98220e8bf57d7d8a87a9a07a20b21e13cf9ac40dbaa6280d600fcff4,test
img_src_0493,img_src_0493_clean_01.png,data/generated/images/img_src_0493_clean_01.png,image,0,clean,0.0,3965b4a2d93aac7ffb3b998a7ad649db8b62d03e0ffa569bdddaf38393afcd9d,train
img_src_0493,img_src_0493_clean_02.png,data/generated/images/img_src_0493_clean_02.png,image,0,clean,0.0,3965b4a2d93aac7ffb3b998a7ad649db8b62d03e0ffa569bdddaf38393afcd9d,train
img_src_0493,img_src_0493_stego_lsb_matching_0.20.png,data/generated/images/img_src_0493_stego_lsb_matching_0.20.png,image,1,lsb_matching,0.2,755a0126a0926dad3e297b60e22ebb551e182408967fc4e31cef1fa29f672a16,train
img_src_0493,img_src_0493_stego_edge_adaptive_0.30.png,data/generated/images/img_src_0493_stego_edge_adaptive_0.30.png,image,1,edge_adaptive,0.3,c7d769671b30515c5c010a3e0b7f5a8c59fbd2ccb159b83027cac9d949770535,train
img_src_0494,img_src_0494_clean_01.png,data/generated/images/img_src_0494_clean_01.png,image,0,clean,0.0,66e32a068185ef315cf2cab1302a46e2904f418217e0aa008adaca7499603763,train
img_src_0494,img_src_0494_clean_02.png,data/generated/images/img_src_0494_clean_02.png,image,0,clean,0.0,66e32a068185ef315cf2cab1302a46e2904f418217e0aa008adaca7499603763,train
img_src_0494,img_src_0494_stego_edge_adaptive_0.30.png,data/generated/images/img_src_0494_stego_edge_adaptive_0.30.png,image,1,edge_adaptive,0.3,698dcfd80c4af2719f8d35dfed7a0a197f848c9525e8a9ab60a454caea7d939c,train
img_src_0494,img_src_0494_stego_dct_ac_0.50.png,data/generated/images/img_src_0494_stego_dct_ac_0.50.png,image,1,dct_ac,0.5,590e0e178fc0c4ec0cba4d6f126fd782cf2b8a346cf096eb006d35716f4acb7b,train
img_src_0495,img_src_0495_clean_01.png,data/generated/images/img_src_0495_clean_01.png,image,0,clean,0.0,c5ad32c9362d8766677c5d7c5983dbfc012821778b355d5dca2a358881304eeb,train
img_src_0495,img_src_0495_clean_02.png,data/generated/images/img_src_0495_clean_02.png,image,0,clean,0.0,c5ad32c9362d8766677c5d7c5983dbfc012821778b355d5dca2a358881304eeb,train
img_src_0495,img_src_0495_stego_dct_ac_0.50.png,data/generated/images/img_src_0495_stego_dct_ac_0.50.png,image,1,dct_ac,0.5,7bfb5bc209742664ef7665c28b0071e7fe689438b8c904d71bbef046b2c177a2,train
img_src_0495,img_src_0495_stego_lsb_replacement_0.10.png,data/generated/images/img_src_0495_stego_lsb_replacement_0.10.png,image,1,lsb_replacement,0.1,aaff4a1310c44b2eb17f4d4ca0e2056eea1a6974a563baaf8653f1aa72d00f95,train
img_src_0496,img_src_0496_clean_01.png,data/generated/images/img_src_0496_clean_01.png,image,0,clean,0.0,5302a8cfddc602058d0bb48ffb87631f461df1d8a59b5da00f90ee6b71421508,val
img_src_0496,img_src_0496_clean_02.png,data/generated/images/img_src_0496_clean_02.png,image,0,clean,0.0,5302a8cfddc602058d0bb48ffb87631f461df1d8a59b5da00f90ee6b71421508,val
img_src_0496,img_src_0496_stego_lsb_replacement_0.10.png,data/generated/images/img_src_0496_stego_lsb_replacement_0.10.png,image,1,lsb_replacement,0.1,dbe999d5ba1b8eb719afe2a5d578c97ad9264aaf6f7795330846fe868e190327,val
img_src_0496,img_src_0496_stego_lsb_matching_0.20.png,data/generated/images/img_src_0496_stego_lsb_matching_0.20.png,image,1,lsb_matching,0.2,422b13c0326400716e204485c0969b65b97ad6f2b0d341ea06a50a6f8f658077,val
img_src_0497,img_src_0497_clean_01.png,data/generated/images/img_src_0497_clean_01.png,image,0,clean,0.0,53bd74ef7b56f8aff9f30b4c7ff71318c8900bc1b3e3224395b5dd81eee84571,train
img_src_0497,img_src_0497_clean_02.png,data/generated/images/img_src_0497_clean_02.png,image,0,clean,0.0,53bd74ef7b56f8aff9f30b4c7ff71318c8900bc1b3e3224395b5dd81eee84571,train
img_src_0497,img_src_0497_stego_lsb_matching_0.20.png,data/generated/images/img_src_0497_stego_lsb_matching_0.20.png,image,1,lsb_matching,0.2,13577cec2c4a109e19aa44dd7dd615e18e0dd2d0868fe62c5105df00028017f1,train
img_src_0497,img_src_0497_stego_edge_adaptive_0.30.png,data/generated/images/img_src_0497_stego_edge_adaptive_0.30.png,image,1,edge_adaptive,0.3,e93c1023cec88eb9151384ab72249e35992cb44ccd9b790782d57ea499a25dab,train
img_src_0498,img_src_0498_clean_01.png,data/generated/images/img_src_0498_clean_01.png,image,0,clean,0.0,cff774fafa36d51a59cbb66be930b4c1fb5cf1b498e214d6e61b4150a7ab5693,train
img_src_0498,img_src_0498_clean_02.png,data/generated/images/img_src_0498_clean_02.png,image,0,clean,0.0,cff774fafa36d51a59cbb66be930b4c1fb5cf1b498e214d6e61b4150a7ab5693,train
img_src_0498,img_src_0498_stego_edge_adaptive_0.30.png,data/generated/images/img_src_0498_stego_edge_adaptive_0.30.png,image,1,edge_adaptive,0.3,5bfc646ed808e2d56ecb7c21b02f1d86c417d982153f1ec22f571f72eee20a43,train
img_src_0498,img_src_0498_stego_dct_ac_0.50.png,data/generated/images/img_src_0498_stego_dct_ac_0.50.png,image,1,dct_ac,0.5,19d42d714528f28f58c8c35e6b36c4e7c514c5f6f6f0e9aaabd884c6e3c636c7,train
img_src_0499,img_src_0499_clean_01.png,data/generated/images/img_src_0499_clean_01.png,image,0,clean,0.0,8bbcc8ee638d49b03655f8a0bb4364956a0f2e2320b6430bc14fdae044e4e580,train
img_src_0499,img_src_0499_clean_02.png,data/generated/images/img_src_0499_clean_02.png,image,0,clean,0.0,8bbcc8ee638d49b03655f8a0bb4364956a0f2e2320b6430bc14fdae044e4e580,train
img_src_0499,img_src_0499_stego_dct_ac_0.50.png,data/generated/images/img_src_0499_stego_dct_ac_0.50.png,image,1,dct_ac,0.5,24fbb30b64b5e84555610440605203599512511f70e77c613058e17b152ca0fa,train
img_src_0499,img_src_0499_stego_lsb_replacement_0.10.png,data/generated/images/img_src_0499_stego_lsb_replacement_0.10.png,image,1,lsb_replacement,0.1,6bc294c31ecf4b2e5a15e624e16fdf06db9e5e5a732b30fe3ca49daab4edf705,train
aud_src_0000,aud_src_0000_clean.wav,data/generated/audio/aud_src_0000_clean.wav,audio,0,clean,0.0,635045ba6ed8c732c01cf953a8496c16395719060df6a8de30fb5ff398cf4e42,train
aud_src_0000,aud_src_0000_stego_lsb_replacement_0.20.wav,data/generated/audio/aud_src_0000_stego_lsb_replacement_0.20.wav,audio,1,lsb_replacement,0.2,6049d96e044c24dba404adc5591e49ff89e15ed3862111d6e3911b4f0b668fbd,train
aud_src_0001,aud_src_0001_clean.wav,data/generated/audio/aud_src_0001_clean.wav,audio,0,clean,0.0,4d839d7ea077b3e43679309f0de2dfcbc3e9493532d15eeae4c7a7b4c6fe328d,train
aud_src_0001,aud_src_0001_stego_lsb_matching_0.40.wav,data/generated/audio/aud_src_0001_stego_lsb_matching_0.40.wav,audio,1,lsb_matching,0.4,404628d8e0123e98b8789de1d972c49743973325a18cd6929e86c81fae5cd743,train
aud_src_0002,aud_src_0002_clean.wav,data/generated/audio/aud_src_0002_clean.wav,audio,0,clean,0.0,910e8553430d42be86ef332a6b39bbf4fbc87c43bacc1c86ccc45f828d8064a4,test
aud_src_0002,aud_src_0002_stego_echo_hiding_0.70.wav,data/generated/audio/aud_src_0002_stego_echo_hiding_0.70.wav,audio,1,echo_hiding,0.7,a8cb3f9185e771e38924d14de47f840df9f24f710bb6594bd41f49fe3aed4efb,test
aud_src_0003,aud_src_0003_clean.wav,data/generated/audio/aud_src_0003_clean.wav,audio,0,clean,0.0,75434bb38e4013225999a324ec8d471be5afdc7a6ca7d3a46156d0becf82c0d3,val
aud_src_0003,aud_src_0003_stego_lsb_replacement_1.00.wav,data/generated/audio/aud_src_0003_stego_lsb_replacement_1.00.wav,audio,1,lsb_replacement,1.0,c5d07761d7ce2d5c700fd9e92bafc28866e291941b8daf757c5f4a2a053df168,val
aud_src_0004,aud_src_0004_clean.wav,data/generated/audio/aud_src_0004_clean.wav,audio,0,clean,0.0,efdd2033f5d38f2a688b574372cc69077ae8f8624281b0a4ba209bc63eaf0872,train
aud_src_0004,aud_src_0004_stego_lsb_matching_0.20.wav,data/generated/audio/aud_src_0004_stego_lsb_matching_0.20.wav,audio,1,lsb_matching,0.2,1472ed4ac3cfbc7e8f28257349f3297ac3e3f1b390dcbfcd54d55b0a1f4109ae,train
aud_src_0005,aud_src_0005_clean.wav,data/generated/audio/aud_src_0005_clean.wav,audio,0,clean,0.0,1a2355968eabf973e9c6b9d4f6ded68977897a9edb0b3b0e95b07ef811a23c0a,train
aud_src_0005,aud_src_0005_stego_echo_hiding_0.40.wav,data/generated/audio/aud_src_0005_stego_echo_hiding_0.40.wav,audio,1,echo_hiding,0.4,63b5755512f7e67f477475ebff0bf304c7dd574c9c666b4e4fa26c4ac1c19769,train
aud_src_0006,aud_src_0006_clean.wav,data/generated/audio/aud_src_0006_clean.wav,audio,0,clean,0.0,45ccc81ac5cf44033a5a7dfd702944e295d5177a8037f28577ff5f9982e4e387,train
aud_src_0006,aud_src_0006_stego_lsb_replacement_0.70.wav,data/generated/audio/aud_src_0006_stego_lsb_replacement_0.70.wav,audio,1,lsb_replacement,0.7,791765cad820d67c7ee51edc0101bc5763bece607e124cb3101fe8a3c86c1fef,train
aud_src_0007,aud_src_0007_clean.wav,data/generated/audio/aud_src_0007_clean.wav,audio,0,clean,0.0,415ea00190594d2048f20299bb02b52b54d41d2e958a333a0d2fc1662b7e582d,train
aud_src_0007,aud_src_0007_stego_lsb_matching_1.00.wav,data/generated/audio/aud_src_0007_stego_lsb_matching_1.00.wav,audio,1,lsb_matching,1.0,f31d1ec891233f55b97066086d43a91020276890e4a364fbd17f504b0dd27d22,train
aud_src_0008,aud_src_0008_clean.wav,data/generated/audio/aud_src_0008_clean.wav,audio,0,clean,0.0,24d899ad55129fb0922bba7f057ab054855a067e4bbf7287bd67e5d571867184,test
aud_src_0008,aud_src_0008_stego_echo_hiding_0.20.wav,data/generated/audio/aud_src_0008_stego_echo_hiding_0.20.wav,audio,1,echo_hiding,0.2,4c82c5ea0e99b51fcc1e0487b69ece30b5a6b3deef668e1aeccab318cdf52e97,test
aud_src_0009,aud_src_0009_clean.wav,data/generated/audio/aud_src_0009_clean.wav,audio,0,clean,0.0,3c1cf16f317e9188d8635fd0e8e7893287e6ff968e3501051c2cba62a60a8209,val
aud_src_0009,aud_src_0009_stego_lsb_replacement_0.40.wav,data/generated/audio/aud_src_0009_stego_lsb_replacement_0.40.wav,audio,1,lsb_replacement,0.4,91b2e1620e82d7497498a5911376ddf7ed89204c3e948aed6a932e4967789ef6,val
aud_src_0010,aud_src_0010_clean.wav,data/generated/audio/aud_src_0010_clean.wav,audio,0,clean,0.0,963570d99ecb3cf441c689c0c4c2357be9105ed4aa2847104e054cf41f591c2e,test
aud_src_0010,aud_src_0010_stego_lsb_matching_0.70.wav,data/generated/audio/aud_src_0010_stego_lsb_matching_0.70.wav,audio,1,lsb_matching,0.7,aa8f39e1a2b07a2ac61c25c635074e1008a440b23df76c096bb0c0276afa22ca,test
aud_src_0011,aud_src_0011_clean.wav,data/generated/audio/aud_src_0011_clean.wav,audio,0,clean,0.0,46b3a4f6ece8ab7abc5a23e979fad357839b32e88e30b5d221766cc8018e1989,val
aud_src_0011,aud_src_0011_stego_echo_hiding_1.00.wav,data/generated/audio/aud_src_0011_stego_echo_hiding_1.00.wav,audio,1,echo_hiding,1.0,853bf4189a2c59fd0646e246cf066d033ffa92ef446e19f343c5d3383ff2a344,val
aud_src_0012,aud_src_0012_clean.wav,data/generated/audio/aud_src_0012_clean.wav,audio,0,clean,0.0,e8a02908afd7784dbea12666fa64867fc40940a03dcf11a81b4736d3188366fd,train
aud_src_0012,aud_src_0012_stego_lsb_replacement_0.20.wav,data/generated/audio/aud_src_0012_stego_lsb_replacement_0.20.wav,audio,1,lsb_replacement,0.2,65cc8c27918af35cb85716c4d799784eca40b7e5358268049df7d5de76a33b91,train
aud_src_0013,aud_src_0013_clean.wav,data/generated/audio/aud_src_0013_clean.wav,audio,0,clean,0.0,6f3ac52faf70ed777f0c9b53d0e1d12f596137bd70b5ea5dcdcc54561060bb4a,train
aud_src_0013,aud_src_0013_stego_lsb_matching_0.40.wav,data/generated/audio/aud_src_0013_stego_lsb_matching_0.40.wav,audio,1,lsb_matching,0.4,b3dfeeb399a7b6681c9edbb5dfed805c64df160bec6d3c4d35f2ec594941ca29,train
aud_src_0014,aud_src_0014_clean.wav,data/generated/audio/aud_src_0014_clean.wav,audio,0,clean,0.0,d303811b8c84619667cd0501342f84ec6cbe69f7aa3856dcf52fabda374c92b8,train
aud_src_0014,aud_src_0014_stego_echo_hiding_0.70.wav,data/generated/audio/aud_src_0014_stego_echo_hiding_0.70.wav,audio,1,echo_hiding,0.7,d303811b8c84619667cd0501342f84ec6cbe69f7aa3856dcf52fabda374c92b8,train
aud_src_0015,aud_src_0015_clean.wav,data/generated/audio/aud_src_0015_clean.wav,audio,0,clean,0.0,6562daf556cee4f1146c255da8796b34a20cb39795268929e2204f4b83fd8eac,val
aud_src_0015,aud_src_0015_stego_lsb_replacement_1.00.wav,data/generated/audio/aud_src_0015_stego_lsb_replacement_1.00.wav,audio,1,lsb_replacement,1.0,7e5567a6e250559a636dced81168bb23aaa60b52f64c4339bc6c47139c3f0dc0,val
aud_src_0016,aud_src_0016_clean.wav,data/generated/audio/aud_src_0016_clean.wav,audio,0,clean,0.0,683adda9d4b19c9fe8bc28b27388ee7e3aa328229a8995d18e59abc970cb7051,train
aud_src_0016,aud_src_0016_stego_lsb_matching_0.20.wav,data/generated/audio/aud_src_0016_stego_lsb_matching_0.20.wav,audio,1,lsb_matching,0.2,4bb6d31f763cc33317cda9ff2cff0b970352a94064aec4257a1d1975bfed0aee,train
aud_src_0017,aud_src_0017_clean.wav,data/generated/audio/aud_src_0017_clean.wav,audio,0,clean,0.0,b0252549bf296c373514a41e605290ca999b20f8c87a88e10b5b5a4c49f009ad,val
aud_src_0017,aud_src_0017_stego_echo_hiding_0.40.wav,data/generated/audio/aud_src_0017_stego_echo_hiding_0.40.wav,audio,1,echo_hiding,0.4,e486491a77b1080cf01bdd76d1a1671a0594f8381b2de0239170be4c65999073,val
aud_src_0018,aud_src_0018_clean.wav,data/generated/audio/aud_src_0018_clean.wav,audio,0,clean,0.0,34e4e123bd5359972862a919d694a36349f14cc2c285d6224dd0f2c8e1e730d2,train
aud_src_0018,aud_src_0018_stego_lsb_replacement_0.70.wav,data/generated/audio/aud_src_0018_stego_lsb_replacement_0.70.wav,audio,1,lsb_replacement,0.7,744b3ff4671b95e2b2de213dbcd2252e535ba8daf46be698152198eae4a65860,train
aud_src_0019,aud_src_0019_clean.wav,data/generated/audio/aud_src_0019_clean.wav,audio,0,clean,0.0,fbf993e9c9f845fd85ae6e60f9de4416ceace7331ae1222c1659257dcae96cfb,train
aud_src_0019,aud_src_0019_stego_lsb_matching_1.00.wav,data/generated/audio/aud_src_0019_stego_lsb_matching_1.00.wav,audio,1,lsb_matching,1.0,35e0f5959512bdf0ce466cabc974065bea96798ba8a61d512e64f94604c47ac0,train
aud_src_0020,aud_src_0020_clean.wav,data/generated/audio/aud_src_0020_clean.wav,audio,0,clean,0.0,d86a0d5bf428a4ff87c92745abaff1a8a85ca031b059025adbe58637280ae203,test
aud_src_0020,aud_src_0020_stego_echo_hiding_0.20.wav,data/generated/audio/aud_src_0020_stego_echo_hiding_0.20.wav,audio,1,echo_hiding,0.2,f9e2e799b308af99f5b8e9536fd5da1e6d005803799c66da097492ec7ae3d80a,test
aud_src_0021,aud_src_0021_clean.wav,data/generated/audio/aud_src_0021_clean.wav,audio,0,clean,0.0,785851dbcad7b9f8b04547c47120a1b1cfc48b5350a403cb02540b1f20f10d86,train
aud_src_0021,aud_src_0021_stego_lsb_replacement_0.40.wav,data/generated/audio/aud_src_0021_stego_lsb_replacement_0.40.wav,audio,1,lsb_replacement,0.4,febafea50d38a9c916ae69b8dca1c8cacccf3499e3b8e1a29a189a373c50d2f1,train
aud_src_0022,aud_src_0022_clean.wav,data/generated/audio/aud_src_0022_clean.wav,audio,0,clean,0.0,991e1b52b33615d68b7a5b1a21d02ca3589e9e6f0ad271f7cebd8c83dcab1111,train
aud_src_0022,aud_src_0022_stego_lsb_matching_0.70.wav,data/generated/audio/aud_src_0022_stego_lsb_matching_0.70.wav,audio,1,lsb_matching,0.7,eb10d719b48e5b2499d08d4789413aede036cc9f2c92b837add78adc6fac6936,train
aud_src_0023,aud_src_0023_clean.wav,data/generated/audio/aud_src_0023_clean.wav,audio,0,clean,0.0,e8b6e502de3d14c7048afa3f82da406d6cfe0ade1a28f3f2c7146a49a159d999,train
aud_src_0023,aud_src_0023_stego_echo_hiding_1.00.wav,data/generated/audio/aud_src_0023_stego_echo_hiding_1.00.wav,audio,1,echo_hiding,1.0,8803957469a28c07619420c1008c9f56e7455993244bcc15cad389cfc44d1694,train
aud_src_0024,aud_src_0024_clean.wav,data/generated/audio/aud_src_0024_clean.wav,audio,0,clean,0.0,13aa181c1cfa94c71cc7160e6bdd6566523b430c9433f47fedf54891ea2f108a,test
aud_src_0024,aud_src_0024_stego_lsb_replacement_0.20.wav,data/generated/audio/aud_src_0024_stego_lsb_replacement_0.20.wav,audio,1,lsb_replacement,0.2,552e3083d6e095a638c49c8689c9a4b0ab77776eb63b5f1ffa3a370324a8cc87,test
aud_src_0025,aud_src_0025_clean.wav,data/generated/audio/aud_src_0025_clean.wav,audio,0,clean,0.0,14ef85004ec4d2452c796ddafc7d0adefdd8996052548d12f199a91657c7eb8a,train
aud_src_0025,aud_src_0025_stego_lsb_matching_0.40.wav,data/generated/audio/aud_src_0025_stego_lsb_matching_0.40.wav,audio,1,lsb_matching,0.4,42a4500e10040c560971cafdca203efc47b5d20cd37cab6bc97c920fc3f57533,train
aud_src_0026,aud_src_0026_clean.wav,data/generated/audio/aud_src_0026_clean.wav,audio,0,clean,0.0,6c13ea020a3c5df5abf29784053144a4cac095d61b5c643646aec78cc648b012,train
aud_src_0026,aud_src_0026_stego_echo_hiding_0.70.wav,data/generated/audio/aud_src_0026_stego_echo_hiding_0.70.wav,audio,1,echo_hiding,0.7,49322e84a5d5c204fea0098c1cbf1d66ba73ab5bf8fc9bc78ece75e779b2267e,train
aud_src_0027,aud_src_0027_clean.wav,data/generated/audio/aud_src_0027_clean.wav,audio,0,clean,0.0,09b1ed534eee732faedc9beaf0879e27f5587f70c2fe59b23046deb1ed162cd6,train
aud_src_0027,aud_src_0027_stego_lsb_replacement_1.00.wav,data/generated/audio/aud_src_0027_stego_lsb_replacement_1.00.wav,audio,1,lsb_replacement,1.0,f7337052bf580edfb4c034d34fbe17e67f7acb3ca9269dda4051d7eb6f00b366,train
aud_src_0028,aud_src_0028_clean.wav,data/generated/audio/aud_src_0028_clean.wav,audio,0,clean,0.0,f2af28a6842ea072f6c675e2b8cc4097aefe6e0e0e00e7eb57015a68c10846f4,train
aud_src_0028,aud_src_0028_stego_lsb_matching_0.20.wav,data/generated/audio/aud_src_0028_stego_lsb_matching_0.20.wav,audio,1,lsb_matching,0.2,4fae90e94a463820ed38e3e3d8ec128b5dcd9ee02abfb5b3f177372849c82758,train
aud_src_0029,aud_src_0029_clean.wav,data/generated/audio/aud_src_0029_clean.wav,audio,0,clean,0.0,cbb99fd8ed92cb80343cfedcfb522fab646d80f1288ea3e98625e8cbb135a859,train
aud_src_0029,aud_src_0029_stego_echo_hiding_0.40.wav,data/generated/audio/aud_src_0029_stego_echo_hiding_0.40.wav,audio,1,echo_hiding,0.4,3fd7b8587f3d9b92d0f88b16000b303a6d4cddda4d0ce814ff60104374ef2e16,train
aud_src_0030,aud_src_0030_clean.wav,data/generated/audio/aud_src_0030_clean.wav,audio,0,clean,0.0,7624f3db61440172d7baa6800ddaf9c81be21a1930012c2edbd0fb4d4cd59972,train
aud_src_0030,aud_src_0030_stego_lsb_replacement_0.70.wav,data/generated/audio/aud_src_0030_stego_lsb_replacement_0.70.wav,audio,1,lsb_replacement,0.7,8414a83ff55ca7ef54e87b999253777a37d6398532eb6bff989af7521770a179,train
aud_src_0031,aud_src_0031_clean.wav,data/generated/audio/aud_src_0031_clean.wav,audio,0,clean,0.0,89a38ce4f2ff5aa0b1de460af4c808efe8b3f82a81a0f29dbc3208151bff3e6c,train
aud_src_0031,aud_src_0031_stego_lsb_matching_1.00.wav,data/generated/audio/aud_src_0031_stego_lsb_matching_1.00.wav,audio,1,lsb_matching,1.0,5d115ef8f267bffbfde56fe198ec827ccb9a94d3ed4c7f3f7393950c3968faba,train
aud_src_0032,aud_src_0032_clean.wav,data/generated/audio/aud_src_0032_clean.wav,audio,0,clean,0.0,30badc1a69d0764ecd1f9b79a23785f22ddb94f64f76cde1437b580b8540cdbf,train
aud_src_0032,aud_src_0032_stego_echo_hiding_0.20.wav,data/generated/audio/aud_src_0032_stego_echo_hiding_0.20.wav,audio,1,echo_hiding,0.2,1ae2ec92e3f827e7a46575ea1198552b530e3b8ab853a9cd21f2c735d05d2907,train
aud_src_0033,aud_src_0033_clean.wav,data/generated/audio/aud_src_0033_clean.wav,audio,0,clean,0.0,113addc8a4d720bfe1a15c34d6ba1bb82a3e08de6b98d9d26da9b7bbd72dc2b3,train
aud_src_0033,aud_src_0033_stego_lsb_replacement_0.40.wav,data/generated/audio/aud_src_0033_stego_lsb_replacement_0.40.wav,audio,1,lsb_replacement,0.4,e3f4088938a14d5c3952e7f84ea5ffa697704dcb40b5b9f5d5137c972d9e3d5f,train
aud_src_0034,aud_src_0034_clean.wav,data/generated/audio/aud_src_0034_clean.wav,audio,0,clean,0.0,2f395037ea9afbcade117e2d709a75f5a111959cb93df23220b41222a7c2ec77,train
aud_src_0034,aud_src_0034_stego_lsb_matching_0.70.wav,data/generated/audio/aud_src_0034_stego_lsb_matching_0.70.wav,audio,1,lsb_matching,0.7,1e9836b5564e30580a6733360d652f19a272c2bec8d858c5abfee592695a0185,train
aud_src_0035,aud_src_0035_clean.wav,data/generated/audio/aud_src_0035_clean.wav,audio,0,clean,0.0,1f36558ef9a43cabe648458c7c5427499d7481ae6a01c7d37f9a9a138a2b8139,train
aud_src_0035,aud_src_0035_stego_echo_hiding_1.00.wav,data/generated/audio/aud_src_0035_stego_echo_hiding_1.00.wav,audio,1,echo_hiding,1.0,9136a7bd0918655276be5bc76d6fee63623c170d666b7ae0fcf8189795502547,train
aud_src_0036,aud_src_0036_clean.wav,data/generated/audio/aud_src_0036_clean.wav,audio,0,clean,0.0,72b7dbd35703f080ebd3b8efc9f3b26317e90ccca2f3a9ced8071272e7ff830c,train
aud_src_0036,aud_src_0036_stego_lsb_replacement_0.20.wav,data/generated/audio/aud_src_0036_stego_lsb_replacement_0.20.wav,audio,1,lsb_replacement,0.2,1b01ed46d10fb72dbd16c1e451789d536ff0c92abb9c1f25c9d135e9a2a3a35a,train
aud_src_0037,aud_src_0037_clean.wav,data/generated/audio/aud_src_0037_clean.wav,audio,0,clean,0.0,10b7781af37864dcad23f6e7f896551b9eec5aac32c64db2070a6e6a55848e9b,train
aud_src_0037,aud_src_0037_stego_lsb_matching_0.40.wav,data/generated/audio/aud_src_0037_stego_lsb_matching_0.40.wav,audio,1,lsb_matching,0.4,3f9aeb2ae24bea43af593666427129d22aa716ff1cf948c58e1c2e016ecc8ce2,train
aud_src_0038,aud_src_0038_clean.wav,data/generated/audio/aud_src_0038_clean.wav,audio,0,clean,0.0,42466c1c6ad83c02ee0b40802c921a49e7d0727d6ce2ecc785f9a97710a9c7ec,train
aud_src_0038,aud_src_0038_stego_echo_hiding_0.70.wav,data/generated/audio/aud_src_0038_stego_echo_hiding_0.70.wav,audio,1,echo_hiding,0.7,066bab56e9488bcde696ac9cfa35f9db2ae55e243b367f6f9c6cc74c94877e90,train
aud_src_0039,aud_src_0039_clean.wav,data/generated/audio/aud_src_0039_clean.wav,audio,0,clean,0.0,83d2a79b24ce18bc2791dc8bb27b0bf9e1c718a14e5c56c76676a5c8e02e7b75,train
aud_src_0039,aud_src_0039_stego_lsb_replacement_1.00.wav,data/generated/audio/aud_src_0039_stego_lsb_replacement_1.00.wav,audio,1,lsb_replacement,1.0,d6fd5ccd1cdea822b6dc04f79c67be10c6935047b49edffac3ed584203d954ff,train
aud_src_0040,aud_src_0040_clean.wav,data/generated/audio/aud_src_0040_clean.wav,audio,0,clean,0.0,4c8d0c2c3689476a3fe56a6c16038fb9aab975cfe8b25ff27960284f2b3f8cd6,test
aud_src_0040,aud_src_0040_stego_lsb_matching_0.20.wav,data/generated/audio/aud_src_0040_stego_lsb_matching_0.20.wav,audio,1,lsb_matching,0.2,04c9cec8122f0a4b43c85822a811809201b7de24463ba9c6d72c3ba67b56e5af,test
aud_src_0041,aud_src_0041_clean.wav,data/generated/audio/aud_src_0041_clean.wav,audio,0,clean,0.0,46021e00191799b967facb3317ef58f479153aba60ab57697f39d8b2e039c27a,train
aud_src_0041,aud_src_0041_stego_echo_hiding_0.40.wav,data/generated/audio/aud_src_0041_stego_echo_hiding_0.40.wav,audio,1,echo_hiding,0.4,6fbe2be402d9cf168975249a22c440d94d166c0b6a860feb2711c395b5dc4423,train
aud_src_0042,aud_src_0042_clean.wav,data/generated/audio/aud_src_0042_clean.wav,audio,0,clean,0.0,74f2ec1ad949e7a3c2c270526d09a540a38b6fde4f84b8ca7974b48dcb5c7ea6,train
aud_src_0042,aud_src_0042_stego_lsb_replacement_0.70.wav,data/generated/audio/aud_src_0042_stego_lsb_replacement_0.70.wav,audio,1,lsb_replacement,0.7,7113a02ce9711537c978c236f5fa1606d785d408b593eefab5326dfdc40d8857,train
aud_src_0043,aud_src_0043_clean.wav,data/generated/audio/aud_src_0043_clean.wav,audio,0,clean,0.0,baf235e059bb96f9209b629575313b3a14b564e366605dddb43ef08f0e573b8e,train
aud_src_0043,aud_src_0043_stego_lsb_matching_1.00.wav,data/generated/audio/aud_src_0043_stego_lsb_matching_1.00.wav,audio,1,lsb_matching,1.0,a2b695eb3f5e3ffb35a57b06cd207830439fb54d3fc3a8d6a05fcf114efc9dc9,train
aud_src_0044,aud_src_0044_clean.wav,data/generated/audio/aud_src_0044_clean.wav,audio,0,clean,0.0,47a44045fdc150a383cd3275f0cff42e8ca1ccbb4559f6d6216f24bfd4c02ce7,train
aud_src_0044,aud_src_0044_stego_echo_hiding_0.20.wav,data/generated/audio/aud_src_0044_stego_echo_hiding_0.20.wav,audio,1,echo_hiding,0.2,37c4de82ff948a6d51301b30c6530d17367296d7d71699e37e0d504178887d91,train
aud_src_0045,aud_src_0045_clean.wav,data/generated/audio/aud_src_0045_clean.wav,audio,0,clean,0.0,c273624d1ab6ccac30916ca54004401dae26ac10f08669898b49795d4c52451b,train
aud_src_0045,aud_src_0045_stego_lsb_replacement_0.40.wav,data/generated/audio/aud_src_0045_stego_lsb_replacement_0.40.wav,audio,1,lsb_replacement,0.4,a426d443fa95028c620bff4a19d2c2220eeafb390538cb47cb58cff00edb1211,train
aud_src_0046,aud_src_0046_clean.wav,data/generated/audio/aud_src_0046_clean.wav,audio,0,clean,0.0,c5c6eea1d9aa49892036e89ca913b3ff48ae377d109568f8e15b6c2746c724b6,val
aud_src_0046,aud_src_0046_stego_lsb_matching_0.70.wav,data/generated/audio/aud_src_0046_stego_lsb_matching_0.70.wav,audio,1,lsb_matching,0.7,5930a39ac727f10144fc4d8e1287e4c68a9acf5b2b30da68005dd10beafec85c,val
aud_src_0047,aud_src_0047_clean.wav,data/generated/audio/aud_src_0047_clean.wav,audio,0,clean,0.0,62f526aca293de88fa698aca0e670d815b93b4300a80c65c5a2cfe70ced2696a,train
aud_src_0047,aud_src_0047_stego_echo_hiding_1.00.wav,data/generated/audio/aud_src_0047_stego_echo_hiding_1.00.wav,audio,1,echo_hiding,1.0,6c1d3cef4787be1c18dc7cc3a99c01ae7b28db2c8d60898af5c87b41aaac5dd3,train
aud_src_0048,aud_src_0048_clean.wav,data/generated/audio/aud_src_0048_clean.wav,audio,0,clean,0.0,d098285d1549b5728d84a776ff356f62b7ab075322375724d9b1510b7284d1b4,train
aud_src_0048,aud_src_0048_stego_lsb_replacement_0.20.wav,data/generated/audio/aud_src_0048_stego_lsb_replacement_0.20.wav,audio,1,lsb_replacement,0.2,a9c08dab83de4683e8368e9a910bf0731b8dd33d8752d9aa6bbc673318fe66b5,train
aud_src_0049,aud_src_0049_clean.wav,data/generated/audio/aud_src_0049_clean.wav,audio,0,clean,0.0,80b3092800df3fb599c01ab0f95c96bdf3561fe22cfd27015ac6c54f6ad00dda,train
aud_src_0049,aud_src_0049_stego_lsb_matching_0.40.wav,data/generated/audio/aud_src_0049_stego_lsb_matching_0.40.wav,audio,1,lsb_matching,0.4,0e6b5aadf1ea84740cec4669085be2fccec79a050ec560ff7b55b60184b78642,train
aud_src_0050,aud_src_0050_clean.wav,data/generated/audio/aud_src_0050_clean.wav,audio,0,clean,0.0,58172c1a01dbb8f28ec08bec93cedbc03f7549ebf8af7c8ce6c2b4f22f2a01e7,val
aud_src_0050,aud_src_0050_stego_echo_hiding_0.70.wav,data/generated/audio/aud_src_0050_stego_echo_hiding_0.70.wav,audio,1,echo_hiding,0.7,3eb35faac00d66c65871cd4628fe44e13624ff37d30e503ad8a9ad8f497ae871,val
aud_src_0051,aud_src_0051_clean.wav,data/generated/audio/aud_src_0051_clean.wav,audio,0,clean,0.0,7cb70569687d936e5c46fb8cec24136aae46ff37e4c892fb38085623d3a612d9,train
aud_src_0051,aud_src_0051_stego_lsb_replacement_1.00.wav,data/generated/audio/aud_src_0051_stego_lsb_replacement_1.00.wav,audio,1,lsb_replacement,1.0,08bdc47641e19f9236f88b5c1f55b111bc531cbe7e688495286b2eb323727247,train
aud_src_0052,aud_src_0052_clean.wav,data/generated/audio/aud_src_0052_clean.wav,audio,0,clean,0.0,b22da04da365748d33ccdb539fc7243eccc1696546c7c4568ef5312cda0ab33e,train
aud_src_0052,aud_src_0052_stego_lsb_matching_0.20.wav,data/generated/audio/aud_src_0052_stego_lsb_matching_0.20.wav,audio,1,lsb_matching,0.2,e8c88230ddd859209f888e589cf4dfb5017673e68877277c0d8d7437f7a54c91,train
aud_src_0053,aud_src_0053_clean.wav,data/generated/audio/aud_src_0053_clean.wav,audio,0,clean,0.0,d303811b8c84619667cd0501342f84ec6cbe69f7aa3856dcf52fabda374c92b8,train
aud_src_0053,aud_src_0053_stego_echo_hiding_0.40.wav,data/generated/audio/aud_src_0053_stego_echo_hiding_0.40.wav,audio,1,echo_hiding,0.4,d303811b8c84619667cd0501342f84ec6cbe69f7aa3856dcf52fabda374c92b8,train
aud_src_0054,aud_src_0054_clean.wav,data/generated/audio/aud_src_0054_clean.wav,audio,0,clean,0.0,ed263f9c7be1c6149628a553588b88cc83d7cbe30392401efe0b281faaa68582,train
aud_src_0054,aud_src_0054_stego_lsb_replacement_0.70.wav,data/generated/audio/aud_src_0054_stego_lsb_replacement_0.70.wav,audio,1,lsb_replacement,0.7,16aec346372a0257f257b3138ac0386938ce5324e8c678089c4f5bfe0e7923dd,train
aud_src_0055,aud_src_0055_clean.wav,data/generated/audio/aud_src_0055_clean.wav,audio,0,clean,0.0,56671b81141b160595d107191be76b35e6d807bb417cfb1db198fc0f4bbb0fc5,train
aud_src_0055,aud_src_0055_stego_lsb_matching_1.00.wav,data/generated/audio/aud_src_0055_stego_lsb_matching_1.00.wav,audio,1,lsb_matching,1.0,d24a995cb241324fadf51cf25d30afe5d6f6b42d9c0475b32c3439f93d756366,train
aud_src_0056,aud_src_0056_clean.wav,data/generated/audio/aud_src_0056_clean.wav,audio,0,clean,0.0,244f13768fd0bc8343da5c197070d3e98577750edbcb77dd6687b84bd031c62a,test
aud_src_0056,aud_src_0056_stego_echo_hiding_0.20.wav,data/generated/audio/aud_src_0056_stego_echo_hiding_0.20.wav,audio,1,echo_hiding,0.2,4a32dfb02677cd3f6a5c281f99265441f6f4e14ec16f3306c405aff46cb87d80,test
aud_src_0057,aud_src_0057_clean.wav,data/generated/audio/aud_src_0057_clean.wav,audio,0,clean,0.0,0948805057387444554d3642ce1c1ab860b045f3e8db3b63515f3ffad015b08b,train
aud_src_0057,aud_src_0057_stego_lsb_replacement_0.40.wav,data/generated/audio/aud_src_0057_stego_lsb_replacement_0.40.wav,audio,1,lsb_replacement,0.4,3760a976b401d01d92882f7a962b85cfe2932217631aaa8a2cbb312d344a409c,train
aud_src_0058,aud_src_0058_clean.wav,data/generated/audio/aud_src_0058_clean.wav,audio,0,clean,0.0,674cd68f549d1e872628ef508cec5c6126436d66c90c4f838368231a497e9e76,train
aud_src_0058,aud_src_0058_stego_lsb_matching_0.70.wav,data/generated/audio/aud_src_0058_stego_lsb_matching_0.70.wav,audio,1,lsb_matching,0.7,70ce528c409b8b34c6d6179b69c41a8948a9e1d93031a6998a44f4adbab28edc,train
aud_src_0059,aud_src_0059_clean.wav,data/generated/audio/aud_src_0059_clean.wav,audio,0,clean,0.0,7949ce45e94179c803bf524dd37b34658f10f04312cb3006afb1e06da3e7fb4d,train
aud_src_0059,aud_src_0059_stego_echo_hiding_1.00.wav,data/generated/audio/aud_src_0059_stego_echo_hiding_1.00.wav,audio,1,echo_hiding,1.0,c6b25b5c8a77e39ec5c5a33c836c732b8a62b210fd84d27423ee0814d3f0ab03,train
aud_src_0060,aud_src_0060_clean.wav,data/generated/audio/aud_src_0060_clean.wav,audio,0,clean,0.0,d890a87d1bc0df7ba7d914852ca3385947c4d664ac53d06b9b2293745cd070a9,train
aud_src_0060,aud_src_0060_stego_lsb_replacement_0.20.wav,data/generated/audio/aud_src_0060_stego_lsb_replacement_0.20.wav,audio,1,lsb_replacement,0.2,d7a2e9ea55ceaad1eee81af1888e28b32fff124f4116884d6be6c666c4bbf09e,train
aud_src_0061,aud_src_0061_clean.wav,data/generated/audio/aud_src_0061_clean.wav,audio,0,clean,0.0,906582482315fe7ca7db742d8f60fa9925425d5ee8ec7bbc32ee6876488c7ce6,train
aud_src_0061,aud_src_0061_stego_lsb_matching_0.40.wav,data/generated/audio/aud_src_0061_stego_lsb_matching_0.40.wav,audio,1,lsb_matching,0.4,7ba36b2b4a1454b4ab9131fe6682fb5adbbfa59efdf3105205f52b13774c3671,train
aud_src_0062,aud_src_0062_clean.wav,data/generated/audio/aud_src_0062_clean.wav,audio,0,clean,0.0,13c5ec607f17695cc9c64f01f2a41f8fe939bd31ec55922406c49bbe4bc70ed9,test
aud_src_0062,aud_src_0062_stego_echo_hiding_0.70.wav,data/generated/audio/aud_src_0062_stego_echo_hiding_0.70.wav,audio,1,echo_hiding,0.7,b7c8f9f34494dbe84378669a9e3e2d710be1f4bd62c32d3fba4fd009dd95f81c,test
aud_src_0063,aud_src_0063_clean.wav,data/generated/audio/aud_src_0063_clean.wav,audio,0,clean,0.0,581fefe1e4d043f406d9394b3935cac18155cba0e8c007645ef05e9f4aa75e18,test
aud_src_0063,aud_src_0063_stego_lsb_replacement_1.00.wav,data/generated/audio/aud_src_0063_stego_lsb_replacement_1.00.wav,audio,1,lsb_replacement,1.0,fc622b4ac67b43a8ba5f919b5ff2717f79877a1df5b8f644873d9840275f0b13,test
aud_src_0064,aud_src_0064_clean.wav,data/generated/audio/aud_src_0064_clean.wav,audio,0,clean,0.0,c58b815ba472d901f67f1f35f26ddaaf7d2f0f5b079f9741cf1a9f240f8d3ebf,test
aud_src_0064,aud_src_0064_stego_lsb_matching_0.20.wav,data/generated/audio/aud_src_0064_stego_lsb_matching_0.20.wav,audio,1,lsb_matching,0.2,f396c9d89fb637ca0dcc1d4b87a6247efad569e96861251d5a2c8db4ef1dd3c2,test
aud_src_0065,aud_src_0065_clean.wav,data/generated/audio/aud_src_0065_clean.wav,audio,0,clean,0.0,a6d1c24bc5865150d5a9ad8aa4aee03187390cfb40aaa1f85d1cc87a2cb8a5ae,test
aud_src_0065,aud_src_0065_stego_echo_hiding_0.40.wav,data/generated/audio/aud_src_0065_stego_echo_hiding_0.40.wav,audio,1,echo_hiding,0.4,60c9d99367e2ade2390c6b880fee8ddf1837bef35d28e32c8f7cb50137ef6581,test
aud_src_0066,aud_src_0066_clean.wav,data/generated/audio/aud_src_0066_clean.wav,audio,0,clean,0.0,3e26692c7433e4f4f95a5ed486c08404ccc936498c831db9e0502f8d18e11783,train
aud_src_0066,aud_src_0066_stego_lsb_replacement_0.70.wav,data/generated/audio/aud_src_0066_stego_lsb_replacement_0.70.wav,audio,1,lsb_replacement,0.7,94fb7ee8202d8e3a925b9e1d5e3ec100a1d58ee19b89df614fc6464fad3b249f,train
aud_src_0067,aud_src_0067_clean.wav,data/generated/audio/aud_src_0067_clean.wav,audio,0,clean,0.0,4ac318eff395be8fe82c05e0c349a98b5f32202c67e3b1b2ba4965730ad692fb,train
aud_src_0067,aud_src_0067_stego_lsb_matching_1.00.wav,data/generated/audio/aud_src_0067_stego_lsb_matching_1.00.wav,audio,1,lsb_matching,1.0,2b830b433d423a06d0b0b04892461bb5955b6a1f187d79f261cbde651b327614,train
aud_src_0068,aud_src_0068_clean.wav,data/generated/audio/aud_src_0068_clean.wav,audio,0,clean,0.0,de6b6c2ab53ca0d116cb4603a6bbf7ce4b07539d2a04b9c2d3642fb3ab08fbfd,train
aud_src_0068,aud_src_0068_stego_echo_hiding_0.20.wav,data/generated/audio/aud_src_0068_stego_echo_hiding_0.20.wav,audio,1,echo_hiding,0.2,1f1fffb0cd80508b1b778d223f2b0e3181af1d4905ecba7e2dbd72ecb6f1433a,train
aud_src_0069,aud_src_0069_clean.wav,data/generated/audio/aud_src_0069_clean.wav,audio,0,clean,0.0,9730a2cf1da8e1b282758487b5c76d650c047cc351579577452cfac8034bc673,val
aud_src_0069,aud_src_0069_stego_lsb_replacement_0.40.wav,data/generated/audio/aud_src_0069_stego_lsb_replacement_0.40.wav,audio,1,lsb_replacement,0.4,9d1c26586150bd76676b6eb2f4a0f79180a0e0a2db4f94a358c9d3ea8b7b023b,val
aud_src_0070,aud_src_0070_clean.wav,data/generated/audio/aud_src_0070_clean.wav,audio,0,clean,0.0,1b91a47925a3bc793563757dca280aea2b9bf183e9f7cb43bd1448cce4f8e9e4,train
aud_src_0070,aud_src_0070_stego_lsb_matching_0.70.wav,data/generated/audio/aud_src_0070_stego_lsb_matching_0.70.wav,audio,1,lsb_matching,0.7,019ae7cb1db66564c6598657e2f705c5449340191c187ddf8a977e515197f913,train
aud_src_0071,aud_src_0071_clean.wav,data/generated/audio/aud_src_0071_clean.wav,audio,0,clean,0.0,ebfdc30de11fce235ebe29eb274cd12a87e69ab9b7b2d2a5c8875b27c2821efd,val
aud_src_0071,aud_src_0071_stego_echo_hiding_1.00.wav,data/generated/audio/aud_src_0071_stego_echo_hiding_1.00.wav,audio,1,echo_hiding,1.0,d162e48bb181de0ecc5f3f4a858005ac912edd7ddf331ebede1c180239723123,val
aud_src_0072,aud_src_0072_clean.wav,data/generated/audio/aud_src_0072_clean.wav,audio,0,clean,0.0,b3c7ff4caf087071eb4010b1ed27379562340083f300587ac2113211fbd4a328,train
aud_src_0072,aud_src_0072_stego_lsb_replacement_0.20.wav,data/generated/audio/aud_src_0072_stego_lsb_replacement_0.20.wav,audio,1,lsb_replacement,0.2,310182baaf3c87f92c243097c8adfea64b180a8d1d3b2dfb8e87d4b981fb677d,train
aud_src_0073,aud_src_0073_clean.wav,data/generated/audio/aud_src_0073_clean.wav,audio,0,clean,0.0,fdb2b64f6ad8a656e5f0c0414b5e9c194f18ee97cf494b045225396d8f45ec07,train
aud_src_0073,aud_src_0073_stego_lsb_matching_0.40.wav,data/generated/audio/aud_src_0073_stego_lsb_matching_0.40.wav,audio,1,lsb_matching,0.4,130d09f321bc46b28a36a65b6dc78314655ad1a89495294bbc5cc0bfee7ec480,train
aud_src_0074,aud_src_0074_clean.wav,data/generated/audio/aud_src_0074_clean.wav,audio,0,clean,0.0,c55538307159454e15d50b7727f020308fb0724850155a25bce95909f67f9e24,train
aud_src_0074,aud_src_0074_stego_echo_hiding_0.70.wav,data/generated/audio/aud_src_0074_stego_echo_hiding_0.70.wav,audio,1,echo_hiding,0.7,1b656d936b945d901c32ba0a1c972d196fb8fc4243937155b1a843371295ccc1,train
aud_src_0075,aud_src_0075_clean.wav,data/generated/audio/aud_src_0075_clean.wav,audio,0,clean,0.0,e05f88573ff75844a3046e54125cf163b9fc79d74b8bdd73a0d61dec7a679ac1,train
aud_src_0075,aud_src_0075_stego_lsb_replacement_1.00.wav,data/generated/audio/aud_src_0075_stego_lsb_replacement_1.00.wav,audio,1,lsb_replacement,1.0,215237ee1b866e4203b7d7bf45f623c7a6b2b122d590448637080ae139101c62,train
aud_src_0076,aud_src_0076_clean.wav,data/generated/audio/aud_src_0076_clean.wav,audio,0,clean,0.0,318dd87755959a325e6f6c2c3752e03f2e2d1c8821a76ec4cd432ddb602d35a9,train
aud_src_0076,aud_src_0076_stego_lsb_matching_0.20.wav,data/generated/audio/aud_src_0076_stego_lsb_matching_0.20.wav,audio,1,lsb_matching,0.2,8776a524f8b524ee59b4b28157c6820b2f88e1037b785fe1dc1299fec106a6e6,train
aud_src_0077,aud_src_0077_clean.wav,data/generated/audio/aud_src_0077_clean.wav,audio,0,clean,0.0,d0e05a3e3cda5fdb93198a0a0c95b7a292567079f12527280e563b8f345e992f,test
aud_src_0077,aud_src_0077_stego_echo_hiding_0.40.wav,data/generated/audio/aud_src_0077_stego_echo_hiding_0.40.wav,audio,1,echo_hiding,0.4,033be4417a80f934dd4be62d5d87f346fa0c04eae2987ed25f2127d156c1d858,test
aud_src_0078,aud_src_0078_clean.wav,data/generated/audio/aud_src_0078_clean.wav,audio,0,clean,0.0,85cb077dfa14ac96d92ba6c07ba9328315a1466d11316008e849c3430b45b87a,train
aud_src_0078,aud_src_0078_stego_lsb_replacement_0.70.wav,data/generated/audio/aud_src_0078_stego_lsb_replacement_0.70.wav,audio,1,lsb_replacement,0.7,c776ec3b7017014b41b1f8ab8d77938f3c842f3888595c7aae4c259439c869b3,train
aud_src_0079,aud_src_0079_clean.wav,data/generated/audio/aud_src_0079_clean.wav,audio,0,clean,0.0,241cd9446778e37bfa5d261523ac09560cdd9b14336879ba6ad7f09b0c1b17a6,val
aud_src_0079,aud_src_0079_stego_lsb_matching_1.00.wav,data/generated/audio/aud_src_0079_stego_lsb_matching_1.00.wav,audio,1,lsb_matching,1.0,98156c1389018f0e285010aa26c9ac00a2ea8744c3c8d70a501f578220fa03d6,val
aud_src_0080,aud_src_0080_clean.wav,data/generated/audio/aud_src_0080_clean.wav,audio,0,clean,0.0,4edb7de659dd80cf63fbf579734e4e5ccd2b4b4c9d6c65ed212b6accb97ee179,train
aud_src_0080,aud_src_0080_stego_echo_hiding_0.20.wav,data/generated/audio/aud_src_0080_stego_echo_hiding_0.20.wav,audio,1,echo_hiding,0.2,ac6af34f9027555f2b70bb3c9d3f4c5cf6e7859479b3c2cd0e4a93968615df69,train
aud_src_0081,aud_src_0081_clean.wav,data/generated/audio/aud_src_0081_clean.wav,audio,0,clean,0.0,05646335d338835a90d23a2dd4c959702296db8c3d4a647eb3ef1dee9d3e16b2,train
aud_src_0081,aud_src_0081_stego_lsb_replacement_0.40.wav,data/generated/audio/aud_src_0081_stego_lsb_replacement_0.40.wav,audio,1,lsb_replacement,0.4,cd7ed92ec4ee275b8638eba92ce8ca213d4e15820fa56b81b0a23619d11268fa,train
aud_src_0082,aud_src_0082_clean.wav,data/generated/audio/aud_src_0082_clean.wav,audio,0,clean,0.0,67867fb80188713cdcf7403d4b0f40ad2d4628b54a76479e5dfc0772127e1179,train
aud_src_0082,aud_src_0082_stego_lsb_matching_0.70.wav,data/generated/audio/aud_src_0082_stego_lsb_matching_0.70.wav,audio,1,lsb_matching,0.7,a43fc3c3bc426ece4dd313abc07ec15ae74948a230bba7d520d5b9344c84e914,train
aud_src_0083,aud_src_0083_clean.wav,data/generated/audio/aud_src_0083_clean.wav,audio,0,clean,0.0,6a3578930c52ed61e0865c00e03f633be6f35e5e1b56a04839c2c49c281a09d3,train
aud_src_0083,aud_src_0083_stego_echo_hiding_1.00.wav,data/generated/audio/aud_src_0083_stego_echo_hiding_1.00.wav,audio,1,echo_hiding,1.0,fb0c87a37ca6f6f1e756be120ae0ac9689f969c5798092f87dc7bfbc2eb1e270,train
aud_src_0084,aud_src_0084_clean.wav,data/generated/audio/aud_src_0084_clean.wav,audio,0,clean,0.0,d303811b8c84619667cd0501342f84ec6cbe69f7aa3856dcf52fabda374c92b8,train
aud_src_0084,aud_src_0084_stego_lsb_replacement_0.20.wav,data/generated/audio/aud_src_0084_stego_lsb_replacement_0.20.wav,audio,1,lsb_replacement,0.2,b19ae5ce8343b303969bec4a66208aac13ba4c4047ddaef99ba5c3948513e846,train
aud_src_0085,aud_src_0085_clean.wav,data/generated/audio/aud_src_0085_clean.wav,audio,0,clean,0.0,d303811b8c84619667cd0501342f84ec6cbe69f7aa3856dcf52fabda374c92b8,train
aud_src_0085,aud_src_0085_stego_lsb_matching_0.40.wav,data/generated/audio/aud_src_0085_stego_lsb_matching_0.40.wav,audio,1,lsb_matching,0.4,8d90f59fe94771a6727427cc2b6bdd53f321d9929483665c9a39f50fe3c0a122,train
aud_src_0086,aud_src_0086_clean.wav,data/generated/audio/aud_src_0086_clean.wav,audio,0,clean,0.0,0991cbe7db6b5825e27416c8990b7600b0d04e82078abb4c60dabcda88a44d24,val
aud_src_0086,aud_src_0086_stego_echo_hiding_0.70.wav,data/generated/audio/aud_src_0086_stego_echo_hiding_0.70.wav,audio,1,echo_hiding,0.7,6f49c1c29026af15fa97720a1a144aea6a308c4a8607024ed90eb2850ee7a69e,val
aud_src_0087,aud_src_0087_clean.wav,data/generated/audio/aud_src_0087_clean.wav,audio,0,clean,0.0,82c9d5d8f52f0992ea655c337a104fb6e3a33820f5359c4be3975cab4089f1e2,train
aud_src_0087,aud_src_0087_stego_lsb_replacement_1.00.wav,data/generated/audio/aud_src_0087_stego_lsb_replacement_1.00.wav,audio,1,lsb_replacement,1.0,c00b9387d54da9e0531e9461696fb4f07d1901a364ee6c4f45e8d8b473da1736,train
aud_src_0088,aud_src_0088_clean.wav,data/generated/audio/aud_src_0088_clean.wav,audio,0,clean,0.0,b1246ef8d10ee102eac68047f1bdc92ca7526672110a491b99e1826189d37b44,train
aud_src_0088,aud_src_0088_stego_lsb_matching_0.20.wav,data/generated/audio/aud_src_0088_stego_lsb_matching_0.20.wav,audio,1,lsb_matching,0.2,30132d7ad30f729e66d71a41d38630dda595e53b9570a1a899b78960c2927e6f,train
aud_src_0089,aud_src_0089_clean.wav,data/generated/audio/aud_src_0089_clean.wav,audio,0,clean,0.0,0abb3e5a467db24312ba69d3397b484d47721b14b581f916861c9933dac306c8,train
aud_src_0089,aud_src_0089_stego_echo_hiding_0.40.wav,data/generated/audio/aud_src_0089_stego_echo_hiding_0.40.wav,audio,1,echo_hiding,0.4,bc610c4bbd7729eb952857458453fa2dc7cbfdbdfe07e99eeea57fed43fae611,train
aud_src_0090,aud_src_0090_clean.wav,data/generated/audio/aud_src_0090_clean.wav,audio,0,clean,0.0,762375c351872cdb3f00480d5e2afe337f570933c445e7039146bb5baf2c163f,train
aud_src_0090,aud_src_0090_stego_lsb_replacement_0.70.wav,data/generated/audio/aud_src_0090_stego_lsb_replacement_0.70.wav,audio,1,lsb_replacement,0.7,fcaed26d00612857aa4b69b1c125a952f0c29a7b8a0c8fcf7a53929be1cc6c36,train
aud_src_0091,aud_src_0091_clean.wav,data/generated/audio/aud_src_0091_clean.wav,audio,0,clean,0.0,6dc2babb3abb061ace20577fe25a4c15e35163aed4553bf269da56625bcbd315,train
aud_src_0091,aud_src_0091_stego_lsb_matching_1.00.wav,data/generated/audio/aud_src_0091_stego_lsb_matching_1.00.wav,audio,1,lsb_matching,1.0,43a190ccfba194a18d724ac3894f5497893ea2151b711f7fb92d1760c74207fb,train
aud_src_0092,aud_src_0092_clean.wav,data/generated/audio/aud_src_0092_clean.wav,audio,0,clean,0.0,f5fee24c620f16a40944ea828867fc2feb4d74b452651c7aa61c90898847ab6e,test
aud_src_0092,aud_src_0092_stego_echo_hiding_0.20.wav,data/generated/audio/aud_src_0092_stego_echo_hiding_0.20.wav,audio,1,echo_hiding,0.2,db162ef51f5af0d75421de8e4317852c527fe2fbd46b683fbd3836cbd9e86547,test
aud_src_0093,aud_src_0093_clean.wav,data/generated/audio/aud_src_0093_clean.wav,audio,0,clean,0.0,365928ad62572ced54698ce7a6f9666468062724716f3b24cdd34a202d0e2827,train
aud_src_0093,aud_src_0093_stego_lsb_replacement_0.40.wav,data/generated/audio/aud_src_0093_stego_lsb_replacement_0.40.wav,audio,1,lsb_replacement,0.4,7be417535d6ed79b6b2d207b628be1695be162706ee296ce42cb74032d6412bf,train
aud_src_0094,aud_src_0094_clean.wav,data/generated/audio/aud_src_0094_clean.wav,audio,0,clean,0.0,c825fa052e7595befc9290a9a396b3faf5b065e52d905df72061f62d0c8cfaea,train
aud_src_0094,aud_src_0094_stego_lsb_matching_0.70.wav,data/generated/audio/aud_src_0094_stego_lsb_matching_0.70.wav,audio,1,lsb_matching,0.7,abcc121423eaaf35b06dc173282777fae8199f9599f4299f15e962e8e96effb2,train
aud_src_0095,aud_src_0095_clean.wav,data/generated/audio/aud_src_0095_clean.wav,audio,0,clean,0.0,e875291c7093a422e3d2ca81da204f934254271c1786668055e2e88be97855c4,train
aud_src_0095,aud_src_0095_stego_echo_hiding_1.00.wav,data/generated/audio/aud_src_0095_stego_echo_hiding_1.00.wav,audio,1,echo_hiding,1.0,4215e0edb852e705f25c3ca4827711d55164528490e1d3b6ed0908558498c457,train
aud_src_0096,aud_src_0096_clean.wav,data/generated/audio/aud_src_0096_clean.wav,audio,0,clean,0.0,1a7f1d0be020b2be6cd5645dfb92505676d8466bfab0727e8972f18d42f18c8b,train
aud_src_0096,aud_src_0096_stego_lsb_replacement_0.20.wav,data/generated/audio/aud_src_0096_stego_lsb_replacement_0.20.wav,audio,1,lsb_replacement,0.2,6de6be6fd76cd2e43758dd403802e3137d9b81588496d45656554cee5efbd6a1,train
aud_src_0097,aud_src_0097_clean.wav,data/generated/audio/aud_src_0097_clean.wav,audio,0,clean,0.0,ec9949cd5ac3e319545515b9f59e4cad0cb86df299427bf6bdf50ef6d8d0677f,train
aud_src_0097,aud_src_0097_stego_lsb_matching_0.40.wav,data/generated/audio/aud_src_0097_stego_lsb_matching_0.40.wav,audio,1,lsb_matching,0.4,ff6d01175b64b59c552f9458af0904ff3c5188523438266a05fcdac724e622d9,train
aud_src_0098,aud_src_0098_clean.wav,data/generated/audio/aud_src_0098_clean.wav,audio,0,clean,0.0,8a95305969669d5e657490db8f66f1243b0dd29d391cf63e9d8f8b48a288d49b,train
aud_src_0098,aud_src_0098_stego_echo_hiding_0.70.wav,data/generated/audio/aud_src_0098_stego_echo_hiding_0.70.wav,audio,1,echo_hiding,0.7,eb0086d5fba01098288d84f247ddb6b16728913bc1454e01c1c9c1be27241d89,train
aud_src_0099,aud_src_0099_clean.wav,data/generated/audio/aud_src_0099_clean.wav,audio,0,clean,0.0,aec3adaf00e2fefeaf5d67e94ca0df4ed3fc72a4f597e60e6bc3bb3b82db6b1c,train
aud_src_0099,aud_src_0099_stego_lsb_replacement_1.00.wav,data/generated/audio/aud_src_0099_stego_lsb_replacement_1.00.wav,audio,1,lsb_replacement,1.0,b1883b55deeceb3d449c48cda656c8b850b0a6290fc579df87ff06a342418d99,train
aud_src_0100,aud_src_0100_clean.wav,data/generated/audio/aud_src_0100_clean.wav,audio,0,clean,0.0,aaa7340c1929fdcb91c16e30523b9c2cb479c8d27af5ffcd6fc97588f7245eb6,test
aud_src_0100,aud_src_0100_stego_lsb_matching_0.20.wav,data/generated/audio/aud_src_0100_stego_lsb_matching_0.20.wav,audio,1,lsb_matching,0.2,c6b108336d73057e42373f58ba2ed507e8e5701d135d4ce757fb7db4edd2e943,test
aud_src_0101,aud_src_0101_clean.wav,data/generated/audio/aud_src_0101_clean.wav,audio,0,clean,0.0,049a6e90621187e33e3bb925203910f5393716a032df1db3e93696151b496d9e,train
aud_src_0101,aud_src_0101_stego_echo_hiding_0.40.wav,data/generated/audio/aud_src_0101_stego_echo_hiding_0.40.wav,audio,1,echo_hiding,0.4,8a2942818cfcea874136dc7b5a0436143998d19c0f319e2aaf269edf9ba495d4,train
aud_src_0102,aud_src_0102_clean.wav,data/generated/audio/aud_src_0102_clean.wav,audio,0,clean,0.0,cc00ec4fa49326b87eaea1de177db3726f72e518b03944ad50482119bc7ad747,train
aud_src_0102,aud_src_0102_stego_lsb_replacement_0.70.wav,data/generated/audio/aud_src_0102_stego_lsb_replacement_0.70.wav,audio,1,lsb_replacement,0.7,e0fbca67281646609593821eb075c4019d410e3a88436fd0b73bfe54b1eb8919,train
aud_src_0103,aud_src_0103_clean.wav,data/generated/audio/aud_src_0103_clean.wav,audio,0,clean,0.0,9ef880a617884e866c38abaec9699b768fc19da3f8d6ea69640a17789b60b317,train
aud_src_0103,aud_src_0103_stego_lsb_matching_1.00.wav,data/generated/audio/aud_src_0103_stego_lsb_matching_1.00.wav,audio,1,lsb_matching,1.0,be8253298d3433c2179972128510f08ea273e2ef836ba05eab25d0eeeb7b1228,train
aud_src_0104,aud_src_0104_clean.wav,data/generated/audio/aud_src_0104_clean.wav,audio,0,clean,0.0,bcfb27fa0ee97be4f3b61b7b02aee14d336d1bc37d6b1013139702c1332bc9d1,train
aud_src_0104,aud_src_0104_stego_echo_hiding_0.20.wav,data/generated/audio/aud_src_0104_stego_echo_hiding_0.20.wav,audio,1,echo_hiding,0.2,985a9e353ed366218e81b0031cd2877f784c7f03628f22574abd79a244f6a607,train
aud_src_0105,aud_src_0105_clean.wav,data/generated/audio/aud_src_0105_clean.wav,audio,0,clean,0.0,87a007513c27f5a3242ac88af4e4fde9a5d61e8b7f6499d2008c64e5f9fb2da7,train
aud_src_0105,aud_src_0105_stego_lsb_replacement_0.40.wav,data/generated/audio/aud_src_0105_stego_lsb_replacement_0.40.wav,audio,1,lsb_replacement,0.4,4ab129dd30191ef35df50eb92c5f6a8789c47a38061641ba20eca51ae57e449a,train
aud_src_0106,aud_src_0106_clean.wav,data/generated/audio/aud_src_0106_clean.wav,audio,0,clean,0.0,6523fc6d78296d7cf26ad22b066409ee1f2ae8efdd75ff21a33a5f643ef7e346,val
aud_src_0106,aud_src_0106_stego_lsb_matching_0.70.wav,data/generated/audio/aud_src_0106_stego_lsb_matching_0.70.wav,audio,1,lsb_matching,0.7,ac8d915df1d44c07cac61be8c4b03ff9a4835f62c1c4772efb89c3bfba74040f,val
aud_src_0107,aud_src_0107_clean.wav,data/generated/audio/aud_src_0107_clean.wav,audio,0,clean,0.0,05cb55ac73b6646f288779ee5864c1d410917395cada448045a84e44d491ac6b,train
aud_src_0107,aud_src_0107_stego_echo_hiding_1.00.wav,data/generated/audio/aud_src_0107_stego_echo_hiding_1.00.wav,audio,1,echo_hiding,1.0,e985c3cbdba1d5168fe646c42d422c3be799983c92c398990e9ccfdc71a4bfa5,train
aud_src_0108,aud_src_0108_clean.wav,data/generated/audio/aud_src_0108_clean.wav,audio,0,clean,0.0,1d04d503d7d28c9b0cd114facc1a48ccd429866829483c475101b8729c967849,val
aud_src_0108,aud_src_0108_stego_lsb_replacement_0.20.wav,data/generated/audio/aud_src_0108_stego_lsb_replacement_0.20.wav,audio,1,lsb_replacement,0.2,4bc176493ff6de006d3c2e47e8a32e1ad6aaa4356ffe3f4c9f3839c2fcc25cfa,val
aud_src_0109,aud_src_0109_clean.wav,data/generated/audio/aud_src_0109_clean.wav,audio,0,clean,0.0,a683f72fe163f0f21fcb0eac46f727b3c40ccab2d56a54339f5d7f955f420c31,test
aud_src_0109,aud_src_0109_stego_lsb_matching_0.40.wav,data/generated/audio/aud_src_0109_stego_lsb_matching_0.40.wav,audio,1,lsb_matching,0.4,bc30ae55ef12ba70ff5eac235b871bf34c87b8b3d3b4c0ac6b9ecbb42c8611ad,test
aud_src_0110,aud_src_0110_clean.wav,data/generated/audio/aud_src_0110_clean.wav,audio,0,clean,0.0,f5f834e19b47623aded3a772b1d9ffa0acdf4d82c0d3537f86b11e504fc7584e,val
aud_src_0110,aud_src_0110_stego_echo_hiding_0.70.wav,data/generated/audio/aud_src_0110_stego_echo_hiding_0.70.wav,audio,1,echo_hiding,0.7,55e4b961ed1b79610437800e015db74e7666914f2b2847d15c13edd086ba879d,val
aud_src_0111,aud_src_0111_clean.wav,data/generated/audio/aud_src_0111_clean.wav,audio,0,clean,0.0,4e2cf20959cf68c6c5e33975a3be6dca4ddc82a1e95c36636a328874460b937d,train
aud_src_0111,aud_src_0111_stego_lsb_replacement_1.00.wav,data/generated/audio/aud_src_0111_stego_lsb_replacement_1.00.wav,audio,1,lsb_replacement,1.0,937788332618a9868371b5c2758ba0043ed65b2057ddc3e17cbdc0ac341c72b8,train
aud_src_0112,aud_src_0112_clean.wav,data/generated/audio/aud_src_0112_clean.wav,audio,0,clean,0.0,d303811b8c84619667cd0501342f84ec6cbe69f7aa3856dcf52fabda374c92b8,test
aud_src_0112,aud_src_0112_stego_lsb_matching_0.20.wav,data/generated/audio/aud_src_0112_stego_lsb_matching_0.20.wav,audio,1,lsb_matching,0.2,18e1ca3d0dc926710177611754de0950fce3c1ab180d473cf051106b3a54bed2,test
aud_src_0113,aud_src_0113_clean.wav,data/generated/audio/aud_src_0113_clean.wav,audio,0,clean,0.0,56bc12830b3404368bab500fab55ed39dfb0266932d80aab089238ce641a39d2,train
aud_src_0113,aud_src_0113_stego_echo_hiding_0.40.wav,data/generated/audio/aud_src_0113_stego_echo_hiding_0.40.wav,audio,1,echo_hiding,0.4,378ac13f13610dc23a77cd82f5d168c5af7e685a8cad86f6effec1e9ab6b60c9,train
aud_src_0114,aud_src_0114_clean.wav,data/generated/audio/aud_src_0114_clean.wav,audio,0,clean,0.0,212b1bc34002f7526bf3f2dbf35e4b1ba2255ead20836335ec43d260be634538,train
aud_src_0114,aud_src_0114_stego_lsb_replacement_0.70.wav,data/generated/audio/aud_src_0114_stego_lsb_replacement_0.70.wav,audio,1,lsb_replacement,0.7,5f6228f67baa5d480893895c364cdb146f646e642fd115e6553f7962ca8dfa71,train
aud_src_0115,aud_src_0115_clean.wav,data/generated/audio/aud_src_0115_clean.wav,audio,0,clean,0.0,a471d5fe5faf7a8a8b770f34a3babd51af099c62669e6c62e63c53c8da75d7fb,train
aud_src_0115,aud_src_0115_stego_lsb_matching_1.00.wav,data/generated/audio/aud_src_0115_stego_lsb_matching_1.00.wav,audio,1,lsb_matching,1.0,69130b81876f7aace5a963e759dfac47c628edbe19ca9b7ed69c655d79136c25,train
aud_src_0116,aud_src_0116_clean.wav,data/generated/audio/aud_src_0116_clean.wav,audio,0,clean,0.0,31d44587449263fe0b3c82f0bc643a0215bd763b1834c9ee3f8236dd382c712b,train
aud_src_0116,aud_src_0116_stego_echo_hiding_0.20.wav,data/generated/audio/aud_src_0116_stego_echo_hiding_0.20.wav,audio,1,echo_hiding,0.2,85fa08515dff0c6e90f49c2b584b0fa0c704fa5f7fc2317df2386e5470f053d9,train
aud_src_0117,aud_src_0117_clean.wav,data/generated/audio/aud_src_0117_clean.wav,audio,0,clean,0.0,98e882f5d37983bc5bf3332c783d376fb4a180ce436d3977d81029b949af7fec,train
aud_src_0117,aud_src_0117_stego_lsb_replacement_0.40.wav,data/generated/audio/aud_src_0117_stego_lsb_replacement_0.40.wav,audio,1,lsb_replacement,0.4,4b3c0cf639c06aad6ad0b0cb93691c675313cb93a36e7d95d0c807d742b120fb,train
aud_src_0118,aud_src_0118_clean.wav,data/generated/audio/aud_src_0118_clean.wav,audio,0,clean,0.0,ccb580c232a7fc6bdc30158eabda6728d85a3d35bc5b05310e36b08bdddb656a,train
aud_src_0118,aud_src_0118_stego_lsb_matching_0.70.wav,data/generated/audio/aud_src_0118_stego_lsb_matching_0.70.wav,audio,1,lsb_matching,0.7,e197a334ea546239d82f06f0e2ded8fced43ddfe1801c0230a3e6340255c92d3,train
aud_src_0119,aud_src_0119_clean.wav,data/generated/audio/aud_src_0119_clean.wav,audio,0,clean,0.0,f3b92de2b217cd4c857b3535d2de5fb0a6e0d796fee586a28515934e7f9434c7,train
aud_src_0119,aud_src_0119_stego_echo_hiding_1.00.wav,data/generated/audio/aud_src_0119_stego_echo_hiding_1.00.wav,audio,1,echo_hiding,1.0,cda081da57d82015311606e3cebd2f180e9fa05ef61ca9579cac31d69e852138,train
aud_src_0120,aud_src_0120_clean.wav,data/generated/audio/aud_src_0120_clean.wav,audio,0,clean,0.0,29c3a3ff90d00bebada1406016f6a9333c10fb581c6cd17660e1f48d973c4ce4,train
aud_src_0120,aud_src_0120_stego_lsb_replacement_0.20.wav,data/generated/audio/aud_src_0120_stego_lsb_replacement_0.20.wav,audio,1,lsb_replacement,0.2,fc660c3359c96499cd30f9209bc717a6b97ffab0867b4eb210ad563308e4ed5b,train
aud_src_0121,aud_src_0121_clean.wav,data/generated/audio/aud_src_0121_clean.wav,audio,0,clean,0.0,3e88cbd18540e73b500c1af751b37f5a2f32bef1af5686aaceafd4d517344876,train
aud_src_0121,aud_src_0121_stego_lsb_matching_0.40.wav,data/generated/audio/aud_src_0121_stego_lsb_matching_0.40.wav,audio,1,lsb_matching,0.4,584196c047dc105697b5c2ea270d07e90c8939f8f37a4e4e6a291367e2f0cb81,train
aud_src_0122,aud_src_0122_clean.wav,data/generated/audio/aud_src_0122_clean.wav,audio,0,clean,0.0,22c901d182c7e4952b63be62e5ed48093807539bc16ee02efff5208ff3e89139,train
aud_src_0122,aud_src_0122_stego_echo_hiding_0.70.wav,data/generated/audio/aud_src_0122_stego_echo_hiding_0.70.wav,audio,1,echo_hiding,0.7,61c3fbeb7eaa2ce472b33e585ba5cd0f7e686c1663a5d9e7babbc304cf3baa7b,train
aud_src_0123,aud_src_0123_clean.wav,data/generated/audio/aud_src_0123_clean.wav,audio,0,clean,0.0,9118f8abe9048a5e2ddb470c647b1ad40406bb50beeb4b789d35dc1925c9fd37,val
aud_src_0123,aud_src_0123_stego_lsb_replacement_1.00.wav,data/generated/audio/aud_src_0123_stego_lsb_replacement_1.00.wav,audio,1,lsb_replacement,1.0,4259bf57a6424e66853bca62611d46e344def00ea64489e25a428a21dab64c1c,val
aud_src_0124,aud_src_0124_clean.wav,data/generated/audio/aud_src_0124_clean.wav,audio,0,clean,0.0,ff6c41f11b5c3bc534e087f74c3aabc48a65db511b0caf4c0b85bb776f598fab,val
aud_src_0124,aud_src_0124_stego_lsb_matching_0.20.wav,data/generated/audio/aud_src_0124_stego_lsb_matching_0.20.wav,audio,1,lsb_matching,0.2,9b301f4d4acaaa39dd693d998c0e7b134da72c9aa6adbc738576dda3f7cfce7f,val
aud_src_0125,aud_src_0125_clean.wav,data/generated/audio/aud_src_0125_clean.wav,audio,0,clean,0.0,355da606c28d3906373527c9c72da4cbcdc2fed52156e9e6ed2b4adf88151ccc,val
aud_src_0125,aud_src_0125_stego_echo_hiding_0.40.wav,data/generated/audio/aud_src_0125_stego_echo_hiding_0.40.wav,audio,1,echo_hiding,0.4,b03f14300af9e2e473f2649779d9c4262a66cd5672d1528666edabd1be3563d7,val
aud_src_0126,aud_src_0126_clean.wav,data/generated/audio/aud_src_0126_clean.wav,audio,0,clean,0.0,2e9e14bc7b75cf22598b0f62005ab8e546d92130f69a15643fcf56b52ad21d62,train
aud_src_0126,aud_src_0126_stego_lsb_replacement_0.70.wav,data/generated/audio/aud_src_0126_stego_lsb_replacement_0.70.wav,audio,1,lsb_replacement,0.7,25e5c8ab106e3c14f24eb1221538d26f9f365d4722f62f3341797e54183ca90f,train
aud_src_0127,aud_src_0127_clean.wav,data/generated/audio/aud_src_0127_clean.wav,audio,0,clean,0.0,60d391ec4de62bd5a58413bc3b32b3cf6c032a94ec4b47c08d9fbf8c1fc91d49,test
aud_src_0127,aud_src_0127_stego_lsb_matching_1.00.wav,data/generated/audio/aud_src_0127_stego_lsb_matching_1.00.wav,audio,1,lsb_matching,1.0,b92561c77fde587924545091348b138a9c9e66aeb841cfb27c50483c5129252f,test
aud_src_0128,aud_src_0128_clean.wav,data/generated/audio/aud_src_0128_clean.wav,audio,0,clean,0.0,bd76241805e16f5f5cedee0e2a81ad9c59a2bc989fe027df5e2f38e5c30e4feb,train
aud_src_0128,aud_src_0128_stego_echo_hiding_0.20.wav,data/generated/audio/aud_src_0128_stego_echo_hiding_0.20.wav,audio,1,echo_hiding,0.2,0d59ac4f550eefee32be8c7270d3372c2498e03b9639105abb895a16a577a2ac,train
aud_src_0129,aud_src_0129_clean.wav,data/generated/audio/aud_src_0129_clean.wav,audio,0,clean,0.0,c5bb6c804a00e92d698c2a4192a14d84e9befc1870844c6ad1a80d01378f5dd9,train
aud_src_0129,aud_src_0129_stego_lsb_replacement_0.40.wav,data/generated/audio/aud_src_0129_stego_lsb_replacement_0.40.wav,audio,1,lsb_replacement,0.4,380385ac1ed3be725da130e2a2cce7c21be06a97fc6362635a2cff2adcb42d3e,train
aud_src_0130,aud_src_0130_clean.wav,data/generated/audio/aud_src_0130_clean.wav,audio,0,clean,0.0,b7f0d91cf45f9e8fd296d746a64440215dd02157eb4d11a39f1cee70021faea5,train
aud_src_0130,aud_src_0130_stego_lsb_matching_0.70.wav,data/generated/audio/aud_src_0130_stego_lsb_matching_0.70.wav,audio,1,lsb_matching,0.7,39d7eb7e7132a69c02ac2d8cb0a0df6d3bca1a9a63e2b356e9c5b9f2b2e69b4f,train
aud_src_0131,aud_src_0131_clean.wav,data/generated/audio/aud_src_0131_clean.wav,audio,0,clean,0.0,7232da39f720e151e69ca32e0b7a167c26a3e4f5f990b8619e5007c1d9786646,train
aud_src_0131,aud_src_0131_stego_echo_hiding_1.00.wav,data/generated/audio/aud_src_0131_stego_echo_hiding_1.00.wav,audio,1,echo_hiding,1.0,29984f354d6b2e418607923c3d6957beace79d74e81cc6b57a075deb0cbdfa34,train
aud_src_0132,aud_src_0132_clean.wav,data/generated/audio/aud_src_0132_clean.wav,audio,0,clean,0.0,528ef003f6411510c2af842d503e9a76a80b2906147b179f2143076e4fbedd74,test
aud_src_0132,aud_src_0132_stego_lsb_replacement_0.20.wav,data/generated/audio/aud_src_0132_stego_lsb_replacement_0.20.wav,audio,1,lsb_replacement,0.2,ff02f06e2d860be52480b7fd54f4430ace7bf678cea91228aa8bce7d88df645a,test
aud_src_0133,aud_src_0133_clean.wav,data/generated/audio/aud_src_0133_clean.wav,audio,0,clean,0.0,f42bf9276fb95ef5fcd5c0aedb635c243fc2f889c6589d20dc9d4b918f5fa534,train
aud_src_0133,aud_src_0133_stego_lsb_matching_0.40.wav,data/generated/audio/aud_src_0133_stego_lsb_matching_0.40.wav,audio,1,lsb_matching,0.4,3f4ad42eff6091af5097ac59d73c575a06d876d271afd1e5cd653dc09372c372,train
aud_src_0134,aud_src_0134_clean.wav,data/generated/audio/aud_src_0134_clean.wav,audio,0,clean,0.0,499e9f041a12c6b527bfd14c2a286b64246da47ba1a4d85bd2fcc37dcb96d8e7,train
aud_src_0134,aud_src_0134_stego_echo_hiding_0.70.wav,data/generated/audio/aud_src_0134_stego_echo_hiding_0.70.wav,audio,1,echo_hiding,0.7,dc19a63028b22d8aba95808aeab297b5a7a6972872fc2044975106a3d541c4e6,train
aud_src_0135,aud_src_0135_clean.wav,data/generated/audio/aud_src_0135_clean.wav,audio,0,clean,0.0,3401acb9bbdf409cc8ce2817fe7680500591302e63ee32b8dee4a0310ea3c7e8,train
aud_src_0135,aud_src_0135_stego_lsb_replacement_1.00.wav,data/generated/audio/aud_src_0135_stego_lsb_replacement_1.00.wav,audio,1,lsb_replacement,1.0,6e7318792957fe38677f5f0b5aea9ef9988b190326fc6286880f42dd859a15a4,train
aud_src_0136,aud_src_0136_clean.wav,data/generated/audio/aud_src_0136_clean.wav,audio,0,clean,0.0,20758d30626da8fc5d7df5d9a25483b6b046e327a866a996f0bace1799536476,train
aud_src_0136,aud_src_0136_stego_lsb_matching_0.20.wav,data/generated/audio/aud_src_0136_stego_lsb_matching_0.20.wav,audio,1,lsb_matching,0.2,cd2a9b8fdd5ded94b66688589fd59d6cc422dfb0f6ff7cf4d883aad20b952889,train
aud_src_0137,aud_src_0137_clean.wav,data/generated/audio/aud_src_0137_clean.wav,audio,0,clean,0.0,3a0e49640d42180a3fa926a8452015347c73d782e39246c7e77a857bf24ac05c,test
aud_src_0137,aud_src_0137_stego_echo_hiding_0.40.wav,data/generated/audio/aud_src_0137_stego_echo_hiding_0.40.wav,audio,1,echo_hiding,0.4,4e79ed572aa43050af6b530c2e263d3571e3fd072ccd40509e48186e795c1912,test
aud_src_0138,aud_src_0138_clean.wav,data/generated/audio/aud_src_0138_clean.wav,audio,0,clean,0.0,4e891c103556067214a50a36003ec28d654c7b4c97c90a393fc8fdfa37e83748,train
aud_src_0138,aud_src_0138_stego_lsb_replacement_0.70.wav,data/generated/audio/aud_src_0138_stego_lsb_replacement_0.70.wav,audio,1,lsb_replacement,0.7,ee2a53c00d59e5aada04a36de54bdd1f2438c1093b52f8f6363da89052c53d5a,train
aud_src_0139,aud_src_0139_clean.wav,data/generated/audio/aud_src_0139_clean.wav,audio,0,clean,0.0,e4b3921c9a0050031cfd0b8385038597104515713a1c47c11e6ab15f1f797b7d,val
aud_src_0139,aud_src_0139_stego_lsb_matching_1.00.wav,data/generated/audio/aud_src_0139_stego_lsb_matching_1.00.wav,audio,1,lsb_matching,1.0,a0162e64ef80f15446ed86185a9ecd9aba51df7cb79efd832c57c19986c0889d,val
aud_src_0140,aud_src_0140_clean.wav,data/generated/audio/aud_src_0140_clean.wav,audio,0,clean,0.0,fb3747e2fb320e912b90dad0d108b24bceaf9d8c0bab038df2ece5b4047cc5b0,val
aud_src_0140,aud_src_0140_stego_echo_hiding_0.20.wav,data/generated/audio/aud_src_0140_stego_echo_hiding_0.20.wav,audio,1,echo_hiding,0.2,19239be9a42b39caa9d9d4126495e365fe65686911116515da3e677ad3a7f5f1,val
aud_src_0141,aud_src_0141_clean.wav,data/generated/audio/aud_src_0141_clean.wav,audio,0,clean,0.0,63eeaaa4be64aa83f63093ca0a33cdf3fc3681a142b2e0fb3056a6cb41ad37f3,test
aud_src_0141,aud_src_0141_stego_lsb_replacement_0.40.wav,data/generated/audio/aud_src_0141_stego_lsb_replacement_0.40.wav,audio,1,lsb_replacement,0.4,5394f803162975a8a1b8297de00e229330bb19aa97597c4585b6c518390b9cd7,test
aud_src_0142,aud_src_0142_clean.wav,data/generated/audio/aud_src_0142_clean.wav,audio,0,clean,0.0,34ed4bd9a1e45a5e29f6489590d4daf37610fa4e45dd1ba863b19059cb4c5165,test
aud_src_0142,aud_src_0142_stego_lsb_matching_0.70.wav,data/generated/audio/aud_src_0142_stego_lsb_matching_0.70.wav,audio,1,lsb_matching,0.7,cd3b0b723d12a6178a9eca83f6bf63d1fd4d9494c6c9dac995beba65b0ad23ef,test
aud_src_0143,aud_src_0143_clean.wav,data/generated/audio/aud_src_0143_clean.wav,audio,0,clean,0.0,5835b1a22b7b093af7c4e71a90eafa63555336460abf69bf476e3e642b85090c,train
aud_src_0143,aud_src_0143_stego_echo_hiding_1.00.wav,data/generated/audio/aud_src_0143_stego_echo_hiding_1.00.wav,audio,1,echo_hiding,1.0,4e6c5a9fb970f279832b8a273a9cfef0a3fd9b1d352dbc9a5bad2306383592a7,train
aud_src_0144,aud_src_0144_clean.wav,data/generated/audio/aud_src_0144_clean.wav,audio,0,clean,0.0,306c67cc3149e80b24b52839461d6751b42c5774bd477131d3e2d15f4da73a0c,train
aud_src_0144,aud_src_0144_stego_lsb_replacement_0.20.wav,data/generated/audio/aud_src_0144_stego_lsb_replacement_0.20.wav,audio,1,lsb_replacement,0.2,83c93babad12325c5abf4e4112f7ac2bd6edde051ac0ef7f9658d79b901b0a95,train
aud_src_0145,aud_src_0145_clean.wav,data/generated/audio/aud_src_0145_clean.wav,audio,0,clean,0.0,a621c678f84f098ac8484f2814b7ded21a19e9f9fb4d276fa88598229734d263,test
aud_src_0145,aud_src_0145_stego_lsb_matching_0.40.wav,data/generated/audio/aud_src_0145_stego_lsb_matching_0.40.wav,audio,1,lsb_matching,0.4,65f66e5db4b79d473c801a103d6198c978f79dc92935f0abec526c6c7c9619b4,test
aud_src_0146,aud_src_0146_clean.wav,data/generated/audio/aud_src_0146_clean.wav,audio,0,clean,0.0,e921da6f89a5adaa334b53ce32357f48cbb546a00b78ba9b4889358b9dffc953,test
aud_src_0146,aud_src_0146_stego_echo_hiding_0.70.wav,data/generated/audio/aud_src_0146_stego_echo_hiding_0.70.wav,audio,1,echo_hiding,0.7,7f7000f00748f85a2c57ca22e8a086f0a9d2430f83ef1d6b46315692c615bb3e,test
aud_src_0147,aud_src_0147_clean.wav,data/generated/audio/aud_src_0147_clean.wav,audio,0,clean,0.0,3dcb6ed22849669ed2ff440409fbf4092ba92404a27ff494b51545eedf4dd1a1,test
aud_src_0147,aud_src_0147_stego_lsb_replacement_1.00.wav,data/generated/audio/aud_src_0147_stego_lsb_replacement_1.00.wav,audio,1,lsb_replacement,1.0,020c92e0f9342b012a2cf2672ea6a5a3579edbde38d21e594f3ba11e45d6e63a,test
aud_src_0148,aud_src_0148_clean.wav,data/generated/audio/aud_src_0148_clean.wav,audio,0,clean,0.0,037af9669209a02df96e364685dfe9ac4d201aeb4ddd057b1ef8f4514c907b0c,test
aud_src_0148,aud_src_0148_stego_lsb_matching_0.20.wav,data/generated/audio/aud_src_0148_stego_lsb_matching_0.20.wav,audio,1,lsb_matching,0.2,9784154f18fb90651f24fa06ab1af7a75b688109637c62c7b75a11a2a6b1c144,test
aud_src_0149,aud_src_0149_clean.wav,data/generated/audio/aud_src_0149_clean.wav,audio,0,clean,0.0,d8433961f09e316d8c0fb25840e0f59fdf5e20733fa265a6050662b1fbfab7b9,train
aud_src_0149,aud_src_0149_stego_echo_hiding_0.40.wav,data/generated/audio/aud_src_0149_stego_echo_hiding_0.40.wav,audio,1,echo_hiding,0.4,8c901e206f8d2554587736c51ba27134d86b431d9f491ff23b8be650688a322c,train
aud_src_0150,aud_src_0150_clean.wav,data/generated/audio/aud_src_0150_clean.wav,audio,0,clean,0.0,1211c226aa07f16dc5d0dcfbd3d4ab5bb3ffdd52840fc2d2cafd5a53e6e12b42,train
aud_src_0150,aud_src_0150_stego_lsb_replacement_0.70.wav,data/generated/audio/aud_src_0150_stego_lsb_replacement_0.70.wav,audio,1,lsb_replacement,0.7,2379ac022c078df199a066591d3e431171f6fc06833182d603beca92dc17eaad,train
aud_src_0151,aud_src_0151_clean.wav,data/generated/audio/aud_src_0151_clean.wav,audio,0,clean,0.0,7fefc743e5df1a3a0dbc961000ed4491b73cf749c592ea03a313c1ca3777a4bd,val
aud_src_0151,aud_src_0151_stego_lsb_matching_1.00.wav,data/generated/audio/aud_src_0151_stego_lsb_matching_1.00.wav,audio,1,lsb_matching,1.0,b8800de6f703649b03f659e4d41e42648d6cccc750bf4cd433461c200d1c7554,val
aud_src_0152,aud_src_0152_clean.wav,data/generated/audio/aud_src_0152_clean.wav,audio,0,clean,0.0,e0a30fb836d954ba310a4becb57828f8b7a69ee7ec449872d9d4a8fc73811916,train
aud_src_0152,aud_src_0152_stego_echo_hiding_0.20.wav,data/generated/audio/aud_src_0152_stego_echo_hiding_0.20.wav,audio,1,echo_hiding,0.2,4f33dfd959080c49d8104ae8581640a4d68f0b1dd44507cceda83d3920f24cfe,train
aud_src_0153,aud_src_0153_clean.wav,data/generated/audio/aud_src_0153_clean.wav,audio,0,clean,0.0,5a88266bf93a4ce6e8d9d8137e004472c459bf5ed0a3f8ee9e1338136c3a842e,train
aud_src_0153,aud_src_0153_stego_lsb_replacement_0.40.wav,data/generated/audio/aud_src_0153_stego_lsb_replacement_0.40.wav,audio,1,lsb_replacement,0.4,1c3933c675be2420c9c49821611978b0249e26537d4fb6743e5011aa34a9aa6f,train
aud_src_0154,aud_src_0154_clean.wav,data/generated/audio/aud_src_0154_clean.wav,audio,0,clean,0.0,c3cf6f44cd9c4df024da81065c49ac995c35983f393f71ea1cbfccc1efd44506,train
aud_src_0154,aud_src_0154_stego_lsb_matching_0.70.wav,data/generated/audio/aud_src_0154_stego_lsb_matching_0.70.wav,audio,1,lsb_matching,0.7,77ea15422ef3ce2bc985a6c07c684d250f246e60a025942ef407bb7077a6573e,train
aud_src_0155,aud_src_0155_clean.wav,data/generated/audio/aud_src_0155_clean.wav,audio,0,clean,0.0,ba0f555f1726a9e18e8f04819daa607d0e8d1456bcaae9d34cf23aa7e0d0e9b3,train
aud_src_0155,aud_src_0155_stego_echo_hiding_1.00.wav,data/generated/audio/aud_src_0155_stego_echo_hiding_1.00.wav,audio,1,echo_hiding,1.0,877332e89e2fe099c4c6b422b28f17f6cd8798483564e0cf7f790d303e753afb,train
aud_src_0156,aud_src_0156_clean.wav,data/generated/audio/aud_src_0156_clean.wav,audio,0,clean,0.0,86a1db8e0095a21fb6742bdd7efa0d64b977788cd8128e5956906c6c705fcf8a,train
aud_src_0156,aud_src_0156_stego_lsb_replacement_0.20.wav,data/generated/audio/aud_src_0156_stego_lsb_replacement_0.20.wav,audio,1,lsb_replacement,0.2,a5a81ea90a7f3d3fdc127c45a5706e94e2582717228904917ecb83ec7347158a,train
aud_src_0157,aud_src_0157_clean.wav,data/generated/audio/aud_src_0157_clean.wav,audio,0,clean,0.0,783b09fa5abf958cc28a365ab58da80797451a2569116659994ffccbdb0d71a6,train
aud_src_0157,aud_src_0157_stego_lsb_matching_0.40.wav,data/generated/audio/aud_src_0157_stego_lsb_matching_0.40.wav,audio,1,lsb_matching,0.4,52b72b747423c031151e64b699575e2758315c0e2d6c4139d329ae3b2f31cabe,train
aud_src_0158,aud_src_0158_clean.wav,data/generated/audio/aud_src_0158_clean.wav,audio,0,clean,0.0,0cefae2cd9de9b7f2a2ac1652f0c45d08e24d2e52cb9864e7c2df0b14b7f1947,val
aud_src_0158,aud_src_0158_stego_echo_hiding_0.70.wav,data/generated/audio/aud_src_0158_stego_echo_hiding_0.70.wav,audio,1,echo_hiding,0.7,d664b1433f4247da202f5e4d031fd247719b8803e9e27cef310d34d7d6447f15,val
aud_src_0159,aud_src_0159_clean.wav,data/generated/audio/aud_src_0159_clean.wav,audio,0,clean,0.0,fc1ddecff09b0db55c0621a8585d7fe80e1e1dd4e3dc57046a5878c3ccf6166d,val
aud_src_0159,aud_src_0159_stego_lsb_replacement_1.00.wav,data/generated/audio/aud_src_0159_stego_lsb_replacement_1.00.wav,audio,1,lsb_replacement,1.0,3be3efa53e19c28ea225ff67b84540c6534b1d3fb6bee45188df5f58030e1697,val
aud_src_0160,aud_src_0160_clean.wav,data/generated/audio/aud_src_0160_clean.wav,audio,0,clean,0.0,e1ce1011d74e9281b04a9a26c6bb05a9d0de8d52c14c02f3fb4edd00f20ea509,train
aud_src_0160,aud_src_0160_stego_lsb_matching_0.20.wav,data/generated/audio/aud_src_0160_stego_lsb_matching_0.20.wav,audio,1,lsb_matching,0.2,d63d4171fbf2e7f9ffe9766128803a42ae4281e0fb64067b3bc462dda5039553,train
aud_src_0161,aud_src_0161_clean.wav,data/generated/audio/aud_src_0161_clean.wav,audio,0,clean,0.0,7925c5a6cfd450526d82a33d05f96bb825a377975413c746856fbd4fd9a8c35a,train
aud_src_0161,aud_src_0161_stego_echo_hiding_0.40.wav,data/generated/audio/aud_src_0161_stego_echo_hiding_0.40.wav,audio,1,echo_hiding,0.4,276d185e53af7ac0e85ea3b7be07dc935ca3436eea48c25b92a918c80a5ae5a2,train
aud_src_0162,aud_src_0162_clean.wav,data/generated/audio/aud_src_0162_clean.wav,audio,0,clean,0.0,51b618332d7f3cba56c4cb980ce439407c0e97efd7e08e23577b95637870ed42,val
aud_src_0162,aud_src_0162_stego_lsb_replacement_0.70.wav,data/generated/audio/aud_src_0162_stego_lsb_replacement_0.70.wav,audio,1,lsb_replacement,0.7,ce34aed80e7833c3adf24508603384305dec21561aa5029bbffb60e6ff6d2181,val
aud_src_0163,aud_src_0163_clean.wav,data/generated/audio/aud_src_0163_clean.wav,audio,0,clean,0.0,7b3c18eabe7a4ec1b77c78f0ab9e2793fccb17c12b6e486f49f0f0754a21df60,test
aud_src_0163,aud_src_0163_stego_lsb_matching_1.00.wav,data/generated/audio/aud_src_0163_stego_lsb_matching_1.00.wav,audio,1,lsb_matching,1.0,dd885e66667b64d5eeb65b3818b5a3691a0445f9402e3c480f2561e123b5b3a8,test
aud_src_0164,aud_src_0164_clean.wav,data/generated/audio/aud_src_0164_clean.wav,audio,0,clean,0.0,67cec618f196dd76df71809bdd721c4c0b42c7fbfe20b8dc36a3c54194dc340b,train
aud_src_0164,aud_src_0164_stego_echo_hiding_0.20.wav,data/generated/audio/aud_src_0164_stego_echo_hiding_0.20.wav,audio,1,echo_hiding,0.2,11d9226f9d651a5cc63002ac22bb5ff0d2d8b953bea5d264963ac39d339d3df4,train
aud_src_0165,aud_src_0165_clean.wav,data/generated/audio/aud_src_0165_clean.wav,audio,0,clean,0.0,a811ee5febb79aac7c16fca45a015c9193705b488a7f12a5417a756d11eed448,train
aud_src_0165,aud_src_0165_stego_lsb_replacement_0.40.wav,data/generated/audio/aud_src_0165_stego_lsb_replacement_0.40.wav,audio,1,lsb_replacement,0.4,a9784cc584f40c5fc9cbdffc38e2ca6d6120aa4ca4e6eb60b97539b597671fa1,train
aud_src_0166,aud_src_0166_clean.wav,data/generated/audio/aud_src_0166_clean.wav,audio,0,clean,0.0,5d75f895602f332d8d387932087cc1fdd88cd39a2265c36be7a386edc937a7ca,train
aud_src_0166,aud_src_0166_stego_lsb_matching_0.70.wav,data/generated/audio/aud_src_0166_stego_lsb_matching_0.70.wav,audio,1,lsb_matching,0.7,ce7ee3c1dc704842761bb4fae113da38c6bdc68f2b18c8643b23ed9f7caa593e,train
aud_src_0167,aud_src_0167_clean.wav,data/generated/audio/aud_src_0167_clean.wav,audio,0,clean,0.0,d303811b8c84619667cd0501342f84ec6cbe69f7aa3856dcf52fabda374c92b8,train
aud_src_0167,aud_src_0167_stego_echo_hiding_1.00.wav,data/generated/audio/aud_src_0167_stego_echo_hiding_1.00.wav,audio,1,echo_hiding,1.0,d303811b8c84619667cd0501342f84ec6cbe69f7aa3856dcf52fabda374c92b8,train
aud_src_0168,aud_src_0168_clean.wav,data/generated/audio/aud_src_0168_clean.wav,audio,0,clean,0.0,9ef6d25d7bd6b25d49d2d410f870558afbb10e8ceaf424c7729148e02e1811fd,train
aud_src_0168,aud_src_0168_stego_lsb_replacement_0.20.wav,data/generated/audio/aud_src_0168_stego_lsb_replacement_0.20.wav,audio,1,lsb_replacement,0.2,27f66ff7f4833585cc5a009af3ff1d161aa6b857e6353e060a60fccd1ff0265c,train
aud_src_0169,aud_src_0169_clean.wav,data/generated/audio/aud_src_0169_clean.wav,audio,0,clean,0.0,1d542090a61b1f3676ccc94de285a7216b6c86ba3b2d1cebc20a606373a17b56,val
aud_src_0169,aud_src_0169_stego_lsb_matching_0.40.wav,data/generated/audio/aud_src_0169_stego_lsb_matching_0.40.wav,audio,1,lsb_matching,0.4,a240e9cecf2c9dab34c6719c1f6253bb5f1e10a0228f4bb72488d12a62f9c01b,val
aud_src_0170,aud_src_0170_clean.wav,data/generated/audio/aud_src_0170_clean.wav,audio,0,clean,0.0,c7044936a74d442f7bc5ac1a03f90681445af01d50c214b17bbf2ada818873d1,train
aud_src_0170,aud_src_0170_stego_echo_hiding_0.70.wav,data/generated/audio/aud_src_0170_stego_echo_hiding_0.70.wav,audio,1,echo_hiding,0.7,0dc2d93c34cc28b8e58aaa311014c1f719b0e1c5a295a9c023fc72c9a2c8f134,train
aud_src_0171,aud_src_0171_clean.wav,data/generated/audio/aud_src_0171_clean.wav,audio,0,clean,0.0,12da86413b23a01103bdc0c0661eea5f3dac4d5b9beb4fe7a4146d5ca6122398,test
aud_src_0171,aud_src_0171_stego_lsb_replacement_1.00.wav,data/generated/audio/aud_src_0171_stego_lsb_replacement_1.00.wav,audio,1,lsb_replacement,1.0,c75d951afae125e55aa95a1d68429f67c495300eedf4e6db5e26e09b7f7a9b3e,test
aud_src_0172,aud_src_0172_clean.wav,data/generated/audio/aud_src_0172_clean.wav,audio,0,clean,0.0,29c84fb987146e101f48772c8bc756858ebbe7725722f21af4efc30fd035c254,val
aud_src_0172,aud_src_0172_stego_lsb_matching_0.20.wav,data/generated/audio/aud_src_0172_stego_lsb_matching_0.20.wav,audio,1,lsb_matching,0.2,7edb11baab4c7c9ffda6562761345f940b2c673315301761dfce364e2e1e4d56,val
aud_src_0173,aud_src_0173_clean.wav,data/generated/audio/aud_src_0173_clean.wav,audio,0,clean,0.0,6255c98a45eee8ca17faf465cabeb057d2d5d7607f4b46117e521a5a455780c8,train
aud_src_0173,aud_src_0173_stego_echo_hiding_0.40.wav,data/generated/audio/aud_src_0173_stego_echo_hiding_0.40.wav,audio,1,echo_hiding,0.4,23e9e763ad779e37acab73050e79ff4c997cb7b70d33e109ce73bb2dae8e3d19,train
aud_src_0174,aud_src_0174_clean.wav,data/generated/audio/aud_src_0174_clean.wav,audio,0,clean,0.0,8a9de6487f4ed2fba60b08693633716976606128b1588671a4652a341fe56f60,train
aud_src_0174,aud_src_0174_stego_lsb_replacement_0.70.wav,data/generated/audio/aud_src_0174_stego_lsb_replacement_0.70.wav,audio,1,lsb_replacement,0.7,df68e0c11625f9c1ba16df26ef6709337d9762d1542a708149ecff635d35d526,train
aud_src_0175,aud_src_0175_clean.wav,data/generated/audio/aud_src_0175_clean.wav,audio,0,clean,0.0,5190a5cb7827ae23682f19389a83159b7ec21313603ce6aae18022c406ef9ba8,train
aud_src_0175,aud_src_0175_stego_lsb_matching_1.00.wav,data/generated/audio/aud_src_0175_stego_lsb_matching_1.00.wav,audio,1,lsb_matching,1.0,941aef09f502166bf02e99d4e59117d19652887f41cfec96570e81a1943c6ffa,train
aud_src_0176,aud_src_0176_clean.wav,data/generated/audio/aud_src_0176_clean.wav,audio,0,clean,0.0,1a9ce46fed64c057779eaa8882bba5b2cb3ebed7212323222c164b8011218063,train
aud_src_0176,aud_src_0176_stego_echo_hiding_0.20.wav,data/generated/audio/aud_src_0176_stego_echo_hiding_0.20.wav,audio,1,echo_hiding,0.2,16d89c1514e2ab7876f0fadf9d38c55229bebde012d79b33593c7378e5c21c45,train
aud_src_0177,aud_src_0177_clean.wav,data/generated/audio/aud_src_0177_clean.wav,audio,0,clean,0.0,f48fe33c1fa35ef2d70b84ed915d0efca49046e1230e75fd9531ab0d5a90b4d6,train
aud_src_0177,aud_src_0177_stego_lsb_replacement_0.40.wav,data/generated/audio/aud_src_0177_stego_lsb_replacement_0.40.wav,audio,1,lsb_replacement,0.4,02d4c9d6ca2146deb319ad7994ab261ea377f84ed24a41a496efc9f9dfbfdf18,train
aud_src_0178,aud_src_0178_clean.wav,data/generated/audio/aud_src_0178_clean.wav,audio,0,clean,0.0,58f096a13f2f7995033378c90474dc0be64d55eab0aebfbe8d82114fc714e6cf,train
aud_src_0178,aud_src_0178_stego_lsb_matching_0.70.wav,data/generated/audio/aud_src_0178_stego_lsb_matching_0.70.wav,audio,1,lsb_matching,0.7,4bd5ec3ee52e3ba05f22cb9376d61f21a0e8150f84527012bfe4feb4a954de78,train
aud_src_0179,aud_src_0179_clean.wav,data/generated/audio/aud_src_0179_clean.wav,audio,0,clean,0.0,c72ffdb46941be993cccd8dd3580a8c405238751ef47659de8c3377b7f5947f4,train
aud_src_0179,aud_src_0179_stego_echo_hiding_1.00.wav,data/generated/audio/aud_src_0179_stego_echo_hiding_1.00.wav,audio,1,echo_hiding,1.0,6106faa26d1de8dcec5bd00bf06b1d064eb1607c0488174c24b00443e6013a33,train
aud_src_0180,aud_src_0180_clean.wav,data/generated/audio/aud_src_0180_clean.wav,audio,0,clean,0.0,d3ed4b8516f10fb0826ee205e719fc3f768e561bc2c0059da1ec2d6311f023ec,val
aud_src_0180,aud_src_0180_stego_lsb_replacement_0.20.wav,data/generated/audio/aud_src_0180_stego_lsb_replacement_0.20.wav,audio,1,lsb_replacement,0.2,5f5977da57a98f9ef9209aaf2c90b6a1640d2050dd91e2869876c6d90a8ab045,val
aud_src_0181,aud_src_0181_clean.wav,data/generated/audio/aud_src_0181_clean.wav,audio,0,clean,0.0,bc99411fd8062ce08f63d72f43b92dcf541d4cb858582bdd837708fb19bcbc4f,test
aud_src_0181,aud_src_0181_stego_lsb_matching_0.40.wav,data/generated/audio/aud_src_0181_stego_lsb_matching_0.40.wav,audio,1,lsb_matching,0.4,59ef518eed4597910752b43aeb76b930b29d9a3fcea971e58398f50fcb2631fd,test
aud_src_0182,aud_src_0182_clean.wav,data/generated/audio/aud_src_0182_clean.wav,audio,0,clean,0.0,4abc66afdd8c670172641d6f4f63411ff450399cf6749eb4167590dc18c6a5f5,train
aud_src_0182,aud_src_0182_stego_echo_hiding_0.70.wav,data/generated/audio/aud_src_0182_stego_echo_hiding_0.70.wav,audio,1,echo_hiding,0.7,4fe19442faf861198e9143e2ddba752661a3c8cd99921ca7eb2c9b46e1cd238d,train
aud_src_0183,aud_src_0183_clean.wav,data/generated/audio/aud_src_0183_clean.wav,audio,0,clean,0.0,9f1c435d823bd1917e5ad588bf6ca1d75a5d47516ab72904827a4d989a514bf3,test
aud_src_0183,aud_src_0183_stego_lsb_replacement_1.00.wav,data/generated/audio/aud_src_0183_stego_lsb_replacement_1.00.wav,audio,1,lsb_replacement,1.0,c365c63afbfcb1fa16c455a86022a03ba59d2a861c0fb71e0d2c60c6ee04b891,test
aud_src_0184,aud_src_0184_clean.wav,data/generated/audio/aud_src_0184_clean.wav,audio,0,clean,0.0,517ef684e3cdd97325f9b49cf1fb38ec2738e9c5abc62e149ff61361c63b9964,train
aud_src_0184,aud_src_0184_stego_lsb_matching_0.20.wav,data/generated/audio/aud_src_0184_stego_lsb_matching_0.20.wav,audio,1,lsb_matching,0.2,621d6f728124489347f33088a73917209eb059b718423f5f3d5c208a8611ac55,train
aud_src_0185,aud_src_0185_clean.wav,data/generated/audio/aud_src_0185_clean.wav,audio,0,clean,0.0,40e9d8258c8203b1c90bce427819feac195411616ee72ecb2482f4a4e6e73f5c,val
aud_src_0185,aud_src_0185_stego_echo_hiding_0.40.wav,data/generated/audio/aud_src_0185_stego_echo_hiding_0.40.wav,audio,1,echo_hiding,0.4,3d7a956c38b82cadbc662f556ed2bca1ca7c40196f8331da154b0f9b70feaff9,val
aud_src_0186,aud_src_0186_clean.wav,data/generated/audio/aud_src_0186_clean.wav,audio,0,clean,0.0,dc5523ee8bec3052d8cd6eaf3a67ff57e5b745f23100bed61e59540cd919d190,test
aud_src_0186,aud_src_0186_stego_lsb_replacement_0.70.wav,data/generated/audio/aud_src_0186_stego_lsb_replacement_0.70.wav,audio,1,lsb_replacement,0.7,589ff3b1e24eefcd59f2468f9f7b57b0597c5aaf488175f769298188468e786d,test
aud_src_0187,aud_src_0187_clean.wav,data/generated/audio/aud_src_0187_clean.wav,audio,0,clean,0.0,ff3f47892da86d10fa29e00195668450cb108043b08f94b5cdfe281ae625a9ca,val
aud_src_0187,aud_src_0187_stego_lsb_matching_1.00.wav,data/generated/audio/aud_src_0187_stego_lsb_matching_1.00.wav,audio,1,lsb_matching,1.0,39156ed3192adf42179ad341f8c5a370aaf08cc578c44ba83c41ed2759e83ff8,val
aud_src_0188,aud_src_0188_clean.wav,data/generated/audio/aud_src_0188_clean.wav,audio,0,clean,0.0,0fa017059bc2b52a457bc8eb083df87d285a9f2ad342139b3d62f424151e2c72,train
aud_src_0188,aud_src_0188_stego_echo_hiding_0.20.wav,data/generated/audio/aud_src_0188_stego_echo_hiding_0.20.wav,audio,1,echo_hiding,0.2,2440ce2bd2f888eb6cb2c1e6c097db1018b72ed7ad323ab2e22c3d4237468058,train
aud_src_0189,aud_src_0189_clean.wav,data/generated/audio/aud_src_0189_clean.wav,audio,0,clean,0.0,3aaefa9c6218aae3cb12a2a1db68e48b9c2dbe4c12393745b60b9995026f7601,train
aud_src_0189,aud_src_0189_stego_lsb_replacement_0.40.wav,data/generated/audio/aud_src_0189_stego_lsb_replacement_0.40.wav,audio,1,lsb_replacement,0.4,d3ff077d584b35eb48bfa3193990293c9fe0d700db48ee48af6ac00d9c3ff4df,train
aud_src_0190,aud_src_0190_clean.wav,data/generated/audio/aud_src_0190_clean.wav,audio,0,clean,0.0,bf9ddfc4474f17a6df04af8b771a1f77a16f50b22c057548246790bda118748e,train
aud_src_0190,aud_src_0190_stego_lsb_matching_0.70.wav,data/generated/audio/aud_src_0190_stego_lsb_matching_0.70.wav,audio,1,lsb_matching,0.7,b45e918f4404ee3b4496db5373a8116fa4acf6423c21b1d7c3e59dd432e97b72,train
aud_src_0191,aud_src_0191_clean.wav,data/generated/audio/aud_src_0191_clean.wav,audio,0,clean,0.0,36155e96aa976f0d9ca00f9a4e59ae85bcb0af789536eda596b2c8cbba74e549,train
aud_src_0191,aud_src_0191_stego_echo_hiding_1.00.wav,data/generated/audio/aud_src_0191_stego_echo_hiding_1.00.wav,audio,1,echo_hiding,1.0,e2c89dc6e8155da17844953e158f4c684075db17d0fe46062f3bf72921b3f6f9,train
aud_src_0192,aud_src_0192_clean.wav,data/generated/audio/aud_src_0192_clean.wav,audio,0,clean,0.0,08e7137435cb63820e5972c9f865135fff8c4add352b0cdc79e8344de1607115,train
aud_src_0192,aud_src_0192_stego_lsb_replacement_0.20.wav,data/generated/audio/aud_src_0192_stego_lsb_replacement_0.20.wav,audio,1,lsb_replacement,0.2,e6cc1dc44aaa7385a93bf794147eaf54ae7ef129f21dc00e266939917399890a,train
aud_src_0193,aud_src_0193_clean.wav,data/generated/audio/aud_src_0193_clean.wav,audio,0,clean,0.0,b5774eb598b5ef0ab75d5a2c8746f3b44727c7227de23668f67e249be5b44918,train
aud_src_0193,aud_src_0193_stego_lsb_matching_0.40.wav,data/generated/audio/aud_src_0193_stego_lsb_matching_0.40.wav,audio,1,lsb_matching,0.4,cb7177ac7b003e6074865fac52a83ed592cefb63c5836bcc8175b7cb52c6abee,train
aud_src_0194,aud_src_0194_clean.wav,data/generated/audio/aud_src_0194_clean.wav,audio,0,clean,0.0,44b3205ef076ac3d996643edf30f448450798b2c79c47e1a81a906bd8e62ffd8,train
aud_src_0194,aud_src_0194_stego_echo_hiding_0.70.wav,data/generated/audio/aud_src_0194_stego_echo_hiding_0.70.wav,audio,1,echo_hiding,0.7,ad1d1dcbb24d8a65c86c6ed88c0e83cc600caf68adeb4715297a9f3642b5913a,train
aud_src_0195,aud_src_0195_clean.wav,data/generated/audio/aud_src_0195_clean.wav,audio,0,clean,0.0,d16df83cf5b4fa287cdc5e10cbd4f64ab14118088bcce2eaf514004e9f525e8e,train
aud_src_0195,aud_src_0195_stego_lsb_replacement_1.00.wav,data/generated/audio/aud_src_0195_stego_lsb_replacement_1.00.wav,audio,1,lsb_replacement,1.0,bec8e3981174ce1d677c6d7a4ffca79ae01b2eea681082107fce8ab8a3d5a76b,train
aud_src_0196,aud_src_0196_clean.wav,data/generated/audio/aud_src_0196_clean.wav,audio,0,clean,0.0,7ae76961068c57b49c053728c5bece0ca240c2898b4463248599c8ebfe31d68a,train
aud_src_0196,aud_src_0196_stego_lsb_matching_0.20.wav,data/generated/audio/aud_src_0196_stego_lsb_matching_0.20.wav,audio,1,lsb_matching,0.2,60389d8e1797f85901edc66fd91617bb4103a503bd26720bc6d7bc2a319d1f47,train
aud_src_0197,aud_src_0197_clean.wav,data/generated/audio/aud_src_0197_clean.wav,audio,0,clean,0.0,2e1d231eeb7aa877a062f6e839ba685e7e44641c9b977c4aaf3b1aaffecf8952,train
aud_src_0197,aud_src_0197_stego_echo_hiding_0.40.wav,data/generated/audio/aud_src_0197_stego_echo_hiding_0.40.wav,audio,1,echo_hiding,0.4,14707e38fa62113ec2a552e92e43a6e305d7444e1503e07de549ea0b7c626a02,train
aud_src_0198,aud_src_0198_clean.wav,data/generated/audio/aud_src_0198_clean.wav,audio,0,clean,0.0,4ad4915360d685a68198e3b2b21b7402e6e0deed750b1da3b9f2b1718bb66ba3,test
aud_src_0198,aud_src_0198_stego_lsb_replacement_0.70.wav,data/generated/audio/aud_src_0198_stego_lsb_replacement_0.70.wav,audio,1,lsb_replacement,0.7,74d062c64c55f1c607c1886c7667c8e338ec5ab30c70d6d29e910968e3e35553,test
aud_src_0199,aud_src_0199_clean.wav,data/generated/audio/aud_src_0199_clean.wav,audio,0,clean,0.0,1380ad778d79e86b170012bd11eb71358fcc81851f62025009c6e86196e02beb,test
aud_src_0199,aud_src_0199_stego_lsb_matching_1.00.wav,data/generated/audio/aud_src_0199_stego_lsb_matching_1.00.wav,audio,1,lsb_matching,1.0,f64370782e4e92d95060249b19b49b86ab9945044599c579c664e5c7ab5b04fb,test
aud_src_0200,aud_src_0200_clean.wav,data/generated/audio/aud_src_0200_clean.wav,audio,0,clean,0.0,8ce08aa108f6f16642e4081dd188b4e045762f478f1c6de2102eb6618eaa6ba4,train
aud_src_0200,aud_src_0200_stego_echo_hiding_0.20.wav,data/generated/audio/aud_src_0200_stego_echo_hiding_0.20.wav,audio,1,echo_hiding,0.2,0c070e17ada822e3c3bd69794d2e24e9df607e60f2e808f6347ff2b18fe104c5,train
aud_src_0201,aud_src_0201_clean.wav,data/generated/audio/aud_src_0201_clean.wav,audio,0,clean,0.0,d565ec6efca0b5efe7c92e9088922a5b02079ce4490cb76cf195f5eb43ac2391,train
aud_src_0201,aud_src_0201_stego_lsb_replacement_0.40.wav,data/generated/audio/aud_src_0201_stego_lsb_replacement_0.40.wav,audio,1,lsb_replacement,0.4,094d251ef2501e053aeb46b5d24ed09995a012043e5379c764b09bca0c8a30ec,train
aud_src_0202,aud_src_0202_clean.wav,data/generated/audio/aud_src_0202_clean.wav,audio,0,clean,0.0,505c6bb258782dc554d06225c9a07b8a9b9572b372a159bb15bb96c4c60cfe65,test
aud_src_0202,aud_src_0202_stego_lsb_matching_0.70.wav,data/generated/audio/aud_src_0202_stego_lsb_matching_0.70.wav,audio,1,lsb_matching,0.7,d627a778539339e08783d45e2d0ef9424e5870ec9ebb5083cfafcadd2a2dc259,test
aud_src_0203,aud_src_0203_clean.wav,data/generated/audio/aud_src_0203_clean.wav,audio,0,clean,0.0,2ab2e316c97f65d2969a4694ad6e0812aa0fc804843310e521582b2714099771,train
aud_src_0203,aud_src_0203_stego_echo_hiding_1.00.wav,data/generated/audio/aud_src_0203_stego_echo_hiding_1.00.wav,audio,1,echo_hiding,1.0,c752705a8a4dc2845338d4dc368580a9fdb25806007b4aed2ede0dd1736b798a,train
aud_src_0204,aud_src_0204_clean.wav,data/generated/audio/aud_src_0204_clean.wav,audio,0,clean,0.0,1b5ff93a06fc6c73312e621e20255cfe4ba33786cce34991463b715dbf39e276,train
aud_src_0204,aud_src_0204_stego_lsb_replacement_0.20.wav,data/generated/audio/aud_src_0204_stego_lsb_replacement_0.20.wav,audio,1,lsb_replacement,0.2,53c26038d6624b5bee4dcc01bf9ed487f3a50bfe42bc1d15b56c6357456ffbc6,train
aud_src_0205,aud_src_0205_clean.wav,data/generated/audio/aud_src_0205_clean.wav,audio,0,clean,0.0,180a2e013ae833b810e5dff119681e198d48b7711e9fc5bc67a4bfb0b3488b06,val
aud_src_0205,aud_src_0205_stego_lsb_matching_0.40.wav,data/generated/audio/aud_src_0205_stego_lsb_matching_0.40.wav,audio,1,lsb_matching,0.4,fe9a0f16f4694f68ff4eedf2afa50f40abd6a4291277c93def2cd67933f59da7,val
aud_src_0206,aud_src_0206_clean.wav,data/generated/audio/aud_src_0206_clean.wav,audio,0,clean,0.0,968a2cf8935e82a2a5aa142b8169acfc3660727473881d0173d98266d512def4,train
aud_src_0206,aud_src_0206_stego_echo_hiding_0.70.wav,data/generated/audio/aud_src_0206_stego_echo_hiding_0.70.wav,audio,1,echo_hiding,0.7,94f60ef66595ff81e038834ee09f9760012626f88c6bc8850c86e98586881ac7,train
aud_src_0207,aud_src_0207_clean.wav,data/generated/audio/aud_src_0207_clean.wav,audio,0,clean,0.0,e025ab1ed0b00e0a8dcf35b14b72cd137a81cac7394ee9dd2db36fc0f772e0fb,train
aud_src_0207,aud_src_0207_stego_lsb_replacement_1.00.wav,data/generated/audio/aud_src_0207_stego_lsb_replacement_1.00.wav,audio,1,lsb_replacement,1.0,349b9a41e330a53adaa2ecc051151c48b87fae07acfcd29a0375b3893b70def2,train
aud_src_0208,aud_src_0208_clean.wav,data/generated/audio/aud_src_0208_clean.wav,audio,0,clean,0.0,eef3a8d1e713e9c6fc24d46d1738efb7b0c9a5e634354c1c936cbd0d3f9bde43,train
aud_src_0208,aud_src_0208_stego_lsb_matching_0.20.wav,data/generated/audio/aud_src_0208_stego_lsb_matching_0.20.wav,audio,1,lsb_matching,0.2,ca07865dbda2642fd7e4e5eafafb3c277f33e4c173ad2ef257a29225235dd535,train
aud_src_0209,aud_src_0209_clean.wav,data/generated/audio/aud_src_0209_clean.wav,audio,0,clean,0.0,9e48545c7cfb71aff9ee56ef72f3d547365f0647a16dc0908ca13ac1ebefb730,test
aud_src_0209,aud_src_0209_stego_echo_hiding_0.40.wav,data/generated/audio/aud_src_0209_stego_echo_hiding_0.40.wav,audio,1,echo_hiding,0.4,b17f13a3a28d7c1413a80bd18448440248cc89836b90e5e3053d22cc47658165,test
aud_src_0210,aud_src_0210_clean.wav,data/generated/audio/aud_src_0210_clean.wav,audio,0,clean,0.0,48f5a8f10e3bd46e7ff4c105d28d5722d6d1fbd1c4acfbb0df623d76f3a6e636,val
aud_src_0210,aud_src_0210_stego_lsb_replacement_0.70.wav,data/generated/audio/aud_src_0210_stego_lsb_replacement_0.70.wav,audio,1,lsb_replacement,0.7,5fbe5d05fe275069c1ed2234f9e38b9d1a696e08f4c33d144d3956156f9b1f0f,val
aud_src_0211,aud_src_0211_clean.wav,data/generated/audio/aud_src_0211_clean.wav,audio,0,clean,0.0,cb2bc4c688d6888caf71181b07f9097f2f72035f7461e8e613386fc269babe85,train
aud_src_0211,aud_src_0211_stego_lsb_matching_1.00.wav,data/generated/audio/aud_src_0211_stego_lsb_matching_1.00.wav,audio,1,lsb_matching,1.0,1d07a129be546a4b99cb9efdfcd18c34cb9c09dd7d63a44cebe239d71ef4627c,train
aud_src_0212,aud_src_0212_clean.wav,data/generated/audio/aud_src_0212_clean.wav,audio,0,clean,0.0,67ca565f180fd3404652a5ab6878aaf4f29f89f5cc1c24fa1eada0205c74a25c,train
aud_src_0212,aud_src_0212_stego_echo_hiding_0.20.wav,data/generated/audio/aud_src_0212_stego_echo_hiding_0.20.wav,audio,1,echo_hiding,0.2,cac76a3413b2ccbce036004d417410911b72e5d74aab75f1fb16f44a8560e10e,train
aud_src_0213,aud_src_0213_clean.wav,data/generated/audio/aud_src_0213_clean.wav,audio,0,clean,0.0,81d02d2e28cc8d55fdc78c875020d693a3023a178769d45de68e83286701543f,train
aud_src_0213,aud_src_0213_stego_lsb_replacement_0.40.wav,data/generated/audio/aud_src_0213_stego_lsb_replacement_0.40.wav,audio,1,lsb_replacement,0.4,a39b74a5567cbd279e24e7a8b99f751be0c03312f839aaa05e6be318f12686e1,train
aud_src_0214,aud_src_0214_clean.wav,data/generated/audio/aud_src_0214_clean.wav,audio,0,clean,0.0,5ccd3c7ca54e91f004f21efd9365a837dace639b8fddfe19c3c76b3d1d6d6645,train
aud_src_0214,aud_src_0214_stego_lsb_matching_0.70.wav,data/generated/audio/aud_src_0214_stego_lsb_matching_0.70.wav,audio,1,lsb_matching,0.7,303f035d780c7413a29335542d5d1d854b70d21e68f37627207f88e381a2871e,train
aud_src_0215,aud_src_0215_clean.wav,data/generated/audio/aud_src_0215_clean.wav,audio,0,clean,0.0,8d791b7d86dc4a32cde7b2fc4d01e634a5d686712a1a897d03a3d4e8641f4472,train
aud_src_0215,aud_src_0215_stego_echo_hiding_1.00.wav,data/generated/audio/aud_src_0215_stego_echo_hiding_1.00.wav,audio,1,echo_hiding,1.0,bb93559dc1f0889cd90618e82158b7acd43b28c25cd281af11076ccf3361097a,train
aud_src_0216,aud_src_0216_clean.wav,data/generated/audio/aud_src_0216_clean.wav,audio,0,clean,0.0,ea723920293ae2dc42067d5db79ce692a8bdd3a4298d6824262daa2cd8299162,train
aud_src_0216,aud_src_0216_stego_lsb_replacement_0.20.wav,data/generated/audio/aud_src_0216_stego_lsb_replacement_0.20.wav,audio,1,lsb_replacement,0.2,45bdf2a3a8b936c0a96650e26cad98f8a7a52dca59b83db3d528e101da68a511,train
aud_src_0217,aud_src_0217_clean.wav,data/generated/audio/aud_src_0217_clean.wav,audio,0,clean,0.0,a55d14966108b12c1fd16ba9eeb55d238d696319fef9564daebd8a074f9cb60b,train
aud_src_0217,aud_src_0217_stego_lsb_matching_0.40.wav,data/generated/audio/aud_src_0217_stego_lsb_matching_0.40.wav,audio,1,lsb_matching,0.4,17fca848e48966d8e7b5c18eef3681ea8db55817710113f21ca4168b2042332e,train
aud_src_0218,aud_src_0218_clean.wav,data/generated/audio/aud_src_0218_clean.wav,audio,0,clean,0.0,cb562722a06b8818f3f8cc90d9b5663fa8f49137a245263558556ae01dd8c443,train
aud_src_0218,aud_src_0218_stego_echo_hiding_0.70.wav,data/generated/audio/aud_src_0218_stego_echo_hiding_0.70.wav,audio,1,echo_hiding,0.7,0ff01038ccd10d073b7ab46c569958650033c48ca7e2f8519221f4acfca4ab27,train
aud_src_0219,aud_src_0219_clean.wav,data/generated/audio/aud_src_0219_clean.wav,audio,0,clean,0.0,3b7bab177527404ace62fc8c4d4db47f8819fd84aef2f1b7b653f77f06dec8c4,test
aud_src_0219,aud_src_0219_stego_lsb_replacement_1.00.wav,data/generated/audio/aud_src_0219_stego_lsb_replacement_1.00.wav,audio,1,lsb_replacement,1.0,29c225efad7fd01f90171c489c77ffc12c6d041f6653c7de62460942ab346d65,test
aud_src_0220,aud_src_0220_clean.wav,data/generated/audio/aud_src_0220_clean.wav,audio,0,clean,0.0,68956b2423d39bd6d4a7ed8f0ebe1b7c66921fa61dacd0b72d4f8612822bea24,train
aud_src_0220,aud_src_0220_stego_lsb_matching_0.20.wav,data/generated/audio/aud_src_0220_stego_lsb_matching_0.20.wav,audio,1,lsb_matching,0.2,64653411952a6b26e7608b3cf08dcac5e018b806d519360debecaf38380e3b29,train
aud_src_0221,aud_src_0221_clean.wav,data/generated/audio/aud_src_0221_clean.wav,audio,0,clean,0.0,bb07fcc7052ea1a850d4c298ff508850580d9fe606a0a266789fb0186f2abec4,train
aud_src_0221,aud_src_0221_stego_echo_hiding_0.40.wav,data/generated/audio/aud_src_0221_stego_echo_hiding_0.40.wav,audio,1,echo_hiding,0.4,0e495345558f79569dd392281e709f5af1333026ad8231278923f37cd5e527f9,train
aud_src_0222,aud_src_0222_clean.wav,data/generated/audio/aud_src_0222_clean.wav,audio,0,clean,0.0,468f09c88fa2b65f8b8c06b295b6d44a16674f1a939cd3b7d52ece16f1118c98,train
aud_src_0222,aud_src_0222_stego_lsb_replacement_0.70.wav,data/generated/audio/aud_src_0222_stego_lsb_replacement_0.70.wav,audio,1,lsb_replacement,0.7,8fcffd2829fd1f08fc472b89d2a7e163487ba396b132ca91cd65b8d3692b6141,train
aud_src_0223,aud_src_0223_clean.wav,data/generated/audio/aud_src_0223_clean.wav,audio,0,clean,0.0,2eeaaf061489f58e750a3d5b90c3515116afdcd0897653a9ad6ad028a997ef0b,train
aud_src_0223,aud_src_0223_stego_lsb_matching_1.00.wav,data/generated/audio/aud_src_0223_stego_lsb_matching_1.00.wav,audio,1,lsb_matching,1.0,a79c1feebbf80cecf305f30502563f3b365d0431da43884216fa4865dfe6e90d,train
aud_src_0224,aud_src_0224_clean.wav,data/generated/audio/aud_src_0224_clean.wav,audio,0,clean,0.0,77c1f75616254b2791fd6cd6fd73341c52c066ddaeaca670f854c27f8c6929cf,train
aud_src_0224,aud_src_0224_stego_echo_hiding_0.20.wav,data/generated/audio/aud_src_0224_stego_echo_hiding_0.20.wav,audio,1,echo_hiding,0.2,926aa27d627ae75945fcbcf1b6937f04dfa29dbb2ddc52333a4ca974181064d8,train
aud_src_0225,aud_src_0225_clean.wav,data/generated/audio/aud_src_0225_clean.wav,audio,0,clean,0.0,01f637f86b3800796542dbf32231850b374cd1e4130d621e9881b4e79a68fa05,test
aud_src_0225,aud_src_0225_stego_lsb_replacement_0.40.wav,data/generated/audio/aud_src_0225_stego_lsb_replacement_0.40.wav,audio,1,lsb_replacement,0.4,7e8fc0b3edf5876c6c5c472c05ab90f82d48744946ae1ea5a3d21771c46cd296,test
aud_src_0226,aud_src_0226_clean.wav,data/generated/audio/aud_src_0226_clean.wav,audio,0,clean,0.0,253d490f8558077fc9ff941f7fc53d206e9620add402e8a528ace7285b30927c,train
aud_src_0226,aud_src_0226_stego_lsb_matching_0.70.wav,data/generated/audio/aud_src_0226_stego_lsb_matching_0.70.wav,audio,1,lsb_matching,0.7,a174ed94244f06473c0ad09c9d091ba498de16c700e128f7f7ccd9f5b6d91d08,train
aud_src_0227,aud_src_0227_clean.wav,data/generated/audio/aud_src_0227_clean.wav,audio,0,clean,0.0,8ee8eb409b34e4caf15ffcc7903633862798935381c5a040a36ecc2762e73cd1,train
aud_src_0227,aud_src_0227_stego_echo_hiding_1.00.wav,data/generated/audio/aud_src_0227_stego_echo_hiding_1.00.wav,audio,1,echo_hiding,1.0,5d9d2b433aa8344e28f023273e843e5fad196ee8fdde73f855279ec36f8b30eb,train
aud_src_0228,aud_src_0228_clean.wav,data/generated/audio/aud_src_0228_clean.wav,audio,0,clean,0.0,5229e7953542ca3d2bf034ca2868106899c427fc8771dd41ce889c09186ed9d2,train
aud_src_0228,aud_src_0228_stego_lsb_replacement_0.20.wav,data/generated/audio/aud_src_0228_stego_lsb_replacement_0.20.wav,audio,1,lsb_replacement,0.2,f7b2acea24049ac29ef40e4ac8021eed75d8bada6aa4888bd3fc68af0faf77a7,train
aud_src_0229,aud_src_0229_clean.wav,data/generated/audio/aud_src_0229_clean.wav,audio,0,clean,0.0,62b67886533f4d967ae0d60bc61f9174e29e02c4bc7d7cd36ab31ab621cf682a,test
aud_src_0229,aud_src_0229_stego_lsb_matching_0.40.wav,data/generated/audio/aud_src_0229_stego_lsb_matching_0.40.wav,audio,1,lsb_matching,0.4,55a29b2020b630d40e4c5ba7aa3797a9f866ddbbf9ddae3c2b1f94837adac103,test
aud_src_0230,aud_src_0230_clean.wav,data/generated/audio/aud_src_0230_clean.wav,audio,0,clean,0.0,fe5365d1507b6049bcc2aef8b18ad63ec583427ca9117d63cc1136817b11a4c3,train
aud_src_0230,aud_src_0230_stego_echo_hiding_0.70.wav,data/generated/audio/aud_src_0230_stego_echo_hiding_0.70.wav,audio,1,echo_hiding,0.7,d0035917496626be755c612165ce6af320890e06c1ef4bcebdbe03a0911e9d74,train
aud_src_0231,aud_src_0231_clean.wav,data/generated/audio/aud_src_0231_clean.wav,audio,0,clean,0.0,2589999eeb85775b152df7c6e43647214e02b03ffceb6bd806225fe585b7e3d5,train
aud_src_0231,aud_src_0231_stego_lsb_replacement_1.00.wav,data/generated/audio/aud_src_0231_stego_lsb_replacement_1.00.wav,audio,1,lsb_replacement,1.0,ced4bb9158d498a7b0e714c3688ba2857de634d5f4920c9c669b7a93012ee091,train
aud_src_0232,aud_src_0232_clean.wav,data/generated/audio/aud_src_0232_clean.wav,audio,0,clean,0.0,de0ef677ea481a5f31cd08efc49f5c58c56aae15e0af17903f7de0d9b4430436,train
aud_src_0232,aud_src_0232_stego_lsb_matching_0.20.wav,data/generated/audio/aud_src_0232_stego_lsb_matching_0.20.wav,audio,1,lsb_matching,0.2,1a3f3a3627c8b567a8ea848077404608e6469b8d191530977821312668fa4229,train
aud_src_0233,aud_src_0233_clean.wav,data/generated/audio/aud_src_0233_clean.wav,audio,0,clean,0.0,867c9cbd4cb4448d3a177474a015c751a4412ee0a20343e63335ed211cd5d167,train
aud_src_0233,aud_src_0233_stego_echo_hiding_0.40.wav,data/generated/audio/aud_src_0233_stego_echo_hiding_0.40.wav,audio,1,echo_hiding,0.4,a3da13cd6d2df95242fd4d7a23762c264d3726c399e700147820624ab4f72bd2,train
aud_src_0234,aud_src_0234_clean.wav,data/generated/audio/aud_src_0234_clean.wav,audio,0,clean,0.0,266c204944b4d5904dba837549df106d0916d169fd656fa53cd79c52812e2019,val
aud_src_0234,aud_src_0234_stego_lsb_replacement_0.70.wav,data/generated/audio/aud_src_0234_stego_lsb_replacement_0.70.wav,audio,1,lsb_replacement,0.7,5c561012d9fc566bca1caf84b3b64de29f914e1e2b40ec0ad822fe61e7c0b4e9,val
aud_src_0235,aud_src_0235_clean.wav,data/generated/audio/aud_src_0235_clean.wav,audio,0,clean,0.0,ac14ac06a0b345b17da040b526bbfeec94ba9089e7c9ec574b27aac2fd2637f5,test
aud_src_0235,aud_src_0235_stego_lsb_matching_1.00.wav,data/generated/audio/aud_src_0235_stego_lsb_matching_1.00.wav,audio,1,lsb_matching,1.0,e00dcb41aae95b0ee026b675063d36646a4de9def3ab52aaf3d04ecb570826a2,test
aud_src_0236,aud_src_0236_clean.wav,data/generated/audio/aud_src_0236_clean.wav,audio,0,clean,0.0,bfc8e8259200298d3725c7faa09494f29278ccf49b7e1b563fd425d047f5cad4,train
aud_src_0236,aud_src_0236_stego_echo_hiding_0.20.wav,data/generated/audio/aud_src_0236_stego_echo_hiding_0.20.wav,audio,1,echo_hiding,0.2,af184cfba3407da84255c0853b249ec03b228150bcaf750b4ca9dc49a73986a5,train
aud_src_0237,aud_src_0237_clean.wav,data/generated/audio/aud_src_0237_clean.wav,audio,0,clean,0.0,6a7a0fcf41fe1491a60b5323aeb898164a95ad85416bb8101e63f08aeeca9d39,train
aud_src_0237,aud_src_0237_stego_lsb_replacement_0.40.wav,data/generated/audio/aud_src_0237_stego_lsb_replacement_0.40.wav,audio,1,lsb_replacement,0.4,936359d7f7eec45088be8dd41e245595d1eb77c457872ddc637f74a52d060b84,train
aud_src_0238,aud_src_0238_clean.wav,data/generated/audio/aud_src_0238_clean.wav,audio,0,clean,0.0,637870a568ea809b8a15d09032727642a6836e0111fc0885a3264f6434bd68c4,train
aud_src_0238,aud_src_0238_stego_lsb_matching_0.70.wav,data/generated/audio/aud_src_0238_stego_lsb_matching_0.70.wav,audio,1,lsb_matching,0.7,eb788fac495bf81dc1ac7154b70bea48bf7380b9759d989963ad46cb236cfe7c,train
aud_src_0239,aud_src_0239_clean.wav,data/generated/audio/aud_src_0239_clean.wav,audio,0,clean,0.0,b9b694b840a8a9b8b947fdf32769aad089822cb4e82ef78b58ddd9c0061e38d7,train
aud_src_0239,aud_src_0239_stego_echo_hiding_1.00.wav,data/generated/audio/aud_src_0239_stego_echo_hiding_1.00.wav,audio,1,echo_hiding,1.0,d08f3dcd7f3ed050e392648730fbaf9312e47f053b40ed8da0b5bb10a550ba52,train
aud_src_0240,aud_src_0240_clean.wav,data/generated/audio/aud_src_0240_clean.wav,audio,0,clean,0.0,08e190a4ae48dae70863c6860ee2cf9fa8e5d8b8e985e4e0b3487720e35bd3ce,train
aud_src_0240,aud_src_0240_stego_lsb_replacement_0.20.wav,data/generated/audio/aud_src_0240_stego_lsb_replacement_0.20.wav,audio,1,lsb_replacement,0.2,2029cc8dc9c9d6ceba8055a81f8bb24f8bd303215db0762d0434b53e78142bb2,train
aud_src_0241,aud_src_0241_clean.wav,data/generated/audio/aud_src_0241_clean.wav,audio,0,clean,0.0,ee3b3e9316c040fed5edc1816fbe569f99fa7604a48b88bafb5cfcb13334959b,train
aud_src_0241,aud_src_0241_stego_lsb_matching_0.40.wav,data/generated/audio/aud_src_0241_stego_lsb_matching_0.40.wav,audio,1,lsb_matching,0.4,1c1d083e492560869291d9c5b0590cec416165c515584a10cd5baab18094c97c,train
aud_src_0242,aud_src_0242_clean.wav,data/generated/audio/aud_src_0242_clean.wav,audio,0,clean,0.0,6633bedc8601ba7829f49dc4657f11146652d1c2099bac7957143502b947ee49,test
aud_src_0242,aud_src_0242_stego_echo_hiding_0.70.wav,data/generated/audio/aud_src_0242_stego_echo_hiding_0.70.wav,audio,1,echo_hiding,0.7,5d4a156a9abd05c74af147c26ba1e769af6e07bef9f7e89b2e5fe2c854f63290,test
aud_src_0243,aud_src_0243_clean.wav,data/generated/audio/aud_src_0243_clean.wav,audio,0,clean,0.0,fe65560bf0a03f0b72c529cab178e2ae7dd8bc11aabbad02c9341eee27a7a715,train
aud_src_0243,aud_src_0243_stego_lsb_replacement_1.00.wav,data/generated/audio/aud_src_0243_stego_lsb_replacement_1.00.wav,audio,1,lsb_replacement,1.0,773bc84735d05f7158f7f00939894eb8174a260f3c4268a3fe4b3e12f073e57f,train
aud_src_0244,aud_src_0244_clean.wav,data/generated/audio/aud_src_0244_clean.wav,audio,0,clean,0.0,feee5ac73d508fc06e093c8d508bec4622fd48502357638381caee341369fb00,val
aud_src_0244,aud_src_0244_stego_lsb_matching_0.20.wav,data/generated/audio/aud_src_0244_stego_lsb_matching_0.20.wav,audio,1,lsb_matching,0.2,3380e201d677874d97ad02cdb08ff4cbedbe138b713d2ff4eba244987cc800af,val
aud_src_0245,aud_src_0245_clean.wav,data/generated/audio/aud_src_0245_clean.wav,audio,0,clean,0.0,84dd4714e1d6dcd333d83dcdff51cdff09828f1fdc2e156a05c4a1122c42c825,train
aud_src_0245,aud_src_0245_stego_echo_hiding_0.40.wav,data/generated/audio/aud_src_0245_stego_echo_hiding_0.40.wav,audio,1,echo_hiding,0.4,cd8234eba7e2f4efee4db9940e19746191b8d8a3d7080c56f74ca51662c87afe,train
aud_src_0246,aud_src_0246_clean.wav,data/generated/audio/aud_src_0246_clean.wav,audio,0,clean,0.0,a9c04b9ecd03c98b517733bba45b192afb83646b99dff73be54fa5e6db595e45,train
aud_src_0246,aud_src_0246_stego_lsb_replacement_0.70.wav,data/generated/audio/aud_src_0246_stego_lsb_replacement_0.70.wav,audio,1,lsb_replacement,0.7,1743252a79e71924d3f64f0a22ba42ecce1c449e8bef5945dacb9fe36677440f,train
aud_src_0247,aud_src_0247_clean.wav,data/generated/audio/aud_src_0247_clean.wav,audio,0,clean,0.0,54d3822e589a1d6c4e72b77e55bfb7e01406d0824a643a7579c5ed8da8187536,test
aud_src_0247,aud_src_0247_stego_lsb_matching_1.00.wav,data/generated/audio/aud_src_0247_stego_lsb_matching_1.00.wav,audio,1,lsb_matching,1.0,56ba3395d669c74d76993a89207dc3995a806c746a49b699f7e7949f2f5bb17e,test
aud_src_0248,aud_src_0248_clean.wav,data/generated/audio/aud_src_0248_clean.wav,audio,0,clean,0.0,5c8296f7c5756ac680fd8fc49a0b30f96c8e02a274ccf4ed8c340b8f0c362d74,test
aud_src_0248,aud_src_0248_stego_echo_hiding_0.20.wav,data/generated/audio/aud_src_0248_stego_echo_hiding_0.20.wav,audio,1,echo_hiding,0.2,9d464854f7aafbbc0c091506970ae80781223292a320172cc47133d1c1dc2ac3,test
aud_src_0249,aud_src_0249_clean.wav,data/generated/audio/aud_src_0249_clean.wav,audio,0,clean,0.0,99580ba8f10c5e5d7c48ff3b7ab7674ddaa16e723e7137a0a5000de5114071d7,val
aud_src_0249,aud_src_0249_stego_lsb_replacement_0.40.wav,data/generated/audio/aud_src_0249_stego_lsb_replacement_0.40.wav,audio,1,lsb_replacement,0.4,0e7a0ca3ca4d6931d4e80b0f43bae077455cde9d38cec3c839a7b7d8b82a0432,val
aud_src_0250,aud_src_0250_clean.wav,data/generated/audio/aud_src_0250_clean.wav,audio,0,clean,0.0,4882c82467ea3f4298788d6fea064cffeb1d9206950201b34d0e900ed21c3e83,train
aud_src_0250,aud_src_0250_stego_lsb_matching_0.70.wav,data/generated/audio/aud_src_0250_stego_lsb_matching_0.70.wav,audio,1,lsb_matching,0.7,d63c6c8200f41118a2f0a4aa7377e6e6e32670fcf7e377d38611ea807a0be5af,train
aud_src_0251,aud_src_0251_clean.wav,data/generated/audio/aud_src_0251_clean.wav,audio,0,clean,0.0,e20f01d4ecc993d42a5b8309f9de36689d6d82659153f01fb11fee7cc61f9418,val
aud_src_0251,aud_src_0251_stego_echo_hiding_1.00.wav,data/generated/audio/aud_src_0251_stego_echo_hiding_1.00.wav,audio,1,echo_hiding,1.0,8e3524dd96192a0fcc64c63c942e14685edddeed6e0d348f6eb18bb5cd1e2a0a,val
aud_src_0252,aud_src_0252_clean.wav,data/generated/audio/aud_src_0252_clean.wav,audio,0,clean,0.0,85336fb5cc500e8793da1bfa4a8ca309fd4e246f6366981e0b07abc584341f47,train
aud_src_0252,aud_src_0252_stego_lsb_replacement_0.20.wav,data/generated/audio/aud_src_0252_stego_lsb_replacement_0.20.wav,audio,1,lsb_replacement,0.2,11601d765897ae1c8e47fa761b18544a6050d7a9fdf65f72cd9ed7cd008ac045,train
aud_src_0253,aud_src_0253_clean.wav,data/generated/audio/aud_src_0253_clean.wav,audio,0,clean,0.0,a137a6536668ef506f921c8df125af5b3da5572f93f9e8dfd2f2d0efa2a2a434,train
aud_src_0253,aud_src_0253_stego_lsb_matching_0.40.wav,data/generated/audio/aud_src_0253_stego_lsb_matching_0.40.wav,audio,1,lsb_matching,0.4,7763cc0feb302ca328dba9b970d6ea06dbce6557ffc0622586c17fb9b200afed,train
aud_src_0254,aud_src_0254_clean.wav,data/generated/audio/aud_src_0254_clean.wav,audio,0,clean,0.0,e7efb16b062e14a55374e3daf430d3d5d2b4ec65639ab4e9ebfdb51d67d80717,train
aud_src_0254,aud_src_0254_stego_echo_hiding_0.70.wav,data/generated/audio/aud_src_0254_stego_echo_hiding_0.70.wav,audio,1,echo_hiding,0.7,ebe8e879e4034afa8320fc13dfb3a64f362f5b3ab81a7c23e0baed7200a3a36d,train
aud_src_0255,aud_src_0255_clean.wav,data/generated/audio/aud_src_0255_clean.wav,audio,0,clean,0.0,afd6cdb22b0b333e1e274e678ecd5ab71c7c61492a433b73c0ca8a25033b510b,train
aud_src_0255,aud_src_0255_stego_lsb_replacement_1.00.wav,data/generated/audio/aud_src_0255_stego_lsb_replacement_1.00.wav,audio,1,lsb_replacement,1.0,7cb704106b6c07f1a596bc92e2810d4306ef12a87a831d88129f56083da54fd5,train
aud_src_0256,aud_src_0256_clean.wav,data/generated/audio/aud_src_0256_clean.wav,audio,0,clean,0.0,c463949bfefb97c9d9570243a7fef359f089b5327093a5b9e29b284cb7f6628c,train
aud_src_0256,aud_src_0256_stego_lsb_matching_0.20.wav,data/generated/audio/aud_src_0256_stego_lsb_matching_0.20.wav,audio,1,lsb_matching,0.2,cd514d1c481fdbd5408610ff07a152006e9b7eefd18af0646958d443f3121616,train
aud_src_0257,aud_src_0257_clean.wav,data/generated/audio/aud_src_0257_clean.wav,audio,0,clean,0.0,f28e80c9123968784d7665e73484555dd2ebccd21c969550eaa055cf9f0e0baf,train
aud_src_0257,aud_src_0257_stego_echo_hiding_0.40.wav,data/generated/audio/aud_src_0257_stego_echo_hiding_0.40.wav,audio,1,echo_hiding,0.4,3f6d9d5e78c3a72d8595a7fab5fdc4968229e37b2a59884f24048b58b7cd45b2,train
aud_src_0258,aud_src_0258_clean.wav,data/generated/audio/aud_src_0258_clean.wav,audio,0,clean,0.0,2928cae4bef3feae0d299edb93ab2884edd19bc36ebb795bc9deeeacf846d85f,train
aud_src_0258,aud_src_0258_stego_lsb_replacement_0.70.wav,data/generated/audio/aud_src_0258_stego_lsb_replacement_0.70.wav,audio,1,lsb_replacement,0.7,c9b48bcf269fcd7a0e47a8baaeccf07d7e9c1a1f04e74e2590a2981ac2b8b558,train
aud_src_0259,aud_src_0259_clean.wav,data/generated/audio/aud_src_0259_clean.wav,audio,0,clean,0.0,e6e7986e05e3b44556e43e142d1505106f8483777ab3f2c33d1f58c3d5d01c15,train
aud_src_0259,aud_src_0259_stego_lsb_matching_1.00.wav,data/generated/audio/aud_src_0259_stego_lsb_matching_1.00.wav,audio,1,lsb_matching,1.0,b57b8bfa4a8fb0ef803f8b330f80de1112dfe4b8e98b6cc50bfae9ba17c4f39b,train
aud_src_0260,aud_src_0260_clean.wav,data/generated/audio/aud_src_0260_clean.wav,audio,0,clean,0.0,0334998b64e4a759d405f6c90453822a4a30e24791c943dec1798f7f1dd45d5c,train
aud_src_0260,aud_src_0260_stego_echo_hiding_0.20.wav,data/generated/audio/aud_src_0260_stego_echo_hiding_0.20.wav,audio,1,echo_hiding,0.2,ad5eea8c0e52bbd7fe0784512f04a1bc7671ebec22d981b796e3404524867be5,train
aud_src_0261,aud_src_0261_clean.wav,data/generated/audio/aud_src_0261_clean.wav,audio,0,clean,0.0,8d0a4aa7493516b9d2b4806b9d36d36a3fb64f50bfdc16b6104e49e8f86678f8,train
aud_src_0261,aud_src_0261_stego_lsb_replacement_0.40.wav,data/generated/audio/aud_src_0261_stego_lsb_replacement_0.40.wav,audio,1,lsb_replacement,0.4,1ba097178fe0648917d1e35ed83a6080df479352c9417d31435e1f3273dc362f,train
aud_src_0262,aud_src_0262_clean.wav,data/generated/audio/aud_src_0262_clean.wav,audio,0,clean,0.0,08f20671d3d688c03e0b5a47a245e180037ea949590628764e666f4965a086c4,train
aud_src_0262,aud_src_0262_stego_lsb_matching_0.70.wav,data/generated/audio/aud_src_0262_stego_lsb_matching_0.70.wav,audio,1,lsb_matching,0.7,40a9014485552dd16fdec1736c32f5736d4ae79037aec5d1cb43cd471b19c3a1,train
aud_src_0263,aud_src_0263_clean.wav,data/generated/audio/aud_src_0263_clean.wav,audio,0,clean,0.0,6b88ffd8f99e50827ae5d73fa2dbc0a72ac510bbc8b22edd49a7a81e3958532d,test
aud_src_0263,aud_src_0263_stego_echo_hiding_1.00.wav,data/generated/audio/aud_src_0263_stego_echo_hiding_1.00.wav,audio,1,echo_hiding,1.0,c24c3698300c0e155d9e7a690ffd05a105ab373fdd78137a815d9002b076efda,test
aud_src_0264,aud_src_0264_clean.wav,data/generated/audio/aud_src_0264_clean.wav,audio,0,clean,0.0,95389f73b1fceb22e85bdc9614ecbaee33ba57efbaa836336537959e80adc53d,train
aud_src_0264,aud_src_0264_stego_lsb_replacement_0.20.wav,data/generated/audio/aud_src_0264_stego_lsb_replacement_0.20.wav,audio,1,lsb_replacement,0.2,80da145bc558ad14ffe773934d4491d2a3921e91f0d816143466d5c4c4b62367,train
aud_src_0265,aud_src_0265_clean.wav,data/generated/audio/aud_src_0265_clean.wav,audio,0,clean,0.0,e60ecea3cc398b4fc83c5b1d01143ffdc9e349a3b4f2ed69beb6602a553733ac,train
aud_src_0265,aud_src_0265_stego_lsb_matching_0.40.wav,data/generated/audio/aud_src_0265_stego_lsb_matching_0.40.wav,audio,1,lsb_matching,0.4,cbaef7e10ac7c4e1185597c87832969220fcb26af8be581c7be3c1f7d915fd15,train
aud_src_0266,aud_src_0266_clean.wav,data/generated/audio/aud_src_0266_clean.wav,audio,0,clean,0.0,d40ec0f421dd5a457f4d23b394611f697ae67c0e04449a7c1af27aaa67829096,test
aud_src_0266,aud_src_0266_stego_echo_hiding_0.70.wav,data/generated/audio/aud_src_0266_stego_echo_hiding_0.70.wav,audio,1,echo_hiding,0.7,dbdf50b52f877724a77ca32d6e6cc42b34b1d332bed87457e7d15fd46d96d7cc,test
aud_src_0267,aud_src_0267_clean.wav,data/generated/audio/aud_src_0267_clean.wav,audio,0,clean,0.0,2042b23ccaf141d5bbee93f8dd551623e3f6e6bc7b65042b7574fab12dcc0b70,train
aud_src_0267,aud_src_0267_stego_lsb_replacement_1.00.wav,data/generated/audio/aud_src_0267_stego_lsb_replacement_1.00.wav,audio,1,lsb_replacement,1.0,6341ea330b68143da748fc95dce20735a030cb1435c44fe7c2139107278ec00c,train
aud_src_0268,aud_src_0268_clean.wav,data/generated/audio/aud_src_0268_clean.wav,audio,0,clean,0.0,10d4bc84e79cf6682c160420e89a44d54dab0614735a98e2477d9dbe9d15abcf,train
aud_src_0268,aud_src_0268_stego_lsb_matching_0.20.wav,data/generated/audio/aud_src_0268_stego_lsb_matching_0.20.wav,audio,1,lsb_matching,0.2,e29056e904a16e5a04107669809210ebc4e0a976cb5719d3088f83f018a3e6a9,train
aud_src_0269,aud_src_0269_clean.wav,data/generated/audio/aud_src_0269_clean.wav,audio,0,clean,0.0,1b132c69c7f5dcee5e8dac53ec58d29285d4198032d3524dcced762e1362e2f0,test
aud_src_0269,aud_src_0269_stego_echo_hiding_0.40.wav,data/generated/audio/aud_src_0269_stego_echo_hiding_0.40.wav,audio,1,echo_hiding,0.4,b672a69e54b2526ceed72300ea583f503237a4be1571a35618734685dbbdb61f,test
aud_src_0270,aud_src_0270_clean.wav,data/generated/audio/aud_src_0270_clean.wav,audio,0,clean,0.0,0f5195968cf46fb502f2bc6d867696f4e71a0a8f6fccac2e973980a735c19874,val
aud_src_0270,aud_src_0270_stego_lsb_replacement_0.70.wav,data/generated/audio/aud_src_0270_stego_lsb_replacement_0.70.wav,audio,1,lsb_replacement,0.7,632d2c0e8042a3f4937c55f49fba631e61a798194393d64c59f9cb8504de76c2,val
aud_src_0271,aud_src_0271_clean.wav,data/generated/audio/aud_src_0271_clean.wav,audio,0,clean,0.0,c4cd52dbdb44d88ee3a4d3cdefacc104a28d56345f003ddfd7c5a2ef9b516d98,train
aud_src_0271,aud_src_0271_stego_lsb_matching_1.00.wav,data/generated/audio/aud_src_0271_stego_lsb_matching_1.00.wav,audio,1,lsb_matching,1.0,5bfd735cbfe3651c0b977dd6eb5f52d3641e5cfd80b054ac1abec25c9fa56ebe,train
aud_src_0272,aud_src_0272_clean.wav,data/generated/audio/aud_src_0272_clean.wav,audio,0,clean,0.0,d9a1704c826bac7ebb3685534a0e4510f12cb25fbd905b836a39d5b75da8b708,train
aud_src_0272,aud_src_0272_stego_echo_hiding_0.20.wav,data/generated/audio/aud_src_0272_stego_echo_hiding_0.20.wav,audio,1,echo_hiding,0.2,2f2f67824a332611ac98193d4fb67fdca5571dc605dd5a030eb495c37bc1ac2c,train
aud_src_0273,aud_src_0273_clean.wav,data/generated/audio/aud_src_0273_clean.wav,audio,0,clean,0.0,357e87f662fb325a17fee181543d55b5650637ed0ef87225f5f4fd84450c621c,train
aud_src_0273,aud_src_0273_stego_lsb_replacement_0.40.wav,data/generated/audio/aud_src_0273_stego_lsb_replacement_0.40.wav,audio,1,lsb_replacement,0.4,a6daeb6dd6f3cb573dd4e22d2a00602b47fbada167276e81aeb4c3f48e457184,train
aud_src_0274,aud_src_0274_clean.wav,data/generated/audio/aud_src_0274_clean.wav,audio,0,clean,0.0,0d644f4d70f6e078e46e3414f0b1ed1fd20ff70e516d9687ba3b6a1c38d74a68,train
aud_src_0274,aud_src_0274_stego_lsb_matching_0.70.wav,data/generated/audio/aud_src_0274_stego_lsb_matching_0.70.wav,audio,1,lsb_matching,0.7,d0b5b6a3b524d243f253e7b288fc328e7e6c76bb3941e32fd32d023274287010,train
aud_src_0275,aud_src_0275_clean.wav,data/generated/audio/aud_src_0275_clean.wav,audio,0,clean,0.0,7a39bbeb37728ad36fc8c9af2ab9e069bada73a49e8f036bb0004a9751c01b5c,test
aud_src_0275,aud_src_0275_stego_echo_hiding_1.00.wav,data/generated/audio/aud_src_0275_stego_echo_hiding_1.00.wav,audio,1,echo_hiding,1.0,efb9aa48f78333af3c8bc5e16f7c8a7664c8849bea084021cf26c2256949ffb0,test
aud_src_0276,aud_src_0276_clean.wav,data/generated/audio/aud_src_0276_clean.wav,audio,0,clean,0.0,89a62ada5043de666e491c8ad2aa7f0e125c77eecb40e62b22493d116b7cb3ef,test
aud_src_0276,aud_src_0276_stego_lsb_replacement_0.20.wav,data/generated/audio/aud_src_0276_stego_lsb_replacement_0.20.wav,audio,1,lsb_replacement,0.2,81cd27cc53fe975fe70ffd54861f84aed088fe2aad153c7b74d63c0f35539a1b,test
aud_src_0277,aud_src_0277_clean.wav,data/generated/audio/aud_src_0277_clean.wav,audio,0,clean,0.0,5577490ab0c7d37834e2be88ee5f703e16698874969b77fd907f41c4d5395849,train
aud_src_0277,aud_src_0277_stego_lsb_matching_0.40.wav,data/generated/audio/aud_src_0277_stego_lsb_matching_0.40.wav,audio,1,lsb_matching,0.4,9d386f13f414717884a689e8a677043b189832ab724088687670e247e3915d8a,train
aud_src_0278,aud_src_0278_clean.wav,data/generated/audio/aud_src_0278_clean.wav,audio,0,clean,0.0,7a60af27736d43a6bae1e7bc79b4cef233b76c8e4b1942cf074c11a5271e8232,val
aud_src_0278,aud_src_0278_stego_echo_hiding_0.70.wav,data/generated/audio/aud_src_0278_stego_echo_hiding_0.70.wav,audio,1,echo_hiding,0.7,b86321de05f955d536e4a045b12ba3ccc3f8678bbf09c14bd9778dc47e5a250c,val
aud_src_0279,aud_src_0279_clean.wav,data/generated/audio/aud_src_0279_clean.wav,audio,0,clean,0.0,17c1a210aa14e6f2f5d1fcef69e4bab51a814efda91eb1098612127b67fe1e27,test
aud_src_0279,aud_src_0279_stego_lsb_replacement_1.00.wav,data/generated/audio/aud_src_0279_stego_lsb_replacement_1.00.wav,audio,1,lsb_replacement,1.0,79517b5b8ae84b837e44f990e3ab823a98d6a092c23a5b9d79b0372877bb6e01,test
aud_src_0280,aud_src_0280_clean.wav,data/generated/audio/aud_src_0280_clean.wav,audio,0,clean,0.0,eb1dfeb36cc94722ffaeac802719f29e3e494b6de91ed2c586eaf5bfc2e38531,train
aud_src_0280,aud_src_0280_stego_lsb_matching_0.20.wav,data/generated/audio/aud_src_0280_stego_lsb_matching_0.20.wav,audio,1,lsb_matching,0.2,ab09fbe7391c2f50dcab90b37e600040ac135fa1af9be8e32446640f698282fd,train
aud_src_0281,aud_src_0281_clean.wav,data/generated/audio/aud_src_0281_clean.wav,audio,0,clean,0.0,f52d770ffc2ddbff9793a390dce068c38ef58dd7de2c641f8b3a689c2f0c7b7c,train
aud_src_0281,aud_src_0281_stego_echo_hiding_0.40.wav,data/generated/audio/aud_src_0281_stego_echo_hiding_0.40.wav,audio,1,echo_hiding,0.4,21d38f875994094d239d7e0dccbb37d75617f1d8d9dc4f1911d82a24c1231c62,train
aud_src_0282,aud_src_0282_clean.wav,data/generated/audio/aud_src_0282_clean.wav,audio,0,clean,0.0,5d339bd3d24178b732cc2a13109f68dde71b7c0a7024673d44baa6d6c81287c8,train
aud_src_0282,aud_src_0282_stego_lsb_replacement_0.70.wav,data/generated/audio/aud_src_0282_stego_lsb_replacement_0.70.wav,audio,1,lsb_replacement,0.7,9f3d0a0cab8fa371925a506b9a258995b9a0974b1404152f2519daa9846a3c2d,train
aud_src_0283,aud_src_0283_clean.wav,data/generated/audio/aud_src_0283_clean.wav,audio,0,clean,0.0,e614c5e4b8c162ad2ef3949375a521835804531a7e9f3d4b21acaa624604abab,train
aud_src_0283,aud_src_0283_stego_lsb_matching_1.00.wav,data/generated/audio/aud_src_0283_stego_lsb_matching_1.00.wav,audio,1,lsb_matching,1.0,2426b80aad5d3864135a3ffaeff4ff25d8749add9270629cd856073e02031ab2,train
aud_src_0284,aud_src_0284_clean.wav,data/generated/audio/aud_src_0284_clean.wav,audio,0,clean,0.0,fb74aad236444c0d93cb1fb1dd7a867adeff39ab2f4b2e279d132dc3ad61ee90,train
aud_src_0284,aud_src_0284_stego_echo_hiding_0.20.wav,data/generated/audio/aud_src_0284_stego_echo_hiding_0.20.wav,audio,1,echo_hiding,0.2,877972bcf5d27daaf85596746e41e86009d82aec3cc4d7ba5a8ac34cb540f45c,train
aud_src_0285,aud_src_0285_clean.wav,data/generated/audio/aud_src_0285_clean.wav,audio,0,clean,0.0,2c36d6e3ffc86306904221b92ecc62aef867ac74ead9374d10631539a413f9bc,train
aud_src_0285,aud_src_0285_stego_lsb_replacement_0.40.wav,data/generated/audio/aud_src_0285_stego_lsb_replacement_0.40.wav,audio,1,lsb_replacement,0.4,d0b853fee8adfaa64a550fa1d2b2e501a878bbd658707491ff3586180713c2e7,train
aud_src_0286,aud_src_0286_clean.wav,data/generated/audio/aud_src_0286_clean.wav,audio,0,clean,0.0,673f945ac404ab3f55df5afabcebf8b6d3e54784d74d285631a2489a932f5abb,train
aud_src_0286,aud_src_0286_stego_lsb_matching_0.70.wav,data/generated/audio/aud_src_0286_stego_lsb_matching_0.70.wav,audio,1,lsb_matching,0.7,94bc10e650f1d855692bb69d140939df2435a14e84533667e2ad33faa1709b4b,train
aud_src_0287,aud_src_0287_clean.wav,data/generated/audio/aud_src_0287_clean.wav,audio,0,clean,0.0,e0304b189487ea5911817490b82786babe86eeb78f2a417fc17af515dac25baf,train
aud_src_0287,aud_src_0287_stego_echo_hiding_1.00.wav,data/generated/audio/aud_src_0287_stego_echo_hiding_1.00.wav,audio,1,echo_hiding,1.0,5f32a1da9e08ca0073c998dc977b5c5665f42f54c3e32868946ea890855f1b60,train
aud_src_0288,aud_src_0288_clean.wav,data/generated/audio/aud_src_0288_clean.wav,audio,0,clean,0.0,4d0e3bd8c91f74e5884101948d645abedb1a2fad90da4be1948a9e925d1ce900,train
aud_src_0288,aud_src_0288_stego_lsb_replacement_0.20.wav,data/generated/audio/aud_src_0288_stego_lsb_replacement_0.20.wav,audio,1,lsb_replacement,0.2,15384048a4b0c32374e663bdd8a7361c58dafe5984f7619e76ad51bbc7d51006,train
aud_src_0289,aud_src_0289_clean.wav,data/generated/audio/aud_src_0289_clean.wav,audio,0,clean,0.0,44a617cbbb2135a5c7dea0a57ae271579b235276f90e8969a0eaffd6ced4d29a,train
aud_src_0289,aud_src_0289_stego_lsb_matching_0.40.wav,data/generated/audio/aud_src_0289_stego_lsb_matching_0.40.wav,audio,1,lsb_matching,0.4,19a150e5ae93b04c7241b1c12d0140035a014e7db42ff771ed983a9d091bf758,train
aud_src_0290,aud_src_0290_clean.wav,data/generated/audio/aud_src_0290_clean.wav,audio,0,clean,0.0,27e0ee22f503779e7b95aa53a4a1b10738522ff5039cd18935edea4337f800ad,train
aud_src_0290,aud_src_0290_stego_echo_hiding_0.70.wav,data/generated/audio/aud_src_0290_stego_echo_hiding_0.70.wav,audio,1,echo_hiding,0.7,dee994c815337d2f9881eec91488c91b460570f87d90610f63dfee0223d5aee2,train
aud_src_0291,aud_src_0291_clean.wav,data/generated/audio/aud_src_0291_clean.wav,audio,0,clean,0.0,95d1215bb40e8fac3bc54bee78f72631a5600331503e8ce3723901c0411f721f,test
aud_src_0291,aud_src_0291_stego_lsb_replacement_1.00.wav,data/generated/audio/aud_src_0291_stego_lsb_replacement_1.00.wav,audio,1,lsb_replacement,1.0,b3560218fe978c6511cd93c209e2e7ca0b92f61d6a5049129fe5b3f65644790a,test
aud_src_0292,aud_src_0292_clean.wav,data/generated/audio/aud_src_0292_clean.wav,audio,0,clean,0.0,d4c1f3c1e7df4046937f57116dd1382a2e9f70b9d799b51c51c98ed747e285ec,val
aud_src_0292,aud_src_0292_stego_lsb_matching_0.20.wav,data/generated/audio/aud_src_0292_stego_lsb_matching_0.20.wav,audio,1,lsb_matching,0.2,25248c849d4582689b8d7b03c5df8754167990dcdfb2434081172611d599a5e4,val
aud_src_0293,aud_src_0293_clean.wav,data/generated/audio/aud_src_0293_clean.wav,audio,0,clean,0.0,2a0fa84d4b330abe5c52e3052e62238ad091df5e7902f423085d427fced8de71,train
aud_src_0293,aud_src_0293_stego_echo_hiding_0.40.wav,data/generated/audio/aud_src_0293_stego_echo_hiding_0.40.wav,audio,1,echo_hiding,0.4,694121e514a3dc1ab856c3fa155bca697a0831f1d2ac1aad77ddfcd2a2d44b71,train
aud_src_0294,aud_src_0294_clean.wav,data/generated/audio/aud_src_0294_clean.wav,audio,0,clean,0.0,f97d0bf93d68f6cb58f731a9078bc699d24fac73e764cc9c5a614a3cc7b178af,test
aud_src_0294,aud_src_0294_stego_lsb_replacement_0.70.wav,data/generated/audio/aud_src_0294_stego_lsb_replacement_0.70.wav,audio,1,lsb_replacement,0.7,57d6fc5f3c4424b6ab93b7f87ff7b55dcf671d66ed296242aa80e278039fa256,test
aud_src_0295,aud_src_0295_clean.wav,data/generated/audio/aud_src_0295_clean.wav,audio,0,clean,0.0,06c8d9c999578c70ad08b6ca2ff6277fb9a88bc55e0f9f16acb9b4bac53e3d4c,test
aud_src_0295,aud_src_0295_stego_lsb_matching_1.00.wav,data/generated/audio/aud_src_0295_stego_lsb_matching_1.00.wav,audio,1,lsb_matching,1.0,d56ca0ac2ea83e1dee2b2f2c3eb68642dcaaaaf227a8ee8451626742165c81a8,test
aud_src_0296,aud_src_0296_clean.wav,data/generated/audio/aud_src_0296_clean.wav,audio,0,clean,0.0,c724c9ad17609d367392ca202d201ea9c85a6772ac77f2e04f78a9b5d5924c3e,train
aud_src_0296,aud_src_0296_stego_echo_hiding_0.20.wav,data/generated/audio/aud_src_0296_stego_echo_hiding_0.20.wav,audio,1,echo_hiding,0.2,7c24685701a16072dbbb335dbc7ce36f488c81bfb3a2419992524caedc55ad43,train
aud_src_0297,aud_src_0297_clean.wav,data/generated/audio/aud_src_0297_clean.wav,audio,0,clean,0.0,4eb65ee43af17ace096e227a68ff3795a5f5794c039652b78c1a51e8cee98067,val
aud_src_0297,aud_src_0297_stego_lsb_replacement_0.40.wav,data/generated/audio/aud_src_0297_stego_lsb_replacement_0.40.wav,audio,1,lsb_replacement,0.4,cf202d880a766e2c5bb79d830f5cffd7e16d9efaf84b351a4c554ffeca851b3c,val
aud_src_0298,aud_src_0298_clean.wav,data/generated/audio/aud_src_0298_clean.wav,audio,0,clean,0.0,09e66956b6c08d5514507bef08d95e981137988f333fef84197b8ec5842601da,train
aud_src_0298,aud_src_0298_stego_lsb_matching_0.70.wav,data/generated/audio/aud_src_0298_stego_lsb_matching_0.70.wav,audio,1,lsb_matching,0.7,d62437e2d11c35fb87dcc6b16e94c848f95278e62070b5be51541d0aee8cf2d3,train
aud_src_0299,aud_src_0299_clean.wav,data/generated/audio/aud_src_0299_clean.wav,audio,0,clean,0.0,5dee040e9e590437c6451039ee6cc8c468048acb3407b79d55ea0f9e3c0ac260,train
aud_src_0299,aud_src_0299_stego_echo_hiding_1.00.wav,data/generated/audio/aud_src_0299_stego_echo_hiding_1.00.wav,audio,1,echo_hiding,1.0,7ab5d114e942f84371730ba44805a9a7d967a31876ff2d307d6128a430d86e37,train
aud_src_0300,aud_src_0300_clean.wav,data/generated/audio/aud_src_0300_clean.wav,audio,0,clean,0.0,870e33f67de4ba416186a1efe5ccf5dc3656dd319e0cbd1cab9167f75caa97af,val
aud_src_0300,aud_src_0300_stego_lsb_replacement_0.20.wav,data/generated/audio/aud_src_0300_stego_lsb_replacement_0.20.wav,audio,1,lsb_replacement,0.2,86bc213b3bd283587dbf8ac6cdc9a5ed847e597addb70b55af028608d1f62c33,val
aud_src_0301,aud_src_0301_clean.wav,data/generated/audio/aud_src_0301_clean.wav,audio,0,clean,0.0,53753c5798606fe6b4133a016b833d5f4363e0d69c2cee516acaa59bf616f9a2,train
aud_src_0301,aud_src_0301_stego_lsb_matching_0.40.wav,data/generated/audio/aud_src_0301_stego_lsb_matching_0.40.wav,audio,1,lsb_matching,0.4,2551205e8985c4bad501fe181c1bddda39689f31008b63e47d8dfd7100a3e510,train
aud_src_0302,aud_src_0302_clean.wav,data/generated/audio/aud_src_0302_clean.wav,audio,0,clean,0.0,5184d55c345f07ffd3f39bf09cd288a3a7d8bdb39d2fe91811386dfbdc8bb28f,train
aud_src_0302,aud_src_0302_stego_echo_hiding_0.70.wav,data/generated/audio/aud_src_0302_stego_echo_hiding_0.70.wav,audio,1,echo_hiding,0.7,ae161349cf9b33e65fb9b0219a76ad04d0db2f4d82bedc57de09a5f51fcfb308,train
aud_src_0303,aud_src_0303_clean.wav,data/generated/audio/aud_src_0303_clean.wav,audio,0,clean,0.0,a8558a4b41a25a4b3522118d11859b8cb276e741b8c546e70e28e79c00899023,train
aud_src_0303,aud_src_0303_stego_lsb_replacement_1.00.wav,data/generated/audio/aud_src_0303_stego_lsb_replacement_1.00.wav,audio,1,lsb_replacement,1.0,1a263684d6d569e944d3a33ec38cbbc4a67cb6582c1288088b7a2cce5d95dd49,train
aud_src_0304,aud_src_0304_clean.wav,data/generated/audio/aud_src_0304_clean.wav,audio,0,clean,0.0,5aa47c1186d44c047926591ba46025249eb7aab5df3c5ae14676f1850df76a54,test
aud_src_0304,aud_src_0304_stego_lsb_matching_0.20.wav,data/generated/audio/aud_src_0304_stego_lsb_matching_0.20.wav,audio,1,lsb_matching,0.2,8fd219302ce614f5a7555d4bea1847e49586003d129f5b1f8fd50b72a85c565c,test
aud_src_0305,aud_src_0305_clean.wav,data/generated/audio/aud_src_0305_clean.wav,audio,0,clean,0.0,d9279e940f5e9d42a20850c0b2329493a0ca2daada015f481bac02f71377e12a,test
aud_src_0305,aud_src_0305_stego_echo_hiding_0.40.wav,data/generated/audio/aud_src_0305_stego_echo_hiding_0.40.wav,audio,1,echo_hiding,0.4,6794a403578f96ca9e94158b1afc08b8374f5d1c9850373e2e4b8c761b620fd4,test
aud_src_0306,aud_src_0306_clean.wav,data/generated/audio/aud_src_0306_clean.wav,audio,0,clean,0.0,2f832e3f687e11047d2e904b67aad68b167575a6f3c3c5419dba15cf8baaf40f,train
aud_src_0306,aud_src_0306_stego_lsb_replacement_0.70.wav,data/generated/audio/aud_src_0306_stego_lsb_replacement_0.70.wav,audio,1,lsb_replacement,0.7,9a893055f07e1e3bc8fe2ad629cc4888b3e17937120f16368d204caa84a72b1b,train
aud_src_0307,aud_src_0307_clean.wav,data/generated/audio/aud_src_0307_clean.wav,audio,0,clean,0.0,ceaa36371fc4e0706361e8c539021b3e3aa7c0dd22d1167b9cd651fa67c734d5,train
aud_src_0307,aud_src_0307_stego_lsb_matching_1.00.wav,data/generated/audio/aud_src_0307_stego_lsb_matching_1.00.wav,audio,1,lsb_matching,1.0,0ad469fb4f6c57890bd5d29dfcbc61b685850e2981b621ea32ad599e680085fd,train
aud_src_0308,aud_src_0308_clean.wav,data/generated/audio/aud_src_0308_clean.wav,audio,0,clean,0.0,f02007369418a50ffb6b275798a7e1e2f2ceda2b5ddff6fc05b0b6f690978e5c,train
aud_src_0308,aud_src_0308_stego_echo_hiding_0.20.wav,data/generated/audio/aud_src_0308_stego_echo_hiding_0.20.wav,audio,1,echo_hiding,0.2,d758ecc047fc6c54400ac0f5237c72e37e760a8d9063c0e9d1973027214c4933,train
aud_src_0309,aud_src_0309_clean.wav,data/generated/audio/aud_src_0309_clean.wav,audio,0,clean,0.0,ca71830bb7d23ce4883d1956329efd40bb4b01597341d801f576fefc9ac37902,train
aud_src_0309,aud_src_0309_stego_lsb_replacement_0.40.wav,data/generated/audio/aud_src_0309_stego_lsb_replacement_0.40.wav,audio,1,lsb_replacement,0.4,48e1e98198479050da358dc0710d567931b12fc92b093ca0c1a9d99898e85484,train
aud_src_0310,aud_src_0310_clean.wav,data/generated/audio/aud_src_0310_clean.wav,audio,0,clean,0.0,0737821dff5f93112e9b9b29e49ec5af5feabccd131722b37edc449dbf9345c5,train
aud_src_0310,aud_src_0310_stego_lsb_matching_0.70.wav,data/generated/audio/aud_src_0310_stego_lsb_matching_0.70.wav,audio,1,lsb_matching,0.7,e9ac1079ec3985c4195f4d3b584ca7a8a5a96f5cfcb184d6ab7337d168ceb14d,train
aud_src_0311,aud_src_0311_clean.wav,data/generated/audio/aud_src_0311_clean.wav,audio,0,clean,0.0,a522104610a57e0cdc362fb1579ac99706b89b5c56a6fb750928e626b04137e7,train
aud_src_0311,aud_src_0311_stego_echo_hiding_1.00.wav,data/generated/audio/aud_src_0311_stego_echo_hiding_1.00.wav,audio,1,echo_hiding,1.0,586ea33183b0296de1f3e07a95864be8e9f2bd589238748cc82e8819436f8e97,train
aud_src_0312,aud_src_0312_clean.wav,data/generated/audio/aud_src_0312_clean.wav,audio,0,clean,0.0,d8b5f646fd95c7a0c0d435315620a83483e34cdd33dc4300c5284ebd0f17d8c8,train
aud_src_0312,aud_src_0312_stego_lsb_replacement_0.20.wav,data/generated/audio/aud_src_0312_stego_lsb_replacement_0.20.wav,audio,1,lsb_replacement,0.2,ea13a291538ee33ad7bf35110a0bbeb227c22f9cad2a3979032c9b4506cc40a5,train
aud_src_0313,aud_src_0313_clean.wav,data/generated/audio/aud_src_0313_clean.wav,audio,0,clean,0.0,b15ea9c953d3618411dbce9f61daa5fc3f67a3a6d2e2a14e535427c14b66a6ad,train
aud_src_0313,aud_src_0313_stego_lsb_matching_0.40.wav,data/generated/audio/aud_src_0313_stego_lsb_matching_0.40.wav,audio,1,lsb_matching,0.4,728330e8f38bdf1d10dcfbb6b80bc60d255413a715b7a6080e718c43b5bacfe1,train
aud_src_0314,aud_src_0314_clean.wav,data/generated/audio/aud_src_0314_clean.wav,audio,0,clean,0.0,1583b673405be4c8c1a093a749c4d921695c4a8da5b71090b859b0e54032ef30,train
aud_src_0314,aud_src_0314_stego_echo_hiding_0.70.wav,data/generated/audio/aud_src_0314_stego_echo_hiding_0.70.wav,audio,1,echo_hiding,0.7,fa2b10cb3878863bdf310874661ce20c5c17ecb4a8499502867e976a6d34e50e,train
aud_src_0315,aud_src_0315_clean.wav,data/generated/audio/aud_src_0315_clean.wav,audio,0,clean,0.0,0ae04201d2844c2368253182c18d900d02ef1aae3c27b123923d65977e0877b2,test
aud_src_0315,aud_src_0315_stego_lsb_replacement_1.00.wav,data/generated/audio/aud_src_0315_stego_lsb_replacement_1.00.wav,audio,1,lsb_replacement,1.0,c4a7ef5b15c37d2c2efa24b947c119d53b49df9bd29d5a2ab5ef4a15ac80e9ca,test
aud_src_0316,aud_src_0316_clean.wav,data/generated/audio/aud_src_0316_clean.wav,audio,0,clean,0.0,f60f3c9497a156885b94c5a5ce8b25b9d6f02c89b9174617c32238c2e71815aa,train
aud_src_0316,aud_src_0316_stego_lsb_matching_0.20.wav,data/generated/audio/aud_src_0316_stego_lsb_matching_0.20.wav,audio,1,lsb_matching,0.2,4380f0809d173b2c918aba510251d995ed54fcd6924059b37743a27c3399156f,train
aud_src_0317,aud_src_0317_clean.wav,data/generated/audio/aud_src_0317_clean.wav,audio,0,clean,0.0,6a61834f79cda37722daad9422cb8fd4e7cf7ee1c9509056499705a09fe34e89,train
aud_src_0317,aud_src_0317_stego_echo_hiding_0.40.wav,data/generated/audio/aud_src_0317_stego_echo_hiding_0.40.wav,audio,1,echo_hiding,0.4,e5704be7f2eb2e40cbacbf0ba5a6168fd582d4cf4f52e272c3f32dda39e31639,train
aud_src_0318,aud_src_0318_clean.wav,data/generated/audio/aud_src_0318_clean.wav,audio,0,clean,0.0,d8aba3899f19c9daa00980163b57a59bc0ec67931b5a3cb2add714b75d5f9f16,train
aud_src_0318,aud_src_0318_stego_lsb_replacement_0.70.wav,data/generated/audio/aud_src_0318_stego_lsb_replacement_0.70.wav,audio,1,lsb_replacement,0.7,255b8b40ab5b00e17923600f5ad0f2756f3a1843cdcb038e48588f35f4a9fe1d,train
aud_src_0319,aud_src_0319_clean.wav,data/generated/audio/aud_src_0319_clean.wav,audio,0,clean,0.0,78c9d62894a8a051e803c0985465f2bd0eab7ac8f7e71677efcb10c16b6d20fe,val
aud_src_0319,aud_src_0319_stego_lsb_matching_1.00.wav,data/generated/audio/aud_src_0319_stego_lsb_matching_1.00.wav,audio,1,lsb_matching,1.0,6862c0f89386003aef45887928a25da2e81a1be19333fa1d3917d5efb15e05f9,val
aud_src_0320,aud_src_0320_clean.wav,data/generated/audio/aud_src_0320_clean.wav,audio,0,clean,0.0,a3368dc4ee691288ecb24532c85a8d6038865be6994671af51e1efdec4f37ae5,train
aud_src_0320,aud_src_0320_stego_echo_hiding_0.20.wav,data/generated/audio/aud_src_0320_stego_echo_hiding_0.20.wav,audio,1,echo_hiding,0.2,5dbb7d93c6905612bda5db29d04c3a90a8991c98f404beaf7159e780c365e820,train
aud_src_0321,aud_src_0321_clean.wav,data/generated/audio/aud_src_0321_clean.wav,audio,0,clean,0.0,8e2396d6f4aef756cd56e16ceee4a938d80f6179387b0ee1505261c24400b2e8,val
aud_src_0321,aud_src_0321_stego_lsb_replacement_0.40.wav,data/generated/audio/aud_src_0321_stego_lsb_replacement_0.40.wav,audio,1,lsb_replacement,0.4,f9366c4b363e9057c96188bd1b67361b276d158eee47734e0ea62c7b2dc324fd,val
aud_src_0322,aud_src_0322_clean.wav,data/generated/audio/aud_src_0322_clean.wav,audio,0,clean,0.0,9a6d4581e4cfde04495bf9b983dc06206faeff5c2120ad9c492e59ebbfad2f35,train
aud_src_0322,aud_src_0322_stego_lsb_matching_0.70.wav,data/generated/audio/aud_src_0322_stego_lsb_matching_0.70.wav,audio,1,lsb_matching,0.7,908604757da6d8ac3e23d74a22521453c46428b1c88c43d06d733c27a8a400e8,train
aud_src_0323,aud_src_0323_clean.wav,data/generated/audio/aud_src_0323_clean.wav,audio,0,clean,0.0,e65e1fb309ee8869f57dcc2c56056250a77ee786f1c02682ec2c326d8cfa25ca,train
aud_src_0323,aud_src_0323_stego_echo_hiding_1.00.wav,data/generated/audio/aud_src_0323_stego_echo_hiding_1.00.wav,audio,1,echo_hiding,1.0,8d2fbbca2d2ee3b2d11439bf3e450db87daf837d266c8afba6d9e890b4a0c3e1,train
aud_src_0324,aud_src_0324_clean.wav,data/generated/audio/aud_src_0324_clean.wav,audio,0,clean,0.0,51c1d47ca419d5240fe15f24e6a0df846d99ac75efc0ea86f3b9c872a474efde,train
aud_src_0324,aud_src_0324_stego_lsb_replacement_0.20.wav,data/generated/audio/aud_src_0324_stego_lsb_replacement_0.20.wav,audio,1,lsb_replacement,0.2,d499a3b451af61142db704b6256fb586aeae9742743bd6d71b223c6fc2746e04,train
aud_src_0325,aud_src_0325_clean.wav,data/generated/audio/aud_src_0325_clean.wav,audio,0,clean,0.0,096617158c5abdcfc178fae4adc9133e0958fb9a36d9891486511ffaa133f582,train
aud_src_0325,aud_src_0325_stego_lsb_matching_0.40.wav,data/generated/audio/aud_src_0325_stego_lsb_matching_0.40.wav,audio,1,lsb_matching,0.4,8eb0583409925e4db7de417c737fc74df5e9f26ba844f73057ae384bc9da43d3,train
aud_src_0326,aud_src_0326_clean.wav,data/generated/audio/aud_src_0326_clean.wav,audio,0,clean,0.0,fc16b38d2c01a28a65cc86b502300d84869d8a17767046fc5d4762ee9de8c3d8,train
aud_src_0326,aud_src_0326_stego_echo_hiding_0.70.wav,data/generated/audio/aud_src_0326_stego_echo_hiding_0.70.wav,audio,1,echo_hiding,0.7,644722b6bf19905280ee8e8d8fa08cb9456a4ea4f72517f5178e70be908a18f3,train
aud_src_0327,aud_src_0327_clean.wav,data/generated/audio/aud_src_0327_clean.wav,audio,0,clean,0.0,526b7ccc213028bab7afb30d1e43a7a1ceead03bb206457aa774b4efacf4f69a,train
aud_src_0327,aud_src_0327_stego_lsb_replacement_1.00.wav,data/generated/audio/aud_src_0327_stego_lsb_replacement_1.00.wav,audio,1,lsb_replacement,1.0,f1ec5d1ebf22a4edde44faf6a9ddef23c8c07db4d715a4cb44ef705347ec599e,train
aud_src_0328,aud_src_0328_clean.wav,data/generated/audio/aud_src_0328_clean.wav,audio,0,clean,0.0,7f81ab1144d5b069053b46767d1aecab4deb4d8c446f0ee9ed194169919b5202,val
aud_src_0328,aud_src_0328_stego_lsb_matching_0.20.wav,data/generated/audio/aud_src_0328_stego_lsb_matching_0.20.wav,audio,1,lsb_matching,0.2,8f5843053edfbd11509371028367b405c63e6f53b245ce2e8a57eb145ab9653b,val
aud_src_0329,aud_src_0329_clean.wav,data/generated/audio/aud_src_0329_clean.wav,audio,0,clean,0.0,d14fbb41de42a74f7d2f12404f61f16685e296c50efb31971c9a4fd55442b39e,train
aud_src_0329,aud_src_0329_stego_echo_hiding_0.40.wav,data/generated/audio/aud_src_0329_stego_echo_hiding_0.40.wav,audio,1,echo_hiding,0.4,27555ed9ef8f2dab119a121f4338f2a57fc326b7dba20fe04cbdd4dba40a6461,train
aud_src_0330,aud_src_0330_clean.wav,data/generated/audio/aud_src_0330_clean.wav,audio,0,clean,0.0,0f519102c8ec34d92a0ab8bfd3e880dfe519345f2b88ab62b325d0213b2688a0,train
aud_src_0330,aud_src_0330_stego_lsb_replacement_0.70.wav,data/generated/audio/aud_src_0330_stego_lsb_replacement_0.70.wav,audio,1,lsb_replacement,0.7,ced713b5350d48f79f6b91df92ef4341b1650711293a27e8fa62f7a97db3ce45,train
aud_src_0331,aud_src_0331_clean.wav,data/generated/audio/aud_src_0331_clean.wav,audio,0,clean,0.0,effbb7e72062fb4a3f2028c2b04877a0501ee4064577e5ce16be74d927b90872,test
aud_src_0331,aud_src_0331_stego_lsb_matching_1.00.wav,data/generated/audio/aud_src_0331_stego_lsb_matching_1.00.wav,audio,1,lsb_matching,1.0,20a8b276ec915711c61aeee5f1919dceb436556e8daa42365eed2a63b28fd985,test
aud_src_0332,aud_src_0332_clean.wav,data/generated/audio/aud_src_0332_clean.wav,audio,0,clean,0.0,5a509ae9e327098062c2c51b76a9b4c79ae83eff90c47e9fc20c6252759b6525,train
aud_src_0332,aud_src_0332_stego_echo_hiding_0.20.wav,data/generated/audio/aud_src_0332_stego_echo_hiding_0.20.wav,audio,1,echo_hiding,0.2,3c77f4235686ea587fde22b0377f134176738ed4779b0ac098b6080e22711d9b,train
aud_src_0333,aud_src_0333_clean.wav,data/generated/audio/aud_src_0333_clean.wav,audio,0,clean,0.0,2f02dc21127fd0d8fd3d5bf565cbe1a50dd045b6b309b36cc8fdb840ffa1676e,train
aud_src_0333,aud_src_0333_stego_lsb_replacement_0.40.wav,data/generated/audio/aud_src_0333_stego_lsb_replacement_0.40.wav,audio,1,lsb_replacement,0.4,4b92fb18b3e30ff902f15c3b1ca32c9c132325c55470b63658b4d382f9b8543b,train
aud_src_0334,aud_src_0334_clean.wav,data/generated/audio/aud_src_0334_clean.wav,audio,0,clean,0.0,be1adc79e6af05b271724d69df7dea31fcef8fad72c30629fd3efd395b40f58f,val
aud_src_0334,aud_src_0334_stego_lsb_matching_0.70.wav,data/generated/audio/aud_src_0334_stego_lsb_matching_0.70.wav,audio,1,lsb_matching,0.7,a9105302108641fafad39f93c0cca6def7b48fb6e2b2bc5c8f147558381178bb,val
aud_src_0335,aud_src_0335_clean.wav,data/generated/audio/aud_src_0335_clean.wav,audio,0,clean,0.0,4f6eaff6eedb1b159098259bfa356b3552e9865badac888786c0e2925e75149c,test
aud_src_0335,aud_src_0335_stego_echo_hiding_1.00.wav,data/generated/audio/aud_src_0335_stego_echo_hiding_1.00.wav,audio,1,echo_hiding,1.0,204e87ddffcb4169c6c56fa53caa76da03e9d6de88ab4a4ced4f3f6d53e33f99,test
aud_src_0336,aud_src_0336_clean.wav,data/generated/audio/aud_src_0336_clean.wav,audio,0,clean,0.0,50039d5d6d9b2671d2cfbb9dfb3bc912ade8af0dea1b062dfaa4faf56bd66ae1,test
aud_src_0336,aud_src_0336_stego_lsb_replacement_0.20.wav,data/generated/audio/aud_src_0336_stego_lsb_replacement_0.20.wav,audio,1,lsb_replacement,0.2,ddd30176d530cbe5019a8123da15a9277a8472d8f1c89f5ac5d966b635c06bcd,test
aud_src_0337,aud_src_0337_clean.wav,data/generated/audio/aud_src_0337_clean.wav,audio,0,clean,0.0,0c55fb5b5b36c9b8ddf7b44bd4551903e5dabbcc1285af3e312dddd990f20d42,train
aud_src_0337,aud_src_0337_stego_lsb_matching_0.40.wav,data/generated/audio/aud_src_0337_stego_lsb_matching_0.40.wav,audio,1,lsb_matching,0.4,4c5adcdd2c8e0d7c3d83ef54ef955bbeae264ed499c3c070b6ea2433bb3929ab,train
aud_src_0338,aud_src_0338_clean.wav,data/generated/audio/aud_src_0338_clean.wav,audio,0,clean,0.0,d83c6b40e77e51f2a40824a7032adf63e83be1c8c6e272853280eb74d1713392,train
aud_src_0338,aud_src_0338_stego_echo_hiding_0.70.wav,data/generated/audio/aud_src_0338_stego_echo_hiding_0.70.wav,audio,1,echo_hiding,0.7,fd4d8c69adf48e7bf4869ba4eab37530860e6bf37b0f5a7440f6f168190edf75,train
aud_src_0339,aud_src_0339_clean.wav,data/generated/audio/aud_src_0339_clean.wav,audio,0,clean,0.0,06044d1da5ef937ac234cf16691fd999e6e70451b304dd3663fc699c1ab5e152,train
aud_src_0339,aud_src_0339_stego_lsb_replacement_1.00.wav,data/generated/audio/aud_src_0339_stego_lsb_replacement_1.00.wav,audio,1,lsb_replacement,1.0,9e53797098e218de62c728ed526a376884b54d71e40ab5571e25815e0507ab26,train
aud_src_0340,aud_src_0340_clean.wav,data/generated/audio/aud_src_0340_clean.wav,audio,0,clean,0.0,91629c6152a24b3d128f5483987fe9aa1f6779dfd297b5bb7396803b179d0561,test
aud_src_0340,aud_src_0340_stego_lsb_matching_0.20.wav,data/generated/audio/aud_src_0340_stego_lsb_matching_0.20.wav,audio,1,lsb_matching,0.2,79bea25733d6eeb8e33df6c8556c02e6ccf6decf0b21bfab2506d91764a6b397,test
aud_src_0341,aud_src_0341_clean.wav,data/generated/audio/aud_src_0341_clean.wav,audio,0,clean,0.0,f807c28a5d2ff47c8757763256a4f07355f3dba49bd5d32c37d69c94a40b14da,train
aud_src_0341,aud_src_0341_stego_echo_hiding_0.40.wav,data/generated/audio/aud_src_0341_stego_echo_hiding_0.40.wav,audio,1,echo_hiding,0.4,d86fda740daec3361cef1f94f25a2da35ad7341e0934e7329155e1ec6bf60bd7,train
aud_src_0342,aud_src_0342_clean.wav,data/generated/audio/aud_src_0342_clean.wav,audio,0,clean,0.0,c09819582d092800422fa4050800837ea45dde2c93bd3bc75440fb151623f48c,train
aud_src_0342,aud_src_0342_stego_lsb_replacement_0.70.wav,data/generated/audio/aud_src_0342_stego_lsb_replacement_0.70.wav,audio,1,lsb_replacement,0.7,68b9e850d0c544b14adee0288fd73336e504c05c8b2e9b3518b11205c6a6c1c7,train
aud_src_0343,aud_src_0343_clean.wav,data/generated/audio/aud_src_0343_clean.wav,audio,0,clean,0.0,0320b6ed43c383ac331ed3b2ba5ff01beeea0bdfc907c460bc238b1c1c063cee,train
aud_src_0343,aud_src_0343_stego_lsb_matching_1.00.wav,data/generated/audio/aud_src_0343_stego_lsb_matching_1.00.wav,audio,1,lsb_matching,1.0,5791c318b85027ea53bd39efec752a449f4cf99aad9b37ddd7267f77123db7fb,train
aud_src_0344,aud_src_0344_clean.wav,data/generated/audio/aud_src_0344_clean.wav,audio,0,clean,0.0,d54b3496cbd5c8e9a8ed34f57110ecacaac870a8029fc3b64b75657d453135b7,train
aud_src_0344,aud_src_0344_stego_echo_hiding_0.20.wav,data/generated/audio/aud_src_0344_stego_echo_hiding_0.20.wav,audio,1,echo_hiding,0.2,17ddd2264516a517e8cee0d7d51377c4f0a8c5b722b374fef80cd08d897016ad,train
aud_src_0345,aud_src_0345_clean.wav,data/generated/audio/aud_src_0345_clean.wav,audio,0,clean,0.0,3e401c4321afbc4c118faec07cc4937d6c90c219a3c75e5b3cd61e1359f370ad,train
aud_src_0345,aud_src_0345_stego_lsb_replacement_0.40.wav,data/generated/audio/aud_src_0345_stego_lsb_replacement_0.40.wav,audio,1,lsb_replacement,0.4,9b376ad43deb9fd29acfd376ddb6de2e36477a918931e46b915393032596f776,train
aud_src_0346,aud_src_0346_clean.wav,data/generated/audio/aud_src_0346_clean.wav,audio,0,clean,0.0,f6d926dcdcf0fc1404c1fce9415f9eecf3d21065f657e79c02bd4af3b88b21c1,train
aud_src_0346,aud_src_0346_stego_lsb_matching_0.70.wav,data/generated/audio/aud_src_0346_stego_lsb_matching_0.70.wav,audio,1,lsb_matching,0.7,38cf8e858cb8ce1147f94b063c46d74c48c015c0e6f15e54931f0b829b325897,train
aud_src_0347,aud_src_0347_clean.wav,data/generated/audio/aud_src_0347_clean.wav,audio,0,clean,0.0,76830c06235d98d44691c1581ff26320c2592e1e166a63d7a3a5a35e2e3de876,train
aud_src_0347,aud_src_0347_stego_echo_hiding_1.00.wav,data/generated/audio/aud_src_0347_stego_echo_hiding_1.00.wav,audio,1,echo_hiding,1.0,8e7edfbf2e3dcd9ab5f1b1ca0074a39d7406d5f6d742299b4672b4d04315f56b,train
aud_src_0348,aud_src_0348_clean.wav,data/generated/audio/aud_src_0348_clean.wav,audio,0,clean,0.0,0cd0d68d173a9d3c463b9cacf646ccd880a9958dfafd37d308873263268f1106,train
aud_src_0348,aud_src_0348_stego_lsb_replacement_0.20.wav,data/generated/audio/aud_src_0348_stego_lsb_replacement_0.20.wav,audio,1,lsb_replacement,0.2,6b207f911cfaf8d3c3bb3fa308450beb436189c1d238e750e9e60524b70936b7,train
aud_src_0349,aud_src_0349_clean.wav,data/generated/audio/aud_src_0349_clean.wav,audio,0,clean,0.0,9e03543bf2f46e2176084ca6aa159811a7a407e7f3a7f40d87aa1f44fcf050a1,train
aud_src_0349,aud_src_0349_stego_lsb_matching_0.40.wav,data/generated/audio/aud_src_0349_stego_lsb_matching_0.40.wav,audio,1,lsb_matching,0.4,716a690fec95a7f2a084eff339949c53099cbfb6696e803df3c9a9e963bbb22a,train
aud_src_0350,aud_src_0350_clean.wav,data/generated/audio/aud_src_0350_clean.wav,audio,0,clean,0.0,5fdb7b1bda9b5bb76b065eb71f5f8b07ced7f17115195c4add7f8ab9c6615282,val
aud_src_0350,aud_src_0350_stego_echo_hiding_0.70.wav,data/generated/audio/aud_src_0350_stego_echo_hiding_0.70.wav,audio,1,echo_hiding,0.7,bf1881dc599a9dd783d30ab625190c85c1532211b287d2ca2813b84a9b1bb374,val
aud_src_0351,aud_src_0351_clean.wav,data/generated/audio/aud_src_0351_clean.wav,audio,0,clean,0.0,7245982692f1cdf2eccab1fc90b699a797d4a0175aa1110c9dfc2f24b621e107,val
aud_src_0351,aud_src_0351_stego_lsb_replacement_1.00.wav,data/generated/audio/aud_src_0351_stego_lsb_replacement_1.00.wav,audio,1,lsb_replacement,1.0,5e5a46429a9f68a066d537a80dc0f3a6f6fdc33a8daeb993640b11e86aaa0903,val
aud_src_0352,aud_src_0352_clean.wav,data/generated/audio/aud_src_0352_clean.wav,audio,0,clean,0.0,358542e74bc65ce64529367edd9152f14ef6d17a737c18f7a597d576b64e80ec,train
aud_src_0352,aud_src_0352_stego_lsb_matching_0.20.wav,data/generated/audio/aud_src_0352_stego_lsb_matching_0.20.wav,audio,1,lsb_matching,0.2,9388a0a9f3cedf0bb61e562f35d25ab493acbbe89ba0f6bf1c87730d48138a50,train
aud_src_0353,aud_src_0353_clean.wav,data/generated/audio/aud_src_0353_clean.wav,audio,0,clean,0.0,f4a4892a27426d0e629ec67fbaccee11ac85758b88fa795585ee0d9abe4e3db1,train
aud_src_0353,aud_src_0353_stego_echo_hiding_0.40.wav,data/generated/audio/aud_src_0353_stego_echo_hiding_0.40.wav,audio,1,echo_hiding,0.4,2d2b96647a6cf69dd58422433f31413f88389a5e5782696a2ef58ca79a6a4bb2,train
aud_src_0354,aud_src_0354_clean.wav,data/generated/audio/aud_src_0354_clean.wav,audio,0,clean,0.0,fe481b42156680969b57f4c260d94daa56e617d18759e031d7ed94281bb7a28d,test
aud_src_0354,aud_src_0354_stego_lsb_replacement_0.70.wav,data/generated/audio/aud_src_0354_stego_lsb_replacement_0.70.wav,audio,1,lsb_replacement,0.7,a60e8932d8ee612ec042fbaf9a9fb7c4d113ddc9f07e55d47b6037e5b344b064,test
aud_src_0355,aud_src_0355_clean.wav,data/generated/audio/aud_src_0355_clean.wav,audio,0,clean,0.0,25e7930279b83cd20a2bc8f41c9b68691a13787c3f41c3d701abeddf398e77e0,train
aud_src_0355,aud_src_0355_stego_lsb_matching_1.00.wav,data/generated/audio/aud_src_0355_stego_lsb_matching_1.00.wav,audio,1,lsb_matching,1.0,a3b5a7693ac545139052684b213d7fcb0b1f2584d0ed7e3d6efd72f293053dbd,train
aud_src_0356,aud_src_0356_clean.wav,data/generated/audio/aud_src_0356_clean.wav,audio,0,clean,0.0,420e6f9451e66fb232b37456ac642125c5f7e89b77523dd1dc85ddd80f9603d2,test
aud_src_0356,aud_src_0356_stego_echo_hiding_0.20.wav,data/generated/audio/aud_src_0356_stego_echo_hiding_0.20.wav,audio,1,echo_hiding,0.2,86ecdba53ca541e3285c80723316a014184b6e7b824c90d68093a5da26b9089c,test
aud_src_0357,aud_src_0357_clean.wav,data/generated/audio/aud_src_0357_clean.wav,audio,0,clean,0.0,6ae1cd28e844b5cd5204cc31b612ff795f6d920a6830059c6684b0c4bf7b9df8,train
aud_src_0357,aud_src_0357_stego_lsb_replacement_0.40.wav,data/generated/audio/aud_src_0357_stego_lsb_replacement_0.40.wav,audio,1,lsb_replacement,0.4,ee3fef5bc6052d17f91ef075fc1697214b35bcfcdc24bf49840a5128dc3c8ecf,train
aud_src_0358,aud_src_0358_clean.wav,data/generated/audio/aud_src_0358_clean.wav,audio,0,clean,0.0,d54eb9ddc6ea48faabcbd4d8e06e325f0e7651914edb6f6e41a2e74aaba46f0d,train
aud_src_0358,aud_src_0358_stego_lsb_matching_0.70.wav,data/generated/audio/aud_src_0358_stego_lsb_matching_0.70.wav,audio,1,lsb_matching,0.7,eefd8fe1888f629d7339ddebb793e146e8ed7d770b378a47b4b69d3d008f6358,train
aud_src_0359,aud_src_0359_clean.wav,data/generated/audio/aud_src_0359_clean.wav,audio,0,clean,0.0,a4178fbe7af57533af42891fd319db15002e087ec6919de03d8d70929a098119,train
aud_src_0359,aud_src_0359_stego_echo_hiding_1.00.wav,data/generated/audio/aud_src_0359_stego_echo_hiding_1.00.wav,audio,1,echo_hiding,1.0,7c5a95992820f5fc373a59db97c54311814537fc38b0e14decc4ccbc731617d0,train
aud_src_0360,aud_src_0360_clean.wav,data/generated/audio/aud_src_0360_clean.wav,audio,0,clean,0.0,b89f29255bbee536f52cdb8107f9b4226c16d96e6d535bde530ac738a6299208,test
aud_src_0360,aud_src_0360_stego_lsb_replacement_0.20.wav,data/generated/audio/aud_src_0360_stego_lsb_replacement_0.20.wav,audio,1,lsb_replacement,0.2,cfa9b1ece3d775829c0b8e013ef4e9c75b111b1c3a6163e7d6d809c7f7a2f8b0,test
aud_src_0361,aud_src_0361_clean.wav,data/generated/audio/aud_src_0361_clean.wav,audio,0,clean,0.0,e1b6383c5eb653fea893aa0e050a8ffa976fc22656ea3785c368834488fe99c4,train
aud_src_0361,aud_src_0361_stego_lsb_matching_0.40.wav,data/generated/audio/aud_src_0361_stego_lsb_matching_0.40.wav,audio,1,lsb_matching,0.4,2508c9864f138ff6b64f0091941da480402bca0316b12aa8fe3390471f070d5a,train
aud_src_0362,aud_src_0362_clean.wav,data/generated/audio/aud_src_0362_clean.wav,audio,0,clean,0.0,a38f1df7c7429c538622db9e74f08d9bae0333bff404477b945c1ee996432550,train
aud_src_0362,aud_src_0362_stego_echo_hiding_0.70.wav,data/generated/audio/aud_src_0362_stego_echo_hiding_0.70.wav,audio,1,echo_hiding,0.7,3fbd27b707188bf7916d92c6e7683dfc733ee0224d22cf1a875f96bad7a96166,train
aud_src_0363,aud_src_0363_clean.wav,data/generated/audio/aud_src_0363_clean.wav,audio,0,clean,0.0,685f36bf80679847f7d9c4504f0c6d48f947de921514f6f94ec02aeb6400158c,test
aud_src_0363,aud_src_0363_stego_lsb_replacement_1.00.wav,data/generated/audio/aud_src_0363_stego_lsb_replacement_1.00.wav,audio,1,lsb_replacement,1.0,74d4d4f53e94b68e0ebf0c08771f61d6d29091c576d549e9ac215e4cb772efb8,test
aud_src_0364,aud_src_0364_clean.wav,data/generated/audio/aud_src_0364_clean.wav,audio,0,clean,0.0,b30765ad78ec005ffe218a2d1cebaef28831731263e664530c22bd00124f73be,train
aud_src_0364,aud_src_0364_stego_lsb_matching_0.20.wav,data/generated/audio/aud_src_0364_stego_lsb_matching_0.20.wav,audio,1,lsb_matching,0.2,571c6ed41c08f6d8e63857484ea0ebc0b42682790d3684cdc027f4b27ea58660,train
aud_src_0365,aud_src_0365_clean.wav,data/generated/audio/aud_src_0365_clean.wav,audio,0,clean,0.0,b6b9432badac23c039a129ba11e763b7b2c44247f9e2e4e0c99db75fbf8ee5af,train
aud_src_0365,aud_src_0365_stego_echo_hiding_0.40.wav,data/generated/audio/aud_src_0365_stego_echo_hiding_0.40.wav,audio,1,echo_hiding,0.4,b863c79eaa3a28f4f190a121e8f251bee55a40eb935d14b0cf3f25bd525aa771,train
aud_src_0366,aud_src_0366_clean.wav,data/generated/audio/aud_src_0366_clean.wav,audio,0,clean,0.0,234b01cc02810807c8f729a0a8f506e8c32ec765c913d5812f015626215e2dbc,train
aud_src_0366,aud_src_0366_stego_lsb_replacement_0.70.wav,data/generated/audio/aud_src_0366_stego_lsb_replacement_0.70.wav,audio,1,lsb_replacement,0.7,e02170e0da6926225ff928dd649e8b3db4d54ec81beba41c7ee2e80487debf44,train
aud_src_0367,aud_src_0367_clean.wav,data/generated/audio/aud_src_0367_clean.wav,audio,0,clean,0.0,d303811b8c84619667cd0501342f84ec6cbe69f7aa3856dcf52fabda374c92b8,train
aud_src_0367,aud_src_0367_stego_lsb_matching_1.00.wav,data/generated/audio/aud_src_0367_stego_lsb_matching_1.00.wav,audio,1,lsb_matching,1.0,39a370b49bd3dec8461f5bbb56c6c6232356eea9373cedb7fd99ea6da09f8d2f,train
aud_src_0368,aud_src_0368_clean.wav,data/generated/audio/aud_src_0368_clean.wav,audio,0,clean,0.0,7e752694f9c8e62b5726920fb0ad8cbaaff6a9c8418ea9d1dc63b0da63827611,train
aud_src_0368,aud_src_0368_stego_echo_hiding_0.20.wav,data/generated/audio/aud_src_0368_stego_echo_hiding_0.20.wav,audio,1,echo_hiding,0.2,f6a6cf7ef85508a81f36a35db417bcdff258e22353adac14252a2a6e08293e8b,train
aud_src_0369,aud_src_0369_clean.wav,data/generated/audio/aud_src_0369_clean.wav,audio,0,clean,0.0,42879a6697904f8fe2cc34985fe1261aa0788209c5c850863136bf3d0816dd8d,train
aud_src_0369,aud_src_0369_stego_lsb_replacement_0.40.wav,data/generated/audio/aud_src_0369_stego_lsb_replacement_0.40.wav,audio,1,lsb_replacement,0.4,8944e8c5f348b757df88121005b885c62939db0c2e120488b84ef028898546b9,train
aud_src_0370,aud_src_0370_clean.wav,data/generated/audio/aud_src_0370_clean.wav,audio,0,clean,0.0,399e607451ffec762b754ed014107e30d014c3c2a2f8c26fa7db0ff260bf01a8,test
aud_src_0370,aud_src_0370_stego_lsb_matching_0.70.wav,data/generated/audio/aud_src_0370_stego_lsb_matching_0.70.wav,audio,1,lsb_matching,0.7,8ae4f7f386ef4811e5c1f379b7b88bf174931369429da0ad22e9555c98b8239d,test
aud_src_0371,aud_src_0371_clean.wav,data/generated/audio/aud_src_0371_clean.wav,audio,0,clean,0.0,d303811b8c84619667cd0501342f84ec6cbe69f7aa3856dcf52fabda374c92b8,test
aud_src_0371,aud_src_0371_stego_echo_hiding_1.00.wav,data/generated/audio/aud_src_0371_stego_echo_hiding_1.00.wav,audio,1,echo_hiding,1.0,d303811b8c84619667cd0501342f84ec6cbe69f7aa3856dcf52fabda374c92b8,test
aud_src_0372,aud_src_0372_clean.wav,data/generated/audio/aud_src_0372_clean.wav,audio,0,clean,0.0,e8c9afb786b1c041393fabe51b5d5da70bdc80ee857806ae45dc0b6eb6c7813e,train
aud_src_0372,aud_src_0372_stego_lsb_replacement_0.20.wav,data/generated/audio/aud_src_0372_stego_lsb_replacement_0.20.wav,audio,1,lsb_replacement,0.2,7f9f4a2667db6ee8e405fb61004d82c6b94ba7c235267958cc72401e0bf0d8c6,train
aud_src_0373,aud_src_0373_clean.wav,data/generated/audio/aud_src_0373_clean.wav,audio,0,clean,0.0,8f8384316e9e9d6509ea6aa1356124b5ab3c0fc299598b488bf517cc705d866d,train
aud_src_0373,aud_src_0373_stego_lsb_matching_0.40.wav,data/generated/audio/aud_src_0373_stego_lsb_matching_0.40.wav,audio,1,lsb_matching,0.4,dd6059749e356d3a5363ec4c4203e08f3173b7fd8e9d9ae2dec9f1754b30da91,train
aud_src_0374,aud_src_0374_clean.wav,data/generated/audio/aud_src_0374_clean.wav,audio,0,clean,0.0,d303811b8c84619667cd0501342f84ec6cbe69f7aa3856dcf52fabda374c92b8,train
aud_src_0374,aud_src_0374_stego_echo_hiding_0.70.wav,data/generated/audio/aud_src_0374_stego_echo_hiding_0.70.wav,audio,1,echo_hiding,0.7,d303811b8c84619667cd0501342f84ec6cbe69f7aa3856dcf52fabda374c92b8,train
aud_src_0375,aud_src_0375_clean.wav,data/generated/audio/aud_src_0375_clean.wav,audio,0,clean,0.0,7aaa2ea1890c4424c0e6104203df7ba2ac6108bd7f2d4e0368c1cd61b98db77d,train
aud_src_0375,aud_src_0375_stego_lsb_replacement_1.00.wav,data/generated/audio/aud_src_0375_stego_lsb_replacement_1.00.wav,audio,1,lsb_replacement,1.0,eaa1b97e81b8ed1303645a95f4827c6a320c881cff6411dec09feccb8aa22966,train
aud_src_0376,aud_src_0376_clean.wav,data/generated/audio/aud_src_0376_clean.wav,audio,0,clean,0.0,6280ce9b3e792e578910519d11dbb01e61f74800c5684dbda204cfe02cee19ef,train
aud_src_0376,aud_src_0376_stego_lsb_matching_0.20.wav,data/generated/audio/aud_src_0376_stego_lsb_matching_0.20.wav,audio,1,lsb_matching,0.2,618ed6ec2adb463eb63c6bd303ce8de06470cab8b978c77cd5fe1adf24f350c3,train
aud_src_0377,aud_src_0377_clean.wav,data/generated/audio/aud_src_0377_clean.wav,audio,0,clean,0.0,fcfdf992a4bf86967e827bc7fce7093017c9477eb70dd90116c81f0783c1635a,val
aud_src_0377,aud_src_0377_stego_echo_hiding_0.40.wav,data/generated/audio/aud_src_0377_stego_echo_hiding_0.40.wav,audio,1,echo_hiding,0.4,c622b363d3c09d7b077f2aa917dc09dfd11818989b539cb6b183a0fc8f154bec,val
aud_src_0378,aud_src_0378_clean.wav,data/generated/audio/aud_src_0378_clean.wav,audio,0,clean,0.0,e6ee28cfa80257732cca5d0290194d44c056fea07c3670eb6fa5b1ed496f84b9,test
aud_src_0378,aud_src_0378_stego_lsb_replacement_0.70.wav,data/generated/audio/aud_src_0378_stego_lsb_replacement_0.70.wav,audio,1,lsb_replacement,0.7,2aa6dfebf40829a42e9f94079908e7bae42376bee871859bb19b6fe532d841f2,test
aud_src_0379,aud_src_0379_clean.wav,data/generated/audio/aud_src_0379_clean.wav,audio,0,clean,0.0,ab3f49d38af1b91fd6448c83969c19c086d5e5f45108beff84d3dc769074a83b,train
aud_src_0379,aud_src_0379_stego_lsb_matching_1.00.wav,data/generated/audio/aud_src_0379_stego_lsb_matching_1.00.wav,audio,1,lsb_matching,1.0,9328b89ba6d33ab1b48cd5cbe331a2840a500bc92bfce24d6f8e47b56a8b2619,train
aud_src_0380,aud_src_0380_clean.wav,data/generated/audio/aud_src_0380_clean.wav,audio,0,clean,0.0,2f027776c150e8f4fff4a9c4d81046577e1b73bd511dfc14a11be6769fb07008,val
aud_src_0380,aud_src_0380_stego_echo_hiding_0.20.wav,data/generated/audio/aud_src_0380_stego_echo_hiding_0.20.wav,audio,1,echo_hiding,0.2,4a207fcfbfe06234096185100d643e0c02afcfc799fe989f6aa47a3d71c468c8,val
aud_src_0381,aud_src_0381_clean.wav,data/generated/audio/aud_src_0381_clean.wav,audio,0,clean,0.0,96e3836f709cd7f00b395c1bfbd43ebff57d75d4def1f8feae8701ad796d57d0,train
aud_src_0381,aud_src_0381_stego_lsb_replacement_0.40.wav,data/generated/audio/aud_src_0381_stego_lsb_replacement_0.40.wav,audio,1,lsb_replacement,0.4,b1d0e41a8831253195da76e5ecf29f41ebd5ae371c67740c88c666bb231fc8d9,train
aud_src_0382,aud_src_0382_clean.wav,data/generated/audio/aud_src_0382_clean.wav,audio,0,clean,0.0,52a51215e119b435274806b7d00180031e74913e4dc26057859f22897f5b4685,val
aud_src_0382,aud_src_0382_stego_lsb_matching_0.70.wav,data/generated/audio/aud_src_0382_stego_lsb_matching_0.70.wav,audio,1,lsb_matching,0.7,1f4e76c641c2921e7b819d3379976752d8d2adf8a08ced6273baea85d64c3736,val
aud_src_0383,aud_src_0383_clean.wav,data/generated/audio/aud_src_0383_clean.wav,audio,0,clean,0.0,cfe1854a7ac012fbaad9cf7c04526ccea1c765f5c1ecfaae1d1b245adc1aa8bb,test
aud_src_0383,aud_src_0383_stego_echo_hiding_1.00.wav,data/generated/audio/aud_src_0383_stego_echo_hiding_1.00.wav,audio,1,echo_hiding,1.0,a1d19581d92102e5cafb4f375ae040b45930f782f7fa0a102962c8fd0c085ca4,test
aud_src_0384,aud_src_0384_clean.wav,data/generated/audio/aud_src_0384_clean.wav,audio,0,clean,0.0,0a114f81aee71904fe15a070865880d2f8cd298ceee92d7f649416ce6f6d4a84,train
aud_src_0384,aud_src_0384_stego_lsb_replacement_0.20.wav,data/generated/audio/aud_src_0384_stego_lsb_replacement_0.20.wav,audio,1,lsb_replacement,0.2,5928dd80d12c15314b6211dd7ce46959bdd5732b80f0b63d4af4a1d33aa0ba64,train
aud_src_0385,aud_src_0385_clean.wav,data/generated/audio/aud_src_0385_clean.wav,audio,0,clean,0.0,b1fad7d1c4dd500b346c9487ee309f5e57a5ab830215c670fc5874636c811677,train
aud_src_0385,aud_src_0385_stego_lsb_matching_0.40.wav,data/generated/audio/aud_src_0385_stego_lsb_matching_0.40.wav,audio,1,lsb_matching,0.4,2b217c5583b2bcc2ec181725ad50982d2c25bbaf8ef2d78550e6cb9fbbc1f1bd,train
aud_src_0386,aud_src_0386_clean.wav,data/generated/audio/aud_src_0386_clean.wav,audio,0,clean,0.0,c92491c01a396797ad2b9de35d1832961e8ceb7dcbdda98c564914fdf4fb3337,train
aud_src_0386,aud_src_0386_stego_echo_hiding_0.70.wav,data/generated/audio/aud_src_0386_stego_echo_hiding_0.70.wav,audio,1,echo_hiding,0.7,401a599b1ecaff58e0ce79730e99233471ff5bfb5fa6663e10698b3f7fd43aba,train
aud_src_0387,aud_src_0387_clean.wav,data/generated/audio/aud_src_0387_clean.wav,audio,0,clean,0.0,505caf6ed35352cda81a39ea35360b1a36cd63374d78b7210982c0526d5c2bab,train
aud_src_0387,aud_src_0387_stego_lsb_replacement_1.00.wav,data/generated/audio/aud_src_0387_stego_lsb_replacement_1.00.wav,audio,1,lsb_replacement,1.0,1e311567bf962018876f45d5059ce1ac4cdcd12d251252f87d3b567e9f4f75dd,train
aud_src_0388,aud_src_0388_clean.wav,data/generated/audio/aud_src_0388_clean.wav,audio,0,clean,0.0,b6bdd9b90e29263c84bfd3768b94297ff938cbc6b20e143328c941ec5b167768,train
aud_src_0388,aud_src_0388_stego_lsb_matching_0.20.wav,data/generated/audio/aud_src_0388_stego_lsb_matching_0.20.wav,audio,1,lsb_matching,0.2,1400dd2039f366af8b770391cdb34e23660a98822761b916189e6de2be60f521,train
aud_src_0389,aud_src_0389_clean.wav,data/generated/audio/aud_src_0389_clean.wav,audio,0,clean,0.0,4bf08e893f03ad1c3271c5b326fc60feb9715de14a8260caa206ac613ae3dc0c,train
aud_src_0389,aud_src_0389_stego_echo_hiding_0.40.wav,data/generated/audio/aud_src_0389_stego_echo_hiding_0.40.wav,audio,1,echo_hiding,0.4,cb7c1342a8b2b1cb394667b0b8e1881f64f170c359cbeaeac4413d8c41ceb169,train
aud_src_0390,aud_src_0390_clean.wav,data/generated/audio/aud_src_0390_clean.wav,audio,0,clean,0.0,b638b3e80033d3435719aa7c5995e2692fe8da5bc51bfe144916b1dc02b5441c,train
aud_src_0390,aud_src_0390_stego_lsb_replacement_0.70.wav,data/generated/audio/aud_src_0390_stego_lsb_replacement_0.70.wav,audio,1,lsb_replacement,0.7,a6f4fb8709fe53ff8b6d2eed0231438070e27aa0239d1822fc07e779ceb4d450,train
aud_src_0391,aud_src_0391_clean.wav,data/generated/audio/aud_src_0391_clean.wav,audio,0,clean,0.0,4f28488a32585e2bb51c71ebf0d6cba967b96a2c86c39a003696bd6efa9095be,test
aud_src_0391,aud_src_0391_stego_lsb_matching_1.00.wav,data/generated/audio/aud_src_0391_stego_lsb_matching_1.00.wav,audio,1,lsb_matching,1.0,b3d6e80efb3acc3e1b7b568632d5ce925478bb291f44553014a79288ad662dac,test
aud_src_0392,aud_src_0392_clean.wav,data/generated/audio/aud_src_0392_clean.wav,audio,0,clean,0.0,e1c04d270346797f520770c616ae0be750981c7359f022da02d7c31f7d1c97d4,train
aud_src_0392,aud_src_0392_stego_echo_hiding_0.20.wav,data/generated/audio/aud_src_0392_stego_echo_hiding_0.20.wav,audio,1,echo_hiding,0.2,e781609d7c2f2e651cc9f4d5ec51b4105d83408b5cd69eae05dba4451347e739,train
aud_src_0393,aud_src_0393_clean.wav,data/generated/audio/aud_src_0393_clean.wav,audio,0,clean,0.0,0a5f65c184adc0400ad2b574dbcf4f349e7446e4e581a726f8eae9bf8d3553a8,train
aud_src_0393,aud_src_0393_stego_lsb_replacement_0.40.wav,data/generated/audio/aud_src_0393_stego_lsb_replacement_0.40.wav,audio,1,lsb_replacement,0.4,f1f400636009b2ff3030d580397a97186154a72cede9df72383d997e4f7a1b47,train
aud_src_0394,aud_src_0394_clean.wav,data/generated/audio/aud_src_0394_clean.wav,audio,0,clean,0.0,d5acfee473120d1ba8723045500ce1ab62704be1c50bdcf39a215e73a69e2486,train
aud_src_0394,aud_src_0394_stego_lsb_matching_0.70.wav,data/generated/audio/aud_src_0394_stego_lsb_matching_0.70.wav,audio,1,lsb_matching,0.7,5972e66939b2078a19857539bbd492d90ea4f2538e0aeee6b0ed8e70fd28b9d7,train
aud_src_0395,aud_src_0395_clean.wav,data/generated/audio/aud_src_0395_clean.wav,audio,0,clean,0.0,37f278d673f957925d294689a8d70bf2155b908fffbdfb617fd0bbe4992e7cb4,val
aud_src_0395,aud_src_0395_stego_echo_hiding_1.00.wav,data/generated/audio/aud_src_0395_stego_echo_hiding_1.00.wav,audio,1,echo_hiding,1.0,067340bb38b7a08c6421c6e2910bddbb28e12e3b1519dee12c50cd2214cd8812,val
aud_src_0396,aud_src_0396_clean.wav,data/generated/audio/aud_src_0396_clean.wav,audio,0,clean,0.0,ebc87f7cde52f7b66595c9a7d08f14ea543a216109b067cf490605b9eafd986c,val
aud_src_0396,aud_src_0396_stego_lsb_replacement_0.20.wav,data/generated/audio/aud_src_0396_stego_lsb_replacement_0.20.wav,audio,1,lsb_replacement,0.2,74015acb0e3f02ecd58fcdb05b496af97edfd52c091c3aa7a6e9ad0edcb46236,val
aud_src_0397,aud_src_0397_clean.wav,data/generated/audio/aud_src_0397_clean.wav,audio,0,clean,0.0,c2c6bdfc971b330608cacbf265c9f9de452d1a5cb8a5ec1383bb0467063309ca,test
aud_src_0397,aud_src_0397_stego_lsb_matching_0.40.wav,data/generated/audio/aud_src_0397_stego_lsb_matching_0.40.wav,audio,1,lsb_matching,0.4,de96ea7c32bd0c031567517ae9ff282a943d4cc5186f2ae9cb908b92f47f73d5,test
aud_src_0398,aud_src_0398_clean.wav,data/generated/audio/aud_src_0398_clean.wav,audio,0,clean,0.0,cb8af2d35b2adf609ca0a1c5c13b50044c9ae4a75bf0a872538cdb061ecb4364,val
aud_src_0398,aud_src_0398_stego_echo_hiding_0.70.wav,data/generated/audio/aud_src_0398_stego_echo_hiding_0.70.wav,audio,1,echo_hiding,0.7,2cc7c16ab5121ff20eaf6a5f1c72e4abc8f7bcef447f7365859551ffe42e13a4,val
aud_src_0399,aud_src_0399_clean.wav,data/generated/audio/aud_src_0399_clean.wav,audio,0,clean,0.0,8264ed688fa4771ccbd6e5ef66b6ac21e6d5a1249cf020a60866f4b126cff08b,val
aud_src_0399,aud_src_0399_stego_lsb_replacement_1.00.wav,data/generated/audio/aud_src_0399_stego_lsb_replacement_1.00.wav,audio,1,lsb_replacement,1.0,93505531c61c1b9f139d629684850537e0cfec01222ae2c93306e09864481559,val
aud_src_0400,aud_src_0400_clean.wav,data/generated/audio/aud_src_0400_clean.wav,audio,0,clean,0.0,22f94cca52d94e74cf105c469f269cfa1311781da82cfb2b59ce6fd263523549,train
aud_src_0400,aud_src_0400_stego_lsb_matching_0.20.wav,data/generated/audio/aud_src_0400_stego_lsb_matching_0.20.wav,audio,1,lsb_matching,0.2,30f81c1d539656de6198e15b43d7a430c43d90a77727a0e129e3b9a9b499b2a1,train
aud_src_0401,aud_src_0401_clean.wav,data/generated/audio/aud_src_0401_clean.wav,audio,0,clean,0.0,8ae07c3478adae33fd8c1ec119666ca22f3bc1efc6b8fe8429dd2179c9518ed6,train
aud_src_0401,aud_src_0401_stego_echo_hiding_0.40.wav,data/generated/audio/aud_src_0401_stego_echo_hiding_0.40.wav,audio,1,echo_hiding,0.4,2a21a3cc75222c0f18f8bdfe303f7b6a9d0e4d9dfc36aa699a9ce9bc49bbd134,train
aud_src_0402,aud_src_0402_clean.wav,data/generated/audio/aud_src_0402_clean.wav,audio,0,clean,0.0,b1a102f75188de7e542abe9b637b426d5aa86672281d83011253eba08b893076,train
aud_src_0402,aud_src_0402_stego_lsb_replacement_0.70.wav,data/generated/audio/aud_src_0402_stego_lsb_replacement_0.70.wav,audio,1,lsb_replacement,0.7,a8443da1489351e513ce1d0845e742874d9928a06162b817ef1c850a460f963d,train
aud_src_0403,aud_src_0403_clean.wav,data/generated/audio/aud_src_0403_clean.wav,audio,0,clean,0.0,d27a9f17c448a1b3ff229ec7f5982b57781d2bc76a6cc5b2a5e96fd0e4a06e34,val
aud_src_0403,aud_src_0403_stego_lsb_matching_1.00.wav,data/generated/audio/aud_src_0403_stego_lsb_matching_1.00.wav,audio,1,lsb_matching,1.0,bd6784d51d532da7a11ff18626a26d223f5774e73c3bb7ec1ec8fb1638ec33b9,val
aud_src_0404,aud_src_0404_clean.wav,data/generated/audio/aud_src_0404_clean.wav,audio,0,clean,0.0,5b3c6121dbe6bec2359e2c601c4c1ec564834e91cd2ea6d9588eabef073a5e78,train
aud_src_0404,aud_src_0404_stego_echo_hiding_0.20.wav,data/generated/audio/aud_src_0404_stego_echo_hiding_0.20.wav,audio,1,echo_hiding,0.2,d132117c288f95fa38ecdce18b5d64e5eb5360636ef712959b57cb21d2103188,train
aud_src_0405,aud_src_0405_clean.wav,data/generated/audio/aud_src_0405_clean.wav,audio,0,clean,0.0,3b8873413101726651170f39b7292d2f89827c1f5e85e5b43681c6eb0b7ebc7e,train
aud_src_0405,aud_src_0405_stego_lsb_replacement_0.40.wav,data/generated/audio/aud_src_0405_stego_lsb_replacement_0.40.wav,audio,1,lsb_replacement,0.4,54cc61a5572dd3167e0aabb6fe9d4ab3a671a5dc2ad2b66a61d2c766e8609ec9,train
aud_src_0406,aud_src_0406_clean.wav,data/generated/audio/aud_src_0406_clean.wav,audio,0,clean,0.0,8809eba16f8a68636c42c13e69a6cd36447d99b4e0ced214217e56589710720c,val
aud_src_0406,aud_src_0406_stego_lsb_matching_0.70.wav,data/generated/audio/aud_src_0406_stego_lsb_matching_0.70.wav,audio,1,lsb_matching,0.7,370c6dbdf0e8706c0dfddde6c6fde7789a4b84f30240b262107e33fdaa2a5203,val
aud_src_0407,aud_src_0407_clean.wav,data/generated/audio/aud_src_0407_clean.wav,audio,0,clean,0.0,f5c525b43b7b3fcaff212a3ba38f2319a21c2485948adba2182a2b8e5db27747,train
aud_src_0407,aud_src_0407_stego_echo_hiding_1.00.wav,data/generated/audio/aud_src_0407_stego_echo_hiding_1.00.wav,audio,1,echo_hiding,1.0,55bd84ef4a0562f825ff3814d5ee66d2416a2b10ee9db47750b1cb2aaf4b35c3,train
aud_src_0408,aud_src_0408_clean.wav,data/generated/audio/aud_src_0408_clean.wav,audio,0,clean,0.0,21d0b14623f6361d948d2d054600cf418eabcc1764a4bd0d37b3ac4266ec2cfa,train
aud_src_0408,aud_src_0408_stego_lsb_replacement_0.20.wav,data/generated/audio/aud_src_0408_stego_lsb_replacement_0.20.wav,audio,1,lsb_replacement,0.2,34627893e4595d4ab30a218442e34d7f5b5e0b93a2447de49232b73e7876d354,train
aud_src_0409,aud_src_0409_clean.wav,data/generated/audio/aud_src_0409_clean.wav,audio,0,clean,0.0,26b5291e372343089eec7dfceca5bed0f826350d46acbec6b6e40a44f8ac100c,train
aud_src_0409,aud_src_0409_stego_lsb_matching_0.40.wav,data/generated/audio/aud_src_0409_stego_lsb_matching_0.40.wav,audio,1,lsb_matching,0.4,a6004a13a48b0e3ec9ffdbaf03a8e02a519a92f367691bd639ae692eaf716777,train
aud_src_0410,aud_src_0410_clean.wav,data/generated/audio/aud_src_0410_clean.wav,audio,0,clean,0.0,d10783847f8970e0770153b34196cc29e4371ac2be20f5c0913efc631e2b23b8,train
aud_src_0410,aud_src_0410_stego_echo_hiding_0.70.wav,data/generated/audio/aud_src_0410_stego_echo_hiding_0.70.wav,audio,1,echo_hiding,0.7,c659c5b344f908fee0028f33707c04a94c1939a0c11789819343dde00e45d7a8,train
aud_src_0411,aud_src_0411_clean.wav,data/generated/audio/aud_src_0411_clean.wav,audio,0,clean,0.0,4679f9b600c0f453195bf8cea5bded73b62ad61340150813f199b52e5bb5ed7c,val
aud_src_0411,aud_src_0411_stego_lsb_replacement_1.00.wav,data/generated/audio/aud_src_0411_stego_lsb_replacement_1.00.wav,audio,1,lsb_replacement,1.0,49c723daf0f7f5b169ae3b384dae98d8b3b78b2c874d9fc836da0aaa9b79d331,val
aud_src_0412,aud_src_0412_clean.wav,data/generated/audio/aud_src_0412_clean.wav,audio,0,clean,0.0,582a453dee34b1d01204ae1b74d08141c5463e8976dccfab10bb5c59932038e7,train
aud_src_0412,aud_src_0412_stego_lsb_matching_0.20.wav,data/generated/audio/aud_src_0412_stego_lsb_matching_0.20.wav,audio,1,lsb_matching,0.2,53ab73946acca2ea4818568ef708f2415d3e102948d52bff95163903db96180d,train
aud_src_0413,aud_src_0413_clean.wav,data/generated/audio/aud_src_0413_clean.wav,audio,0,clean,0.0,27e9faf9040ca80e06b80cad68f6d019d3259b3f993eeffc0df7ca401fdea03b,train
aud_src_0413,aud_src_0413_stego_echo_hiding_0.40.wav,data/generated/audio/aud_src_0413_stego_echo_hiding_0.40.wav,audio,1,echo_hiding,0.4,f5ca975feb2fb8dc4a02e485fd0c5f3df8dd036990c062d0cfda24f9047b50d1,train
aud_src_0414,aud_src_0414_clean.wav,data/generated/audio/aud_src_0414_clean.wav,audio,0,clean,0.0,1418cd0debe4f98f5309fbd363f1fc9ae7878682c517f4f72c0d4e5e72b17f08,val
aud_src_0414,aud_src_0414_stego_lsb_replacement_0.70.wav,data/generated/audio/aud_src_0414_stego_lsb_replacement_0.70.wav,audio,1,lsb_replacement,0.7,c8e037e4497b2318ea13592f349781c92e13845763c91f10aabf5fcb2b94196c,val
aud_src_0415,aud_src_0415_clean.wav,data/generated/audio/aud_src_0415_clean.wav,audio,0,clean,0.0,ddd26479c5c00e588c7210b4b8ed1b9100585b870293a4e6df17ffff4359a4fc,train
aud_src_0415,aud_src_0415_stego_lsb_matching_1.00.wav,data/generated/audio/aud_src_0415_stego_lsb_matching_1.00.wav,audio,1,lsb_matching,1.0,13b5aaf737d1c96d995a22429a15fab960c74eef5701436f5cbd800cb37567cc,train
aud_src_0416,aud_src_0416_clean.wav,data/generated/audio/aud_src_0416_clean.wav,audio,0,clean,0.0,f91c059253f2d1edd5b7e09854987ca8b4ce944538866eb9f9323c9a43e5171d,train
aud_src_0416,aud_src_0416_stego_echo_hiding_0.20.wav,data/generated/audio/aud_src_0416_stego_echo_hiding_0.20.wav,audio,1,echo_hiding,0.2,f91c059253f2d1edd5b7e09854987ca8b4ce944538866eb9f9323c9a43e5171d,train
aud_src_0417,aud_src_0417_clean.wav,data/generated/audio/aud_src_0417_clean.wav,audio,0,clean,0.0,bcfaf75b8c2911f8318beed8207d6b1479f3799a390e0695731d190dd5480c5c,train
aud_src_0417,aud_src_0417_stego_lsb_replacement_0.40.wav,data/generated/audio/aud_src_0417_stego_lsb_replacement_0.40.wav,audio,1,lsb_replacement,0.4,80ca3c8a5ca300882caad89d5bccf6261be65d1ee7b22120017701152f58aad8,train
aud_src_0418,aud_src_0418_clean.wav,data/generated/audio/aud_src_0418_clean.wav,audio,0,clean,0.0,f0b8d858314a92da31a6e1bb69f9777027fdf1c286f82f680c76dfec6352da92,train
aud_src_0418,aud_src_0418_stego_lsb_matching_0.70.wav,data/generated/audio/aud_src_0418_stego_lsb_matching_0.70.wav,audio,1,lsb_matching,0.7,7b30716a0a41ad2ab79bc42a18a4a572cc3818683930dae2c8cdc7505aae53ca,train
aud_src_0419,aud_src_0419_clean.wav,data/generated/audio/aud_src_0419_clean.wav,audio,0,clean,0.0,03c62cf8ba839dd3d2c597fef9aa00e153714be25268e7da632a7f56f0422a3c,val
aud_src_0419,aud_src_0419_stego_echo_hiding_1.00.wav,data/generated/audio/aud_src_0419_stego_echo_hiding_1.00.wav,audio,1,echo_hiding,1.0,bc95d983659bff82bc15278ca99190f1542b0894da43f121a6b747f32bfa26d6,val
aud_src_0420,aud_src_0420_clean.wav,data/generated/audio/aud_src_0420_clean.wav,audio,0,clean,0.0,b492424beaf6390bf30f94eab9484542147adc85ef494de8b6f13eb5f3aaa504,train
aud_src_0420,aud_src_0420_stego_lsb_replacement_0.20.wav,data/generated/audio/aud_src_0420_stego_lsb_replacement_0.20.wav,audio,1,lsb_replacement,0.2,29c57acdd9f65c4b43df89b66f891424defc6e9b71ba250af47cbdff06d2aa76,train
aud_src_0421,aud_src_0421_clean.wav,data/generated/audio/aud_src_0421_clean.wav,audio,0,clean,0.0,6e72ff5278b2b6b3c8f6947c255e841784a8adc1b28343a3dfa183e9e8439dc1,train
aud_src_0421,aud_src_0421_stego_lsb_matching_0.40.wav,data/generated/audio/aud_src_0421_stego_lsb_matching_0.40.wav,audio,1,lsb_matching,0.4,e519225ee78714466b0f982c291c7a2e18bb8892ea72086013fb99cc404a2e83,train
aud_src_0422,aud_src_0422_clean.wav,data/generated/audio/aud_src_0422_clean.wav,audio,0,clean,0.0,325be5a18f0c356d01be900b4f58d00f0e4063130ff9ee4f79f8eff126e6b4f5,train
aud_src_0422,aud_src_0422_stego_echo_hiding_0.70.wav,data/generated/audio/aud_src_0422_stego_echo_hiding_0.70.wav,audio,1,echo_hiding,0.7,44327822213baa7f1d79dd81e2bd4f39291bd42776adb9465aa09fa0511e1196,train
aud_src_0423,aud_src_0423_clean.wav,data/generated/audio/aud_src_0423_clean.wav,audio,0,clean,0.0,a199fe43685da9f7c5316a503f64defb5270691f0babb7eebe1f345f5456ff79,train
aud_src_0423,aud_src_0423_stego_lsb_replacement_1.00.wav,data/generated/audio/aud_src_0423_stego_lsb_replacement_1.00.wav,audio,1,lsb_replacement,1.0,53a6a14272365445edec7233de3b25a694c71cbe4c990ca9c175af4a8f2a5af8,train
aud_src_0424,aud_src_0424_clean.wav,data/generated/audio/aud_src_0424_clean.wav,audio,0,clean,0.0,b8d54e27a675e8051e5df6476f5194c7f21aab8158224a23a39e09ebe7b5af68,train
aud_src_0424,aud_src_0424_stego_lsb_matching_0.20.wav,data/generated/audio/aud_src_0424_stego_lsb_matching_0.20.wav,audio,1,lsb_matching,0.2,8d38a15b1df081448872cb166dc1f9598fe1b7b428f0d752c0a3ec76db702266,train
aud_src_0425,aud_src_0425_clean.wav,data/generated/audio/aud_src_0425_clean.wav,audio,0,clean,0.0,c3ae1b77fcf0ef207936c4c5b189d8a87bac53f4c04b3d9e79b84da0e4990827,train
aud_src_0425,aud_src_0425_stego_echo_hiding_0.40.wav,data/generated/audio/aud_src_0425_stego_echo_hiding_0.40.wav,audio,1,echo_hiding,0.4,442f8ffd4e892337ff5b4a3e20b0b58f5994297480f4ce35601aa9a668471e3b,train
aud_src_0426,aud_src_0426_clean.wav,data/generated/audio/aud_src_0426_clean.wav,audio,0,clean,0.0,7d2254bb32b15732623054874be73b20b40140aac14706eefc83ce547c5ce17b,train
aud_src_0426,aud_src_0426_stego_lsb_replacement_0.70.wav,data/generated/audio/aud_src_0426_stego_lsb_replacement_0.70.wav,audio,1,lsb_replacement,0.7,d375f8cfd57e085ad5f8973a06a0207db2fd49e7b8dd751230191f43b2ff0666,train
aud_src_0427,aud_src_0427_clean.wav,data/generated/audio/aud_src_0427_clean.wav,audio,0,clean,0.0,09da66d9a4746578adcb3574d213042e579dec7c0757e2f444525d165075d219,train
aud_src_0427,aud_src_0427_stego_lsb_matching_1.00.wav,data/generated/audio/aud_src_0427_stego_lsb_matching_1.00.wav,audio,1,lsb_matching,1.0,3fe74a3516c378161385e70dc50ad2866c1335e2d12f55081807a5435d774991,train
aud_src_0428,aud_src_0428_clean.wav,data/generated/audio/aud_src_0428_clean.wav,audio,0,clean,0.0,0ba1a95e149ea954c50eee39a03b3c064824e6cb06e24c2bcc51e397aec0b2d2,val
aud_src_0428,aud_src_0428_stego_echo_hiding_0.20.wav,data/generated/audio/aud_src_0428_stego_echo_hiding_0.20.wav,audio,1,echo_hiding,0.2,00f85e3f76d2a5a0f96185a4a9169af6e917e5046f30053832c9a6b67a683651,val
aud_src_0429,aud_src_0429_clean.wav,data/generated/audio/aud_src_0429_clean.wav,audio,0,clean,0.0,84f3106bb5b03be986a820960cf1014a114f56cd38bb4adff317d6c83e8e72fe,test
aud_src_0429,aud_src_0429_stego_lsb_replacement_0.40.wav,data/generated/audio/aud_src_0429_stego_lsb_replacement_0.40.wav,audio,1,lsb_replacement,0.4,1922de01439d6d9af65ef7c190195c135f158ab6c494c30e997d7b68a688b6ab,test
aud_src_0430,aud_src_0430_clean.wav,data/generated/audio/aud_src_0430_clean.wav,audio,0,clean,0.0,aa17136b9d3ce17ec45f2f9423a21c537b13e4aa8073eb1f387cd6223c115362,train
aud_src_0430,aud_src_0430_stego_lsb_matching_0.70.wav,data/generated/audio/aud_src_0430_stego_lsb_matching_0.70.wav,audio,1,lsb_matching,0.7,dc0b2f893b575eab9bbbe630700d682e15876dd1febd635e2eb52ab4895d4b2d,train
aud_src_0431,aud_src_0431_clean.wav,data/generated/audio/aud_src_0431_clean.wav,audio,0,clean,0.0,f63843d5b0a6529bb184e4d16b75c936cf1ef437cc745a1af00c6232435b659b,val
aud_src_0431,aud_src_0431_stego_echo_hiding_1.00.wav,data/generated/audio/aud_src_0431_stego_echo_hiding_1.00.wav,audio,1,echo_hiding,1.0,cfb8064bc5b9ae0e3e4417a6f866eb7d04ca52e60402b7d279ac2b9b35e542fb,val
aud_src_0432,aud_src_0432_clean.wav,data/generated/audio/aud_src_0432_clean.wav,audio,0,clean,0.0,5726bc6442491ced90bda3e532b9638af6b86e7f54a663cc61c2e5d9c3a64e4d,train
aud_src_0432,aud_src_0432_stego_lsb_replacement_0.20.wav,data/generated/audio/aud_src_0432_stego_lsb_replacement_0.20.wav,audio,1,lsb_replacement,0.2,221dddc71a6683f32916f77a162ee77964090dcffc44fdcd4c7dd3aff79a626e,train
aud_src_0433,aud_src_0433_clean.wav,data/generated/audio/aud_src_0433_clean.wav,audio,0,clean,0.0,6823bcf00ee74b7add41505ac8ca49be4cd731320a4a57d0e223dbb6947dd86c,train
aud_src_0433,aud_src_0433_stego_lsb_matching_0.40.wav,data/generated/audio/aud_src_0433_stego_lsb_matching_0.40.wav,audio,1,lsb_matching,0.4,e91de2182d372bda754cf61770e25223eca7206a6445fc6f4c929f5717fd50d2,train
aud_src_0434,aud_src_0434_clean.wav,data/generated/audio/aud_src_0434_clean.wav,audio,0,clean,0.0,51a1ad51970a5ac434033793ecb72c6339757c0759d2e6d541d05cd2f81d5fd5,train
aud_src_0434,aud_src_0434_stego_echo_hiding_0.70.wav,data/generated/audio/aud_src_0434_stego_echo_hiding_0.70.wav,audio,1,echo_hiding,0.7,266179294dafaca531aee27aee56d6fa7cd791972dbfdfd98171e8d0898adca2,train
aud_src_0435,aud_src_0435_clean.wav,data/generated/audio/aud_src_0435_clean.wav,audio,0,clean,0.0,55c0bd80b3d6716eb51b35f8fc94d8ff2eaffcb4f1fc5a60b1b87c2c9c173fa0,val
aud_src_0435,aud_src_0435_stego_lsb_replacement_1.00.wav,data/generated/audio/aud_src_0435_stego_lsb_replacement_1.00.wav,audio,1,lsb_replacement,1.0,fdda13c5bece6a800a5d2689afa72524031628a902beeb0035c378d798dfbb9c,val
aud_src_0436,aud_src_0436_clean.wav,data/generated/audio/aud_src_0436_clean.wav,audio,0,clean,0.0,48c25b9586ed173a4003285fb699da308771faaf6105ab550765d3ff8fdf8105,val
aud_src_0436,aud_src_0436_stego_lsb_matching_0.20.wav,data/generated/audio/aud_src_0436_stego_lsb_matching_0.20.wav,audio,1,lsb_matching,0.2,e434dd35e2f162bcd2c35b01da7afe8131d91792083e07ad9cebcbea6f577acf,val
aud_src_0437,aud_src_0437_clean.wav,data/generated/audio/aud_src_0437_clean.wav,audio,0,clean,0.0,d9e166dca9237e703060c0b94bacd1d0d2ef66f3096d6bbf654c642846fead3f,val
aud_src_0437,aud_src_0437_stego_echo_hiding_0.40.wav,data/generated/audio/aud_src_0437_stego_echo_hiding_0.40.wav,audio,1,echo_hiding,0.4,e4cc89ac874aa92697f458277530a7d4fa8eeb2b799d636ac0daf828e44ff92b,val
aud_src_0438,aud_src_0438_clean.wav,data/generated/audio/aud_src_0438_clean.wav,audio,0,clean,0.0,1e80b4e9bdf3d8e7f3faf473a56fff9c9a6d0ba7edf2c248b972c4eb533be284,train
aud_src_0438,aud_src_0438_stego_lsb_replacement_0.70.wav,data/generated/audio/aud_src_0438_stego_lsb_replacement_0.70.wav,audio,1,lsb_replacement,0.7,40696da8f7f4b92165fb811302153e4f30f3f09ef3d006f398352eb4910f5da5,train
aud_src_0439,aud_src_0439_clean.wav,data/generated/audio/aud_src_0439_clean.wav,audio,0,clean,0.0,6f70cfa01715353f63e910a96430ed026833c138558d88c820413e38240a0510,train
aud_src_0439,aud_src_0439_stego_lsb_matching_1.00.wav,data/generated/audio/aud_src_0439_stego_lsb_matching_1.00.wav,audio,1,lsb_matching,1.0,943c40db5603468303694f4efc7b2c02dff77ea714393af9770bf3f5198502a5,train
aud_src_0440,aud_src_0440_clean.wav,data/generated/audio/aud_src_0440_clean.wav,audio,0,clean,0.0,7fd5b4f14c09ddf73c173b5ea6f0a8d88aac54869f78f4333ef6c15890cb49db,train
aud_src_0440,aud_src_0440_stego_echo_hiding_0.20.wav,data/generated/audio/aud_src_0440_stego_echo_hiding_0.20.wav,audio,1,echo_hiding,0.2,b47e8184a5de9705aeb6d8ce826fb9217ca8109df36122bc0bea0d0e35a291c5,train
aud_src_0441,aud_src_0441_clean.wav,data/generated/audio/aud_src_0441_clean.wav,audio,0,clean,0.0,b6c7099ee86f22b63ae9e2d0675fa128cb36005e332fd05e3e3c1cca11a390dc,val
aud_src_0441,aud_src_0441_stego_lsb_replacement_0.40.wav,data/generated/audio/aud_src_0441_stego_lsb_replacement_0.40.wav,audio,1,lsb_replacement,0.4,0f3749bbd1054b590aade3a9122c9ee52f96349282ad8ff6195f491b9e789feb,val
aud_src_0442,aud_src_0442_clean.wav,data/generated/audio/aud_src_0442_clean.wav,audio,0,clean,0.0,7efa9545c9782a8ed03820f345440e09ffc9a77f69fc8e8040f2ac64211d5975,val
aud_src_0442,aud_src_0442_stego_lsb_matching_0.70.wav,data/generated/audio/aud_src_0442_stego_lsb_matching_0.70.wav,audio,1,lsb_matching,0.7,6a0e3183609b20b80334fbdfa7d3192a606f828702a36854224cae8193853bd7,val
aud_src_0443,aud_src_0443_clean.wav,data/generated/audio/aud_src_0443_clean.wav,audio,0,clean,0.0,3da922fd762fd2c53fbd540b1bbda3acfc6c01b114e22bbd0624766e91af1151,train
aud_src_0443,aud_src_0443_stego_echo_hiding_1.00.wav,data/generated/audio/aud_src_0443_stego_echo_hiding_1.00.wav,audio,1,echo_hiding,1.0,ad375114472c2276cf4637782966628acebd507643ee4d81a395bef0df783871,train
aud_src_0444,aud_src_0444_clean.wav,data/generated/audio/aud_src_0444_clean.wav,audio,0,clean,0.0,37f8d4935eeef821f057408e6a8633c09f7b4cb42809d3ff81ad72128fe41515,val
aud_src_0444,aud_src_0444_stego_lsb_replacement_0.20.wav,data/generated/audio/aud_src_0444_stego_lsb_replacement_0.20.wav,audio,1,lsb_replacement,0.2,839c3bf5ce7f0a988c7ddf40e2228cd0cf3bed22b31dbf42f167b87696ed0e64,val
aud_src_0445,aud_src_0445_clean.wav,data/generated/audio/aud_src_0445_clean.wav,audio,0,clean,0.0,b675e7f8463fae7d09889e4c9dd4005cf31ef9649baba256c1e9e6a82f0223ee,val
aud_src_0445,aud_src_0445_stego_lsb_matching_0.40.wav,data/generated/audio/aud_src_0445_stego_lsb_matching_0.40.wav,audio,1,lsb_matching,0.4,54a5a5bc00249da228c4d081f6b8eb116ebe5ddd535bc6fd6e9a1388f70521d7,val
aud_src_0446,aud_src_0446_clean.wav,data/generated/audio/aud_src_0446_clean.wav,audio,0,clean,0.0,34de6b25b9baf6bcf5b800f2e75f385c259e5563c325296affcec28332d2d9ae,train
aud_src_0446,aud_src_0446_stego_echo_hiding_0.70.wav,data/generated/audio/aud_src_0446_stego_echo_hiding_0.70.wav,audio,1,echo_hiding,0.7,2a8563ab1cfc3aad901dc2fa95d7dd5fa0e73a521ee6a66248f2b43d5b7fa0e3,train
aud_src_0447,aud_src_0447_clean.wav,data/generated/audio/aud_src_0447_clean.wav,audio,0,clean,0.0,9b302ecca1e8a70a684324917c971ca733162021f22ccb8a316f54708ff83445,train
aud_src_0447,aud_src_0447_stego_lsb_replacement_1.00.wav,data/generated/audio/aud_src_0447_stego_lsb_replacement_1.00.wav,audio,1,lsb_replacement,1.0,f1c9f620e6f3f4fbc4608a9a5d6b4271de8a064cf3eca280e2734123cb251506,train
aud_src_0448,aud_src_0448_clean.wav,data/generated/audio/aud_src_0448_clean.wav,audio,0,clean,0.0,91b0d611b454c87e7ef6fe4ada2bc1d5184e1f3cb48b3ac8d96daf6a10d7e2f5,train
aud_src_0448,aud_src_0448_stego_lsb_matching_0.20.wav,data/generated/audio/aud_src_0448_stego_lsb_matching_0.20.wav,audio,1,lsb_matching,0.2,0093ae580f00b955238df79e481d22ebcf39e7d368bba8da95abbc1525de1f0d,train
aud_src_0449,aud_src_0449_clean.wav,data/generated/audio/aud_src_0449_clean.wav,audio,0,clean,0.0,a19c46a96747a7fcdeb8ca4a33d81ee714fb85c50c079bdf527e4d4cc13b77a1,train
aud_src_0449,aud_src_0449_stego_echo_hiding_0.40.wav,data/generated/audio/aud_src_0449_stego_echo_hiding_0.40.wav,audio,1,echo_hiding,0.4,58500ecc96b688016546f3516a45b3b81fe43e6d71c735bc6484132ec63bb020,train
aud_src_0450,aud_src_0450_clean.wav,data/generated/audio/aud_src_0450_clean.wav,audio,0,clean,0.0,44abb293702d7d8dddfb5e6e8bd743ed124a00c99f3f50ea12e1f30a44002c37,train
aud_src_0450,aud_src_0450_stego_lsb_replacement_0.70.wav,data/generated/audio/aud_src_0450_stego_lsb_replacement_0.70.wav,audio,1,lsb_replacement,0.7,156d6d22aeebdcf588c26c7b11fca25795e5a3642e7572b2eb6873162c2ce4e8,train
aud_src_0451,aud_src_0451_clean.wav,data/generated/audio/aud_src_0451_clean.wav,audio,0,clean,0.0,fc2e46c6a4a142b15a25ece61562aa429bf0630dc57ad411fac2384f7d82e6db,test
aud_src_0451,aud_src_0451_stego_lsb_matching_1.00.wav,data/generated/audio/aud_src_0451_stego_lsb_matching_1.00.wav,audio,1,lsb_matching,1.0,bb14da7433e92ef7e5a68ef51839c4f744e72102cb76638d2635e63101d46abe,test
aud_src_0452,aud_src_0452_clean.wav,data/generated/audio/aud_src_0452_clean.wav,audio,0,clean,0.0,2ad1516b8b56c59ab5eb684d5666e73e6a4c7572223f91d707b220c57edc9064,val
aud_src_0452,aud_src_0452_stego_echo_hiding_0.20.wav,data/generated/audio/aud_src_0452_stego_echo_hiding_0.20.wav,audio,1,echo_hiding,0.2,e73317df9d0449b5130ff88acbaf13d2e34569cc1cee778539c0e342e6f12174,val
aud_src_0453,aud_src_0453_clean.wav,data/generated/audio/aud_src_0453_clean.wav,audio,0,clean,0.0,bfe5c8d4bdad115acba600e3495c91018f1f3f7f4846682b4d4ce309c3d1659e,train
aud_src_0453,aud_src_0453_stego_lsb_replacement_0.40.wav,data/generated/audio/aud_src_0453_stego_lsb_replacement_0.40.wav,audio,1,lsb_replacement,0.4,928331de514267ef0d7d6e0768f90380df46f9f9c61e83fb89624e789888e8c9,train
aud_src_0454,aud_src_0454_clean.wav,data/generated/audio/aud_src_0454_clean.wav,audio,0,clean,0.0,142ab8e5a3edd31524969356eb131752ec6a054b3e7bd9c16a2875f19df5a932,val
aud_src_0454,aud_src_0454_stego_lsb_matching_0.70.wav,data/generated/audio/aud_src_0454_stego_lsb_matching_0.70.wav,audio,1,lsb_matching,0.7,df750691573f1cfdb48a3a79b501b07dab852ad277d79e1ab0f9b9e918080790,val
aud_src_0455,aud_src_0455_clean.wav,data/generated/audio/aud_src_0455_clean.wav,audio,0,clean,0.0,cf9c55923d1d4ebdd989ac2ed081cb5acd229137e0878d0d6966e4896be323a7,test
aud_src_0455,aud_src_0455_stego_echo_hiding_1.00.wav,data/generated/audio/aud_src_0455_stego_echo_hiding_1.00.wav,audio,1,echo_hiding,1.0,abe3356293568ca95ce64e75c74538e83d6431a2622a6d27e8ada7712968f09b,test
aud_src_0456,aud_src_0456_clean.wav,data/generated/audio/aud_src_0456_clean.wav,audio,0,clean,0.0,131eed9c376dc2ad94286e3390abde7de84ad83197473c7a28b8396c1fde8e0f,train
aud_src_0456,aud_src_0456_stego_lsb_replacement_0.20.wav,data/generated/audio/aud_src_0456_stego_lsb_replacement_0.20.wav,audio,1,lsb_replacement,0.2,b1cd23a4461fd607f7638a1bcbfed6141e472acb952055464d535fe783b744ce,train
aud_src_0457,aud_src_0457_clean.wav,data/generated/audio/aud_src_0457_clean.wav,audio,0,clean,0.0,d569cae5ad6de4ec33c281f711ee6d226e8c25ffab4fe8e8709a2530aae8b04b,test
aud_src_0457,aud_src_0457_stego_lsb_matching_0.40.wav,data/generated/audio/aud_src_0457_stego_lsb_matching_0.40.wav,audio,1,lsb_matching,0.4,e29499d071850560e614ba673bc7537073d819c67f48f5665a8a9283ef7195b5,test
aud_src_0458,aud_src_0458_clean.wav,data/generated/audio/aud_src_0458_clean.wav,audio,0,clean,0.0,eeb3ec1dc84d8c405b34498e5763a7dc3e26d66d7bef6870cba2d8fb6f5493f1,train
aud_src_0458,aud_src_0458_stego_echo_hiding_0.70.wav,data/generated/audio/aud_src_0458_stego_echo_hiding_0.70.wav,audio,1,echo_hiding,0.7,9a70236271e345a8ef7cb058b8ae93d2af9cee42f8871058db1e02e4a7b07cda,train
aud_src_0459,aud_src_0459_clean.wav,data/generated/audio/aud_src_0459_clean.wav,audio,0,clean,0.0,80c654ad36f2de7fa352db4dedcc0bbdb1fc48fa319d3c17a5316e9bc231ee35,train
aud_src_0459,aud_src_0459_stego_lsb_replacement_1.00.wav,data/generated/audio/aud_src_0459_stego_lsb_replacement_1.00.wav,audio,1,lsb_replacement,1.0,d45058314f3ff4301d6ee7ce2cab40b46c72495b660fde4cd721a5caa164f5cd,train
aud_src_0460,aud_src_0460_clean.wav,data/generated/audio/aud_src_0460_clean.wav,audio,0,clean,0.0,61f24f15bb5b40607721d87e63ef266a894c07b5f3de652777807c5881de8648,test
aud_src_0460,aud_src_0460_stego_lsb_matching_0.20.wav,data/generated/audio/aud_src_0460_stego_lsb_matching_0.20.wav,audio,1,lsb_matching,0.2,c2b3766aa8ee264e9722e2fe9cdfeb3d0e2b833985ec874972ca364d6ecb41f6,test
aud_src_0461,aud_src_0461_clean.wav,data/generated/audio/aud_src_0461_clean.wav,audio,0,clean,0.0,76e353c5093645934e2bf47d62b00d85d12bfd62f2337a54fe5791ee818ad24c,train
aud_src_0461,aud_src_0461_stego_echo_hiding_0.40.wav,data/generated/audio/aud_src_0461_stego_echo_hiding_0.40.wav,audio,1,echo_hiding,0.4,cf3fe9b7c12769b7bc9e247c4eb2bfb219520bf530c62b3d674c55730a40398e,train
aud_src_0462,aud_src_0462_clean.wav,data/generated/audio/aud_src_0462_clean.wav,audio,0,clean,0.0,60fd618de32969164df4da23e5464902c3dfd9b18a7a36da7c99a69ee26e9617,val
aud_src_0462,aud_src_0462_stego_lsb_replacement_0.70.wav,data/generated/audio/aud_src_0462_stego_lsb_replacement_0.70.wav,audio,1,lsb_replacement,0.7,ca3550165d9d0f30b7afdb5e8c5f1bc968925274c9028adeeec98ecfb6f55bda,val
aud_src_0463,aud_src_0463_clean.wav,data/generated/audio/aud_src_0463_clean.wav,audio,0,clean,0.0,93b6c96eb644126698f33a4c410a3ec08a1ab570ace758ca7de65c478fa86694,train
aud_src_0463,aud_src_0463_stego_lsb_matching_1.00.wav,data/generated/audio/aud_src_0463_stego_lsb_matching_1.00.wav,audio,1,lsb_matching,1.0,37d0bd305a89295fa50f694fe2d9198ef9dd92141cd144d576bcee00d527bf59,train
aud_src_0464,aud_src_0464_clean.wav,data/generated/audio/aud_src_0464_clean.wav,audio,0,clean,0.0,94d19e0494e122221f293bad9d36c0c3852157cbf9eb13edbfcf7da5986ad7e9,train
aud_src_0464,aud_src_0464_stego_echo_hiding_0.20.wav,data/generated/audio/aud_src_0464_stego_echo_hiding_0.20.wav,audio,1,echo_hiding,0.2,7b6a86f2dc0f82f406c24bd6a5509afda62188d66fcd9c61bc7abdb1c86b71ff,train
aud_src_0465,aud_src_0465_clean.wav,data/generated/audio/aud_src_0465_clean.wav,audio,0,clean,0.0,569ff155f64bf4e2ed77195010443f57d2f6b96dfec6adc151a6ab74164bc338,val
aud_src_0465,aud_src_0465_stego_lsb_replacement_0.40.wav,data/generated/audio/aud_src_0465_stego_lsb_replacement_0.40.wav,audio,1,lsb_replacement,0.4,bf5b614418fae215d7477a8f461cd417f1019797c4cecf31faa94c402b060097,val
aud_src_0466,aud_src_0466_clean.wav,data/generated/audio/aud_src_0466_clean.wav,audio,0,clean,0.0,4333e6e815b54baf1df6117397cce52b8a0ae988c6802f267cf6180bdb170c69,train
aud_src_0466,aud_src_0466_stego_lsb_matching_0.70.wav,data/generated/audio/aud_src_0466_stego_lsb_matching_0.70.wav,audio,1,lsb_matching,0.7,8d2ea0f83243328abe93ef3b87273cad74b93754713d0255ab916d59705b6726,train
aud_src_0467,aud_src_0467_clean.wav,data/generated/audio/aud_src_0467_clean.wav,audio,0,clean,0.0,8324ba6c023d9115b623169d1592bc26f6b159666d4733496f2e588ffee7d893,val
aud_src_0467,aud_src_0467_stego_echo_hiding_1.00.wav,data/generated/audio/aud_src_0467_stego_echo_hiding_1.00.wav,audio,1,echo_hiding,1.0,7b1e85225164dd39abd26f188df4c8fd26f8fc3cdd44742c6e3b441e40eb13b9,val
aud_src_0468,aud_src_0468_clean.wav,data/generated/audio/aud_src_0468_clean.wav,audio,0,clean,0.0,d303811b8c84619667cd0501342f84ec6cbe69f7aa3856dcf52fabda374c92b8,val
aud_src_0468,aud_src_0468_stego_lsb_replacement_0.20.wav,data/generated/audio/aud_src_0468_stego_lsb_replacement_0.20.wav,audio,1,lsb_replacement,0.2,d9eb850d2126762f75659aff094992963d9d075926cd31c97c21fff5b8ce885f,val
aud_src_0469,aud_src_0469_clean.wav,data/generated/audio/aud_src_0469_clean.wav,audio,0,clean,0.0,4cf08dc0ed85bc9013194d91957c08f69188648b1eaa98376acead6bf6545995,train
aud_src_0469,aud_src_0469_stego_lsb_matching_0.40.wav,data/generated/audio/aud_src_0469_stego_lsb_matching_0.40.wav,audio,1,lsb_matching,0.4,2c6bb97a5ef3b73da5411c81a9b456350d5831fe81a0684e82b1874be10a8150,train
aud_src_0470,aud_src_0470_clean.wav,data/generated/audio/aud_src_0470_clean.wav,audio,0,clean,0.0,f7e6be9a8ac511b85d8434834a5041939719c55a2e2af85e88b4d9ddba6bab46,train
aud_src_0470,aud_src_0470_stego_echo_hiding_0.70.wav,data/generated/audio/aud_src_0470_stego_echo_hiding_0.70.wav,audio,1,echo_hiding,0.7,5a227306619fa7a55a3c15e4fa1612f9bdbfb9cdcf78f30814ee224edd100e82,train
aud_src_0471,aud_src_0471_clean.wav,data/generated/audio/aud_src_0471_clean.wav,audio,0,clean,0.0,76a4c69f1c774b2d078861eac8781ed27ed3ab2054b809477663ce8abf29e403,train
aud_src_0471,aud_src_0471_stego_lsb_replacement_1.00.wav,data/generated/audio/aud_src_0471_stego_lsb_replacement_1.00.wav,audio,1,lsb_replacement,1.0,63fcd5a50e3d169c3785003934538f281d556d57db6726b258d5b92c00934ef6,train
aud_src_0472,aud_src_0472_clean.wav,data/generated/audio/aud_src_0472_clean.wav,audio,0,clean,0.0,f07911cb50dc4b3756de21e0e6b25b1bc6733698995560c051c5839a3faf87a6,test
aud_src_0472,aud_src_0472_stego_lsb_matching_0.20.wav,data/generated/audio/aud_src_0472_stego_lsb_matching_0.20.wav,audio,1,lsb_matching,0.2,c73d0535a414ac95cea71e3b8d961775d93fb8788d11b49793b3ec8959855bcd,test
aud_src_0473,aud_src_0473_clean.wav,data/generated/audio/aud_src_0473_clean.wav,audio,0,clean,0.0,22170d456fd6320c8a7a915c98c79541c349c3a8422f3af29d281ff21eb9928d,train
aud_src_0473,aud_src_0473_stego_echo_hiding_0.40.wav,data/generated/audio/aud_src_0473_stego_echo_hiding_0.40.wav,audio,1,echo_hiding,0.4,5b64336cc5d303868f4e06f46f13624b5486e84ee746deffcdb2478a628ef852,train
aud_src_0474,aud_src_0474_clean.wav,data/generated/audio/aud_src_0474_clean.wav,audio,0,clean,0.0,7c20b34f7758774fc35af7c6df0b7fc861a6383c6d17c97e62a000276a3808bc,train
aud_src_0474,aud_src_0474_stego_lsb_replacement_0.70.wav,data/generated/audio/aud_src_0474_stego_lsb_replacement_0.70.wav,audio,1,lsb_replacement,0.7,660a76c4686ecbf4d74f18d9d365cfe66bdd12f898f499103f0b44bddf6d89ff,train
aud_src_0475,aud_src_0475_clean.wav,data/generated/audio/aud_src_0475_clean.wav,audio,0,clean,0.0,c7307d6b6f842f2fdba665a8e3cfd3e2a8157a277142603827d6279c8ffcf0eb,test
aud_src_0475,aud_src_0475_stego_lsb_matching_1.00.wav,data/generated/audio/aud_src_0475_stego_lsb_matching_1.00.wav,audio,1,lsb_matching,1.0,a6efbca5e0f2bfd5780476ea574f68f558928d9a526db2abd7e695384e3bca7b,test
aud_src_0476,aud_src_0476_clean.wav,data/generated/audio/aud_src_0476_clean.wav,audio,0,clean,0.0,1896e16543e4756487ae5fa569cbc27d44901cd4ae4c76a9ce468f83067813ff,train
aud_src_0476,aud_src_0476_stego_echo_hiding_0.20.wav,data/generated/audio/aud_src_0476_stego_echo_hiding_0.20.wav,audio,1,echo_hiding,0.2,d58a87df967a0c19e1324d9a7788c2d36c7a5eb1645a9f445e09e0676f2745ef,train
aud_src_0477,aud_src_0477_clean.wav,data/generated/audio/aud_src_0477_clean.wav,audio,0,clean,0.0,a00c2059ac05f1bd3d1a27ad0550745103cb1297bd45a98b22cd7dd5d4ea711c,train
aud_src_0477,aud_src_0477_stego_lsb_replacement_0.40.wav,data/generated/audio/aud_src_0477_stego_lsb_replacement_0.40.wav,audio,1,lsb_replacement,0.4,a8d2a5791745c70d23febe235beee22500aa2d3866f504a32bf1a457899a8a06,train
aud_src_0478,aud_src_0478_clean.wav,data/generated/audio/aud_src_0478_clean.wav,audio,0,clean,0.0,1c969e02e9efd6bdf34208cf2ddafbffb1b452730e48ab1d2d85cede9afda3b6,val
aud_src_0478,aud_src_0478_stego_lsb_matching_0.70.wav,data/generated/audio/aud_src_0478_stego_lsb_matching_0.70.wav,audio,1,lsb_matching,0.7,72261cacb50284c31760126fbb56700b45f1be74a2ab124121eb3508f46504cb,val
aud_src_0479,aud_src_0479_clean.wav,data/generated/audio/aud_src_0479_clean.wav,audio,0,clean,0.0,64cb5a24f494160194fd3410f46a018e7edfc50bf86cc3b7fae8e35c6d188deb,train
aud_src_0479,aud_src_0479_stego_echo_hiding_1.00.wav,data/generated/audio/aud_src_0479_stego_echo_hiding_1.00.wav,audio,1,echo_hiding,1.0,8cf85b4dbefa80869d860d676e9df2974f210f29b68155b1127c9899e08d1d2b,train
aud_src_0480,aud_src_0480_clean.wav,data/generated/audio/aud_src_0480_clean.wav,audio,0,clean,0.0,cc78979b7e54fd07aa4da22d3c53844c921bb71d66f2b2ec41afe7dcc0c0ff6e,train
aud_src_0480,aud_src_0480_stego_lsb_replacement_0.20.wav,data/generated/audio/aud_src_0480_stego_lsb_replacement_0.20.wav,audio,1,lsb_replacement,0.2,9d3668e1c2da0445015b2cf2031970c54347aeaf66b1a4523a36e8d773918065,train
aud_src_0481,aud_src_0481_clean.wav,data/generated/audio/aud_src_0481_clean.wav,audio,0,clean,0.0,8b703df9df7523bcca0cbd2308abb9fe3fb7238a06f3087aa6edaec203490faa,val
aud_src_0481,aud_src_0481_stego_lsb_matching_0.40.wav,data/generated/audio/aud_src_0481_stego_lsb_matching_0.40.wav,audio,1,lsb_matching,0.4,f766c582f43bfb2f1e33aa1bca7d22f79cf20016ae900896a3d02162fca89a86,val
aud_src_0482,aud_src_0482_clean.wav,data/generated/audio/aud_src_0482_clean.wav,audio,0,clean,0.0,dad22cdc18b68344431b530bd00c3f88e3909a9e896cf38d2b3b7bef7081df43,val
aud_src_0482,aud_src_0482_stego_echo_hiding_0.70.wav,data/generated/audio/aud_src_0482_stego_echo_hiding_0.70.wav,audio,1,echo_hiding,0.7,6d56299e217a91a392189cec226b65170e061c14ba956d29671098b8c3d327ae,val
aud_src_0483,aud_src_0483_clean.wav,data/generated/audio/aud_src_0483_clean.wav,audio,0,clean,0.0,f74b2b944f1a061956bd61e7708df22807e00da86135434ea2aa622fbced7b80,train
aud_src_0483,aud_src_0483_stego_lsb_replacement_1.00.wav,data/generated/audio/aud_src_0483_stego_lsb_replacement_1.00.wav,audio,1,lsb_replacement,1.0,a460a2ce8200d415539f9247407e82fcddb0907154fee7390d547b7f5a20015a,train
aud_src_0484,aud_src_0484_clean.wav,data/generated/audio/aud_src_0484_clean.wav,audio,0,clean,0.0,1d08b05e575d75ee2c3ae3dcdf23ab7df02b3917415ef74b32d5d6d2ee72720b,train
aud_src_0484,aud_src_0484_stego_lsb_matching_0.20.wav,data/generated/audio/aud_src_0484_stego_lsb_matching_0.20.wav,audio,1,lsb_matching,0.2,41639d6006f3bb23099528976be7b038577c776d7050cb07a85ac8b6aa387260,train
aud_src_0485,aud_src_0485_clean.wav,data/generated/audio/aud_src_0485_clean.wav,audio,0,clean,0.0,96343f1579176171d02cafb33b61022d7fa10c5e1bd8d0c0bbac9d6eb281ea6d,val
aud_src_0485,aud_src_0485_stego_echo_hiding_0.40.wav,data/generated/audio/aud_src_0485_stego_echo_hiding_0.40.wav,audio,1,echo_hiding,0.4,04f262d4d71800ea104023220d592698503e6a688edffae1559d0adad7957c34,val
aud_src_0486,aud_src_0486_clean.wav,data/generated/audio/aud_src_0486_clean.wav,audio,0,clean,0.0,3272284780baa331c0a9ca07a3e8a1bdb3b5aae19db608373c6f6dcdcae10949,train
aud_src_0486,aud_src_0486_stego_lsb_replacement_0.70.wav,data/generated/audio/aud_src_0486_stego_lsb_replacement_0.70.wav,audio,1,lsb_replacement,0.7,80766eadbc085047addb7af1f2993b5bceffecbfc0a2d4517d8385ec7700b610,train
aud_src_0487,aud_src_0487_clean.wav,data/generated/audio/aud_src_0487_clean.wav,audio,0,clean,0.0,808fc95bf25386bb45236c221097a8dc0e55f58009499d979486c7346a200090,train
aud_src_0487,aud_src_0487_stego_lsb_matching_1.00.wav,data/generated/audio/aud_src_0487_stego_lsb_matching_1.00.wav,audio,1,lsb_matching,1.0,80e9abda3ffd99838cd8c84536f74e7a645687d41bedc78f503d7a3e03810f20,train
aud_src_0488,aud_src_0488_clean.wav,data/generated/audio/aud_src_0488_clean.wav,audio,0,clean,0.0,5bab7c04b6379713241a54432d63fe98ea7940d626fe41893d8abfbea6eb4c29,train
aud_src_0488,aud_src_0488_stego_echo_hiding_0.20.wav,data/generated/audio/aud_src_0488_stego_echo_hiding_0.20.wav,audio,1,echo_hiding,0.2,96be55c9ffde0b8d2016b97bad14ab4198f00ffc49ef91a76c30005eb2d23484,train
aud_src_0489,aud_src_0489_clean.wav,data/generated/audio/aud_src_0489_clean.wav,audio,0,clean,0.0,5a014b905fb6178eb524025fe5148ccf5a69c004f5a207e75d38a2233552ebf2,train
aud_src_0489,aud_src_0489_stego_lsb_replacement_0.40.wav,data/generated/audio/aud_src_0489_stego_lsb_replacement_0.40.wav,audio,1,lsb_replacement,0.4,8ba883327aab49abce191c6e55050660e8b84da5ff4ab49e7b25490814d90726,train
aud_src_0490,aud_src_0490_clean.wav,data/generated/audio/aud_src_0490_clean.wav,audio,0,clean,0.0,82bc47ee82c3a5f6d5485e4fc6c90c3fc454c2075334296f12dfaa68faf808e8,train
aud_src_0490,aud_src_0490_stego_lsb_matching_0.70.wav,data/generated/audio/aud_src_0490_stego_lsb_matching_0.70.wav,audio,1,lsb_matching,0.7,2886f15d15ac801fe2985b450742e4e9b3a8db2369622fdf1816b13cebdaa3ec,train
aud_src_0491,aud_src_0491_clean.wav,data/generated/audio/aud_src_0491_clean.wav,audio,0,clean,0.0,d6e82545a86f3e4a685ecb3d36f88e050c81142e0a2ea4c3b030d16bfffe6217,val
aud_src_0491,aud_src_0491_stego_echo_hiding_1.00.wav,data/generated/audio/aud_src_0491_stego_echo_hiding_1.00.wav,audio,1,echo_hiding,1.0,85bfe44ca348cdcdc282c3a2c2435a23e9fbd4715abfe6fca892d6ec58b2cc2e,val
aud_src_0492,aud_src_0492_clean.wav,data/generated/audio/aud_src_0492_clean.wav,audio,0,clean,0.0,7f690d82411ab283ca4e092f693a904d8b64e92bec056cd0a382a3274cc228fe,val
aud_src_0492,aud_src_0492_stego_lsb_replacement_0.20.wav,data/generated/audio/aud_src_0492_stego_lsb_replacement_0.20.wav,audio,1,lsb_replacement,0.2,36e02beab1ff4e26f3ba310beb1ab02150b8235547d452274fca52113c61bf7c,val
aud_src_0493,aud_src_0493_clean.wav,data/generated/audio/aud_src_0493_clean.wav,audio,0,clean,0.0,0417275dd3aba4de7311354bff53aa9746c4d2c12a3e1d9606fb4e9163798a25,train
aud_src_0493,aud_src_0493_stego_lsb_matching_0.40.wav,data/generated/audio/aud_src_0493_stego_lsb_matching_0.40.wav,audio,1,lsb_matching,0.4,bd68c72e9fba89515c811c621ac3fddc39ce0f83b2c58be08177ea0002e20345,train
aud_src_0494,aud_src_0494_clean.wav,data/generated/audio/aud_src_0494_clean.wav,audio,0,clean,0.0,ff4173c793d5b022d67b81fbe6c35a70a45dfd1601dbffac72e15c2fc263f9cd,val
aud_src_0494,aud_src_0494_stego_echo_hiding_0.70.wav,data/generated/audio/aud_src_0494_stego_echo_hiding_0.70.wav,audio,1,echo_hiding,0.7,2165e32ac648f8fe9a8cfb2ab66a9690da22a0ac4cec918d555b7c0a3a3874ac,val
aud_src_0495,aud_src_0495_clean.wav,data/generated/audio/aud_src_0495_clean.wav,audio,0,clean,0.0,85ba6e23d03185594b1a9aaf0f339b85d890ae5ce16bf6171976a24031a57122,test
aud_src_0495,aud_src_0495_stego_lsb_replacement_1.00.wav,data/generated/audio/aud_src_0495_stego_lsb_replacement_1.00.wav,audio,1,lsb_replacement,1.0,9cecd0cb3557d06d60da621bc138488ac9e8920ce5ba324b3d9f078016fabcad,test
aud_src_0496,aud_src_0496_clean.wav,data/generated/audio/aud_src_0496_clean.wav,audio,0,clean,0.0,c1a515bd17fe83d9b726791d6cea3e36caaff2612b92f9ead2f102ba9219f94e,test
aud_src_0496,aud_src_0496_stego_lsb_matching_0.20.wav,data/generated/audio/aud_src_0496_stego_lsb_matching_0.20.wav,audio,1,lsb_matching,0.2,f875b6273ebe3423588279a198b83d8db0b106dc625e905d46fd8fd0ce7dc867,test
aud_src_0497,aud_src_0497_clean.wav,data/generated/audio/aud_src_0497_clean.wav,audio,0,clean,0.0,5f16ffea11548373fd2eb07a37a5db7c1ef701e865dc6179883e6d9f0dec81a0,train
aud_src_0497,aud_src_0497_stego_echo_hiding_0.40.wav,data/generated/audio/aud_src_0497_stego_echo_hiding_0.40.wav,audio,1,echo_hiding,0.4,3449f7ae3cab79889dbe12c44e8114cb29e859d8360592250987c714db19bef2,train
aud_src_0498,aud_src_0498_clean.wav,data/generated/audio/aud_src_0498_clean.wav,audio,0,clean,0.0,27884d4e52aa46835535837abda738b7f6533f9cd8abbf523472e6bde217876f,train
aud_src_0498,aud_src_0498_stego_lsb_replacement_0.70.wav,data/generated/audio/aud_src_0498_stego_lsb_replacement_0.70.wav,audio,1,lsb_replacement,0.7,549d2bdb3ac21bff16f5f725475018da719f6f4719ff613e29a33509b715c2f9,train
aud_src_0499,aud_src_0499_clean.wav,data/generated/audio/aud_src_0499_clean.wav,audio,0,clean,0.0,24e4af2043aee1b70e8abff3f27d01e2d5a5e499113161d5a0c6a782594186a6,train
aud_src_0499,aud_src_0499_stego_lsb_matching_1.00.wav,data/generated/audio/aud_src_0499_stego_lsb_matching_1.00.wav,audio,1,lsb_matching,1.0,93a8bc65cf80178d709f206fd14597e72511ae170db7f7daad0d0535a253f084,train
vid_src_0000,vid_src_0000_clean_01.mkv,data/generated/video/vid_src_0000_clean_01.mkv,video,0,clean,0.0,d7c5ab1d5c1e46349cd5a30f3781b07b21a81eca7743362a710fb1154c654613,train
vid_src_0000,vid_src_0000_clean_02.mkv,data/generated/video/vid_src_0000_clean_02.mkv,video,0,clean,0.0,842b529a13abb258ed89254e9863359d31353e8ce4aa4e83e73101017cd9a0c7,train
vid_src_0000,vid_src_0000_stego_frame_lsb_0.10.mkv,data/generated/video/vid_src_0000_stego_frame_lsb_0.10.mkv,video,1,frame_lsb,0.1,b673c1084c86a2f7a51f358c45e599486d982094f6db5fa3d1d93d353405734d,train
vid_src_0000,vid_src_0000_stego_frame_lsb_matching_0.20.mkv,data/generated/video/vid_src_0000_stego_frame_lsb_matching_0.20.mkv,video,1,frame_lsb_matching,0.2,20fcb11d2a6abbc25bae8da58054db1384a57f3f7db7b9a7dbb83782da7f7ff9,train
vid_src_0001,vid_src_0001_clean_01.mkv,data/generated/video/vid_src_0001_clean_01.mkv,video,0,clean,0.0,aa7d002a1f6ecf117ab1443540bd2832d295cb712fb40dd40fb5bd06b83e979f,val
vid_src_0001,vid_src_0001_clean_02.mkv,data/generated/video/vid_src_0001_clean_02.mkv,video,0,clean,0.0,c232ed7b87dddb887c075383d69ee1bf2c8bcf81fe2e1f8a9b748e293b9b5fa8,val
vid_src_0001,vid_src_0001_stego_frame_lsb_matching_0.20.mkv,data/generated/video/vid_src_0001_stego_frame_lsb_matching_0.20.mkv,video,1,frame_lsb_matching,0.2,012e5a68ff6c6cff4e43a9aecb8ee70785917ab4c4f963cb5f8eb5c4d1737f8f,val
vid_src_0001,vid_src_0001_stego_frame_lsb_0.40.mkv,data/generated/video/vid_src_0001_stego_frame_lsb_0.40.mkv,video,1,frame_lsb,0.4,f17b14bdbd011318a75041dbacd92f0112da37bc77787e311685fd2fb44da984,val
vid_src_0002,vid_src_0002_clean_01.mkv,data/generated/video/vid_src_0002_clean_01.mkv,video,0,clean,0.0,70afed541e0f4c0c0e20008a34843a4e40703f34da1dc885cf508e8041283099,train
vid_src_0002,vid_src_0002_clean_02.mkv,data/generated/video/vid_src_0002_clean_02.mkv,video,0,clean,0.0,e3cf8a00f43032a591e3c0555c9aca8d3c6475ff575832147ad125764e9156a3,train
vid_src_0002,vid_src_0002_stego_frame_lsb_0.40.mkv,data/generated/video/vid_src_0002_stego_frame_lsb_0.40.mkv,video,1,frame_lsb,0.4,d1bbdb33f1428e6d56419ed4ad396374396053f77e3eba2dc0188ed8f67dbab8,train
vid_src_0002,vid_src_0002_stego_frame_lsb_matching_0.10.mkv,data/generated/video/vid_src_0002_stego_frame_lsb_matching_0.10.mkv,video,1,frame_lsb_matching,0.1,38101233e8c09bf17037ec0cb96c282765d8f966f8fdd165514f9ffaadfe1e78,train
vid_src_0003,vid_src_0003_clean_01.mkv,data/generated/video/vid_src_0003_clean_01.mkv,video,0,clean,0.0,98e524253f136e1aae31df3a170a3ed8224a978798d49669662623713ed8e5b5,train
vid_src_0003,vid_src_0003_clean_02.mkv,data/generated/video/vid_src_0003_clean_02.mkv,video,0,clean,0.0,b5cc4fdde51072e37a8d910e54022e66f6e7ad2d74b43457e763f5adfdd2bd82,train
vid_src_0003,vid_src_0003_stego_frame_lsb_matching_0.10.mkv,data/generated/video/vid_src_0003_stego_frame_lsb_matching_0.10.mkv,video,1,frame_lsb_matching,0.1,f4f5ba859a0e49085c159cfd542f39acb8efa75927268c02a223f9eec79aa088,train
vid_src_0003,vid_src_0003_stego_frame_lsb_0.20.mkv,data/generated/video/vid_src_0003_stego_frame_lsb_0.20.mkv,video,1,frame_lsb,0.2,9c79eb1f93d9f3cb858dc53afd5a69844300c7ea6b83bab67a99d7fbe1417498,train
vid_src_0004,vid_src_0004_clean_01.mkv,data/generated/video/vid_src_0004_clean_01.mkv,video,0,clean,0.0,6d9c03f7072c17f7e4789db88f3ee643bc549f22147f5598aeca2b31f3e71883,val
vid_src_0004,vid_src_0004_clean_02.mkv,data/generated/video/vid_src_0004_clean_02.mkv,video,0,clean,0.0,95893b95ad5314d9707e502bb235ff563ea017b6badc9b8ce614f84c8dabe7e5,val
vid_src_0004,vid_src_0004_stego_frame_lsb_0.20.mkv,data/generated/video/vid_src_0004_stego_frame_lsb_0.20.mkv,video,1,frame_lsb,0.2,f1ab43c0e2a000dc16bf5c0e59d0d25a4ccfe5a61ab4a1bd705fd0148caaf684,val
vid_src_0004,vid_src_0004_stego_frame_lsb_matching_0.40.mkv,data/generated/video/vid_src_0004_stego_frame_lsb_matching_0.40.mkv,video,1,frame_lsb_matching,0.4,aa3aeb7d0d91ca8d61f6a2dd1b2b73f5cdcdeee2f59225115ce8fdc3892fa35d,val
vid_src_0005,vid_src_0005_clean_01.mkv,data/generated/video/vid_src_0005_clean_01.mkv,video,0,clean,0.0,a740c5c5ec6e91ab89fc5f992fd595caad15d805eb52adfe963489958d02d321,train
vid_src_0005,vid_src_0005_clean_02.mkv,data/generated/video/vid_src_0005_clean_02.mkv,video,0,clean,0.0,b651157623b97b460ac7c14a6af1e4ab88a7d022048d7f03bf268c8c954ac5d7,train
vid_src_0005,vid_src_0005_stego_frame_lsb_matching_0.40.mkv,data/generated/video/vid_src_0005_stego_frame_lsb_matching_0.40.mkv,video,1,frame_lsb_matching,0.4,0d7529e2ef4a61247f02a4e516825fe5d9d275d7075566ceb027bb63b12dfd8d,train
vid_src_0005,vid_src_0005_stego_frame_lsb_0.10.mkv,data/generated/video/vid_src_0005_stego_frame_lsb_0.10.mkv,video,1,frame_lsb,0.1,7477701afc395aa258300edc7b55b9ff745c255cbb0987bc192772f02d2c36fb,train
vid_src_0006,vid_src_0006_clean_01.mkv,data/generated/video/vid_src_0006_clean_01.mkv,video,0,clean,0.0,520b9d3df417b3331e691414d19dee222c9551aeaee375ab6416f2ff18b35169,train
vid_src_0006,vid_src_0006_clean_02.mkv,data/generated/video/vid_src_0006_clean_02.mkv,video,0,clean,0.0,ccdf40cb685dafe64eb28bfefaa0eed8d2770eef1a31e83238fc19cce55f0053,train
vid_src_0006,vid_src_0006_stego_frame_lsb_0.10.mkv,data/generated/video/vid_src_0006_stego_frame_lsb_0.10.mkv,video,1,frame_lsb,0.1,ea1eb1b02a1a2e994a50fd86bde587728b611b8123f8180e15b675a3e3657dc0,train
vid_src_0006,vid_src_0006_stego_frame_lsb_matching_0.20.mkv,data/generated/video/vid_src_0006_stego_frame_lsb_matching_0.20.mkv,video,1,frame_lsb_matching,0.2,746424b92d4353ef9df946eb8333d6f7380197fd7698b9b0cc43de89261637de,train
vid_src_0007,vid_src_0007_clean_01.mkv,data/generated/video/vid_src_0007_clean_01.mkv,video,0,clean,0.0,9040839bb3522677a1a08a043af6910dc7fe28fa0c45905e536b4fe670b92af7,train
vid_src_0007,vid_src_0007_clean_02.mkv,data/generated/video/vid_src_0007_clean_02.mkv,video,0,clean,0.0,b5cac0cc4b7f3b6263a3472b4d871a64478c3cd708bae4289cbce2474327b8e7,train
vid_src_0007,vid_src_0007_stego_frame_lsb_matching_0.20.mkv,data/generated/video/vid_src_0007_stego_frame_lsb_matching_0.20.mkv,video,1,frame_lsb_matching,0.2,a82458bdb0cd38398b9510499c6986c060e9598c85055641d8b850eaea8f164d,train
vid_src_0007,vid_src_0007_stego_frame_lsb_0.40.mkv,data/generated/video/vid_src_0007_stego_frame_lsb_0.40.mkv,video,1,frame_lsb,0.4,176ddaa88c794eac8d61167a36f42c52b3e747e947c6254b7cb0cfc8b89c63f8,train
vid_src_0008,vid_src_0008_clean_01.mkv,data/generated/video/vid_src_0008_clean_01.mkv,video,0,clean,0.0,840e342e6b64417bf209eec1a692fb3429654079b26f26b99e745bb264a9fc87,train
vid_src_0008,vid_src_0008_clean_02.mkv,data/generated/video/vid_src_0008_clean_02.mkv,video,0,clean,0.0,995bf235a69d3f0b99e303d73c917133c8a1d691d20d1760130644b5a38b3834,train
vid_src_0008,vid_src_0008_stego_frame_lsb_0.40.mkv,data/generated/video/vid_src_0008_stego_frame_lsb_0.40.mkv,video,1,frame_lsb,0.4,fb9bce6673902c04136a42af90155f99f88caf4cd29f407faad0ecadfc73fe5f,train
vid_src_0008,vid_src_0008_stego_frame_lsb_matching_0.10.mkv,data/generated/video/vid_src_0008_stego_frame_lsb_matching_0.10.mkv,video,1,frame_lsb_matching,0.1,1c1f738ab0d01c50fd599fd3dc752629b797a0995a1fbae0cbe905bc46f1053d,train
vid_src_0009,vid_src_0009_clean_01.mkv,data/generated/video/vid_src_0009_clean_01.mkv,video,0,clean,0.0,5ab45974cdf309ca56b716e6fe2b853d5b6dc6441d477fde196511b7d106f388,train
vid_src_0009,vid_src_0009_clean_02.mkv,data/generated/video/vid_src_0009_clean_02.mkv,video,0,clean,0.0,49f8d945d6101549116770174281264a52ac474a15b5bc5795cc798bbf9022e0,train
vid_src_0009,vid_src_0009_stego_frame_lsb_matching_0.10.mkv,data/generated/video/vid_src_0009_stego_frame_lsb_matching_0.10.mkv,video,1,frame_lsb_matching,0.1,231901a26304f5d4b3ccbe479d742f2f61c02d9df10113b3872ab31098c668b4,train
vid_src_0009,vid_src_0009_stego_frame_lsb_0.20.mkv,data/generated/video/vid_src_0009_stego_frame_lsb_0.20.mkv,video,1,frame_lsb,0.2,06109dfcea9bc32cc5c2bc9bbdc39e65903c3d4b77b1452d1c72557bafc1bc52,train
vid_src_0010,vid_src_0010_clean_01.mkv,data/generated/video/vid_src_0010_clean_01.mkv,video,0,clean,0.0,788b8da9a4313139c0a56a183efc9b9fdf018366f0463a4ce75485cddd6e1dc4,train
vid_src_0010,vid_src_0010_clean_02.mkv,data/generated/video/vid_src_0010_clean_02.mkv,video,0,clean,0.0,0b25e49112b0e3acda8250484a65902163a8d55caae30cc65615328bd83a8a72,train
vid_src_0010,vid_src_0010_stego_frame_lsb_0.20.mkv,data/generated/video/vid_src_0010_stego_frame_lsb_0.20.mkv,video,1,frame_lsb,0.2,2ccaf6faa87a9c6965832671f5afa79591ab30d5c872f34d69aaf45b94489e92,train
vid_src_0010,vid_src_0010_stego_frame_lsb_matching_0.40.mkv,data/generated/video/vid_src_0010_stego_frame_lsb_matching_0.40.mkv,video,1,frame_lsb_matching,0.4,ed6f281ab8c216ed0cbc05f8e60f537ad0db33811728a2baa29773b84574c92d,train
vid_src_0011,vid_src_0011_clean_01.mkv,data/generated/video/vid_src_0011_clean_01.mkv,video,0,clean,0.0,582441d6d4149ec58a0219f89f2a144718bd04071cea9c468b3a4c586aeeaee1,train
vid_src_0011,vid_src_0011_clean_02.mkv,data/generated/video/vid_src_0011_clean_02.mkv,video,0,clean,0.0,e41a4deebbb43e6b31e47e2f7eb8a5bb250af6644f9514409dbcb47d277cd486,train
vid_src_0011,vid_src_0011_stego_frame_lsb_matching_0.40.mkv,data/generated/video/vid_src_0011_stego_frame_lsb_matching_0.40.mkv,video,1,frame_lsb_matching,0.4,992f001f3324105cfd70e5e3dfdf196704ed6d12912d2d859d6ff5ce3a3a1c88,train
vid_src_0011,vid_src_0011_stego_frame_lsb_0.10.mkv,data/generated/video/vid_src_0011_stego_frame_lsb_0.10.mkv,video,1,frame_lsb,0.1,9e2ba40b2d392b6334e05cdb2c7b85bfcf637fe191f06420094e30f01d4e709b,train
vid_src_0012,vid_src_0012_clean_01.mkv,data/generated/video/vid_src_0012_clean_01.mkv,video,0,clean,0.0,88c9508c18b040399e9cc726dcef5e6a98b777b7bb0527aaaf5206acfe44d4e4,test
vid_src_0012,vid_src_0012_clean_02.mkv,data/generated/video/vid_src_0012_clean_02.mkv,video,0,clean,0.0,99876ce958c08019dd5794377d2e887b280e77ad6f12d11d9f00b5afce35541f,test
vid_src_0012,vid_src_0012_stego_frame_lsb_0.10.mkv,data/generated/video/vid_src_0012_stego_frame_lsb_0.10.mkv,video,1,frame_lsb,0.1,763076b4ce785c480b7b234832c7c7bccab92e859d0efa1baf7364803aad0d80,test
vid_src_0012,vid_src_0012_stego_frame_lsb_matching_0.20.mkv,data/generated/video/vid_src_0012_stego_frame_lsb_matching_0.20.mkv,video,1,frame_lsb_matching,0.2,dc6769b20e45d29cac5501c19c8503c44a9f7136ac493499be27ca8169384dde,test
vid_src_0013,vid_src_0013_clean_01.mkv,data/generated/video/vid_src_0013_clean_01.mkv,video,0,clean,0.0,2725db84732db081fa4f12a52c0c6bb27f8dea9e52ebdd6b2dd79b9b14f50dbb,train
vid_src_0013,vid_src_0013_clean_02.mkv,data/generated/video/vid_src_0013_clean_02.mkv,video,0,clean,0.0,16371e7e8e65d98cf367a379afd4a621b23aa2226472da98b8cef4b77d1fadfa,train
vid_src_0013,vid_src_0013_stego_frame_lsb_matching_0.20.mkv,data/generated/video/vid_src_0013_stego_frame_lsb_matching_0.20.mkv,video,1,frame_lsb_matching,0.2,5031ddd91e0d9c0ddd9dc6cb8a11095edaf2ce11422b068e76d8495ca8eb31b1,train
vid_src_0013,vid_src_0013_stego_frame_lsb_0.40.mkv,data/generated/video/vid_src_0013_stego_frame_lsb_0.40.mkv,video,1,frame_lsb,0.4,7a44dfdf4cd4f5de46228771bd1b6baa7d1fccf1f162245c8b1abb6ebd5c4ce3,train
vid_src_0014,vid_src_0014_clean_01.mkv,data/generated/video/vid_src_0014_clean_01.mkv,video,0,clean,0.0,0c7dd5c7550c01373273b8c6b96bbfa5c285a6e5ce921586d02ec5f71abfd586,train
vid_src_0014,vid_src_0014_clean_02.mkv,data/generated/video/vid_src_0014_clean_02.mkv,video,0,clean,0.0,3391a63df19438c39a502643703331d2c495e7813042a11f94ceb83efb6c46b7,train
vid_src_0014,vid_src_0014_stego_frame_lsb_0.40.mkv,data/generated/video/vid_src_0014_stego_frame_lsb_0.40.mkv,video,1,frame_lsb,0.4,2bc4948665f285e5ea0d4c1ed419b09e26797b8f27ce6cf9bccc3c25945eb3f6,train
vid_src_0014,vid_src_0014_stego_frame_lsb_matching_0.10.mkv,data/generated/video/vid_src_0014_stego_frame_lsb_matching_0.10.mkv,video,1,frame_lsb_matching,0.1,187336291e540a88438c1dc91597cd236a640bcb531e9a306c49671ef02bb856,train
vid_src_0015,vid_src_0015_clean_01.mkv,data/generated/video/vid_src_0015_clean_01.mkv,video,0,clean,0.0,cd28b4ad0bf4192ee3e84f14e5f756590f555527ca739a733f99c885c3c8dd84,train
vid_src_0015,vid_src_0015_clean_02.mkv,data/generated/video/vid_src_0015_clean_02.mkv,video,0,clean,0.0,c663b13573d5204c046319e04851c550bad21e7f1b7d5296744f14ca69946db4,train
vid_src_0015,vid_src_0015_stego_frame_lsb_matching_0.10.mkv,data/generated/video/vid_src_0015_stego_frame_lsb_matching_0.10.mkv,video,1,frame_lsb_matching,0.1,261791a8edc5d8f174854857abf34099f2dfb6cd2d51a5059e0611eef8833a2f,train
vid_src_0015,vid_src_0015_stego_frame_lsb_0.20.mkv,data/generated/video/vid_src_0015_stego_frame_lsb_0.20.mkv,video,1,frame_lsb,0.2,d2a33631900e47d0c97a51736561396668cae21ef2b89489513fc8ca83feed5b,train
vid_src_0016,vid_src_0016_clean_01.mkv,data/generated/video/vid_src_0016_clean_01.mkv,video,0,clean,0.0,a0491e398ac35d9927363fe9fc05c30c7561bcfa72252f8733a7b51dfa62c8f0,test
vid_src_0016,vid_src_0016_clean_02.mkv,data/generated/video/vid_src_0016_clean_02.mkv,video,0,clean,0.0,85868c024e904a702a6329413c263125481160d26506984b311eb212d42c034a,test
vid_src_0016,vid_src_0016_stego_frame_lsb_0.20.mkv,data/generated/video/vid_src_0016_stego_frame_lsb_0.20.mkv,video,1,frame_lsb,0.2,bb097e2c23cfee6dc56bfceacd23120387a80dfdc2c88fd6def5021ef56cac23,test
vid_src_0016,vid_src_0016_stego_frame_lsb_matching_0.40.mkv,data/generated/video/vid_src_0016_stego_frame_lsb_matching_0.40.mkv,video,1,frame_lsb_matching,0.4,c76c178cad9dadea77fe86be519d3f61fe1e48648251d685f8c5d02ddba4f377,test
vid_src_0017,vid_src_0017_clean_01.mkv,data/generated/video/vid_src_0017_clean_01.mkv,video,0,clean,0.0,5e072f9c83e103a74e2a11d5091222f93c18a54faced4c4f688648009bb02362,test
vid_src_0017,vid_src_0017_clean_02.mkv,data/generated/video/vid_src_0017_clean_02.mkv,video,0,clean,0.0,973ae976beb0cb3e61cefa7be8791832f0e53a086ee79eb66a93b60e9ea98eef,test
vid_src_0017,vid_src_0017_stego_frame_lsb_matching_0.40.mkv,data/generated/video/vid_src_0017_stego_frame_lsb_matching_0.40.mkv,video,1,frame_lsb_matching,0.4,8183a3f7d9c4a0b9b6f83c192b3a35645fb1ef04f833cd0860a7d809a14ef7ae,test
vid_src_0017,vid_src_0017_stego_frame_lsb_0.10.mkv,data/generated/video/vid_src_0017_stego_frame_lsb_0.10.mkv,video,1,frame_lsb,0.1,8ebe65116a8e2a4b83562ded67012ad893365c1618f088f560a9f11fc536f2a6,test
vid_src_0018,vid_src_0018_clean_01.mkv,data/generated/video/vid_src_0018_clean_01.mkv,video,0,clean,0.0,caa945e0c7941f11e3d93df9f7eafb92caf370467e8a6f5cee9c2e653ff32d99,train
vid_src_0018,vid_src_0018_clean_02.mkv,data/generated/video/vid_src_0018_clean_02.mkv,video,0,clean,0.0,c1b57bfd025fa28dcfafbcd374202b9e00aa03ca25ace7acdbd0231270d829af,train
vid_src_0018,vid_src_0018_stego_frame_lsb_0.10.mkv,data/generated/video/vid_src_0018_stego_frame_lsb_0.10.mkv,video,1,frame_lsb,0.1,0aeb6c00ebd49b7f9b0f52a5c3c054992b16cbc79e02c6a97d872ff07b5e4ef7,train
vid_src_0018,vid_src_0018_stego_frame_lsb_matching_0.20.mkv,data/generated/video/vid_src_0018_stego_frame_lsb_matching_0.20.mkv,video,1,frame_lsb_matching,0.2,6addb119e31daf0909566a8465ae5a7885b5e5ca81b14d4a4d4d822fe470fed6,train
vid_src_0019,vid_src_0019_clean_01.mkv,data/generated/video/vid_src_0019_clean_01.mkv,video,0,clean,0.0,8d9de30acdab059e3a367dc216309b1d04e87be03a90edc80a070301c5d80345,val
vid_src_0019,vid_src_0019_clean_02.mkv,data/generated/video/vid_src_0019_clean_02.mkv,video,0,clean,0.0,f76dd280d171cca10bcb0dd4d16195a7293f44084f8a6c66a44964c25440607d,val
vid_src_0019,vid_src_0019_stego_frame_lsb_matching_0.20.mkv,data/generated/video/vid_src_0019_stego_frame_lsb_matching_0.20.mkv,video,1,frame_lsb_matching,0.2,d14ebbfc5954f9d487aa9036c1420fe02cab9b798a65a90ab0d83574b3367662,val
vid_src_0019,vid_src_0019_stego_frame_lsb_0.40.mkv,data/generated/video/vid_src_0019_stego_frame_lsb_0.40.mkv,video,1,frame_lsb,0.4,c2a125c138515cd3012cbdb3a48876b52df89b9b55dc9c0002144fafa809a34f,val
vid_src_0020,vid_src_0020_clean_01.mkv,data/generated/video/vid_src_0020_clean_01.mkv,video,0,clean,0.0,4754fa4c019e0679eef074233d066b948d7923bb28431795f574bc1b9bb17ba5,test
vid_src_0020,vid_src_0020_clean_02.mkv,data/generated/video/vid_src_0020_clean_02.mkv,video,0,clean,0.0,03a9774b1d509ed268e2dc658acd2005351507a1de303ee9f3131c4960451e11,test
vid_src_0020,vid_src_0020_stego_frame_lsb_0.40.mkv,data/generated/video/vid_src_0020_stego_frame_lsb_0.40.mkv,video,1,frame_lsb,0.4,cd5140cbdd5f03c775c8f9bf8e19e32339268b4c693bd858c5a317015f25d2d4,test
vid_src_0020,vid_src_0020_stego_frame_lsb_matching_0.10.mkv,data/generated/video/vid_src_0020_stego_frame_lsb_matching_0.10.mkv,video,1,frame_lsb_matching,0.1,25dea5e9baa93265257b92cbc86e5a5519ae738e4c72271164aa78a77178f7b0,test
vid_src_0021,vid_src_0021_clean_01.mkv,data/generated/video/vid_src_0021_clean_01.mkv,video,0,clean,0.0,f11dcec9e42d62bc036b6c01d0dcb1a6b155840445ddb7fc1eedb814b68e5735,test
vid_src_0021,vid_src_0021_clean_02.mkv,data/generated/video/vid_src_0021_clean_02.mkv,video,0,clean,0.0,0dcd9ef260e37be8e22bd03878c5cc1a77445a090b0b64ecd4cddb37b1e3f621,test
vid_src_0021,vid_src_0021_stego_frame_lsb_matching_0.10.mkv,data/generated/video/vid_src_0021_stego_frame_lsb_matching_0.10.mkv,video,1,frame_lsb_matching,0.1,562bbf5980246d881f0bc6199fca4a3f808530f31ef186ff5e817ef5513b778a,test
vid_src_0021,vid_src_0021_stego_frame_lsb_0.20.mkv,data/generated/video/vid_src_0021_stego_frame_lsb_0.20.mkv,video,1,frame_lsb,0.2,3f9521581205ebd65e91d97efbd15242d58c5b3e77e42b9280ad6cb91e2e1889,test
vid_src_0022,vid_src_0022_clean_01.mkv,data/generated/video/vid_src_0022_clean_01.mkv,video,0,clean,0.0,d1a077a0a9c4b5d428823152145deb6ff188f732a1abc89fceb46f7bb66783dd,train
vid_src_0022,vid_src_0022_clean_02.mkv,data/generated/video/vid_src_0022_clean_02.mkv,video,0,clean,0.0,6b6f34f37783ca6db7fcbdb60a914c6cf230de5e14d5d648ea960a808323ddf3,train
vid_src_0022,vid_src_0022_stego_frame_lsb_0.20.mkv,data/generated/video/vid_src_0022_stego_frame_lsb_0.20.mkv,video,1,frame_lsb,0.2,292022643f429da4a63d0da07e0c5a0891453323c19b347a070000bad60cea30,train
vid_src_0022,vid_src_0022_stego_frame_lsb_matching_0.40.mkv,data/generated/video/vid_src_0022_stego_frame_lsb_matching_0.40.mkv,video,1,frame_lsb_matching,0.4,6c9acf38b638096cea02566a20bc4f74e578cfd833490ec12d435d6019156fed,train
vid_src_0023,vid_src_0023_clean_01.mkv,data/generated/video/vid_src_0023_clean_01.mkv,video,0,clean,0.0,11de0cf31877607b54910e007c0a9a6a0bad5cb36e87d92118836eeb70569896,train
vid_src_0023,vid_src_0023_clean_02.mkv,data/generated/video/vid_src_0023_clean_02.mkv,video,0,clean,0.0,9b29bb160d66dae91c443cca3eec4ec255635cd921eb01d5a52603dfc00f1c5a,train
vid_src_0023,vid_src_0023_stego_frame_lsb_matching_0.40.mkv,data/generated/video/vid_src_0023_stego_frame_lsb_matching_0.40.mkv,video,1,frame_lsb_matching,0.4,c6971508c8d27fff8fa03094bd7b9b9dc820b884f30b5cd254c4246ea4680224,train
vid_src_0023,vid_src_0023_stego_frame_lsb_0.10.mkv,data/generated/video/vid_src_0023_stego_frame_lsb_0.10.mkv,video,1,frame_lsb,0.1,30350f605d1b82fae0eec2660e9d43765beb7595be8b0fe31fabdf775e7bdc05,train
vid_src_0024,vid_src_0024_clean_01.mkv,data/generated/video/vid_src_0024_clean_01.mkv,video,0,clean,0.0,4c1edbaa6bb1fa661f74a1fc2a119b3e4648a8acfd7c58f2d898418a9e68b6ce,train
vid_src_0024,vid_src_0024_clean_02.mkv,data/generated/video/vid_src_0024_clean_02.mkv,video,0,clean,0.0,ed62d7b44caa37ea229d9c3bd189408e1f73fa8d0e2fb945be8b43ff826683d8,train
vid_src_0024,vid_src_0024_stego_frame_lsb_0.10.mkv,data/generated/video/vid_src_0024_stego_frame_lsb_0.10.mkv,video,1,frame_lsb,0.1,03899c6f653148180414d5b62941d2da98de818a9248a29e6db36f16ce39b050,train
vid_src_0024,vid_src_0024_stego_frame_lsb_matching_0.20.mkv,data/generated/video/vid_src_0024_stego_frame_lsb_matching_0.20.mkv,video,1,frame_lsb_matching,0.2,9d73b7f090cb74dd596bb71d31aca0d080b44dab5c6c0e61d45aa007b0c96ca8,train
vid_src_0025,vid_src_0025_clean_01.mkv,data/generated/video/vid_src_0025_clean_01.mkv,video,0,clean,0.0,264920e7ee094cd34a02abcd16e4dd4cec216ed2cb386cbf9e9675e08d921c1d,test
vid_src_0025,vid_src_0025_clean_02.mkv,data/generated/video/vid_src_0025_clean_02.mkv,video,0,clean,0.0,2bea234f648f679c9f6e755c3991d55b5a2df6909bf4a046949a3cd0bbb494a1,test
vid_src_0025,vid_src_0025_stego_frame_lsb_matching_0.20.mkv,data/generated/video/vid_src_0025_stego_frame_lsb_matching_0.20.mkv,video,1,frame_lsb_matching,0.2,468ff61aceeac98732e9039ebb359c9feb05dfd0211b8672c357700073e41e4f,test
vid_src_0025,vid_src_0025_stego_frame_lsb_0.40.mkv,data/generated/video/vid_src_0025_stego_frame_lsb_0.40.mkv,video,1,frame_lsb,0.4,ebc474a724d774adaffd87ddfa17b940425c71d08d90c48f3145ca64ca50a98b,test
vid_src_0026,vid_src_0026_clean_01.mkv,data/generated/video/vid_src_0026_clean_01.mkv,video,0,clean,0.0,a2f1085ee322cc8fa1b04b947adf6cb42feb254a797979ecb4657961e24fb0da,train
vid_src_0026,vid_src_0026_clean_02.mkv,data/generated/video/vid_src_0026_clean_02.mkv,video,0,clean,0.0,c85ad3a149c6e7fd022ff03007fea751fd17190320c3a83d7b45fa94f1343314,train
vid_src_0026,vid_src_0026_stego_frame_lsb_0.40.mkv,data/generated/video/vid_src_0026_stego_frame_lsb_0.40.mkv,video,1,frame_lsb,0.4,e0bd6bff18f89c43def055799dffd0d2aa0a24fd2bd479d43f375ad84f3e58d6,train
vid_src_0026,vid_src_0026_stego_frame_lsb_matching_0.10.mkv,data/generated/video/vid_src_0026_stego_frame_lsb_matching_0.10.mkv,video,1,frame_lsb_matching,0.1,926b79179645f2aa48fb2dcd43fb1832e0d27ccf25fcf731e6631bb1c6049051,train
vid_src_0027,vid_src_0027_clean_01.mkv,data/generated/video/vid_src_0027_clean_01.mkv,video,0,clean,0.0,c3695879c47de9045edbb85beafded825045350d6b2da4733f371bcb8d3dc13b,val
vid_src_0027,vid_src_0027_clean_02.mkv,data/generated/video/vid_src_0027_clean_02.mkv,video,0,clean,0.0,f1410c2399b5bbbe955e4d44672185f4d9cc5d80b7df2f967e6a33101b76b1f6,val
vid_src_0027,vid_src_0027_stego_frame_lsb_matching_0.10.mkv,data/generated/video/vid_src_0027_stego_frame_lsb_matching_0.10.mkv,video,1,frame_lsb_matching,0.1,a3ddc1a6d51b3552bc5eb5637b8ec54551da8c86c2094ba71b47a47e95ec74d4,val
vid_src_0027,vid_src_0027_stego_frame_lsb_0.20.mkv,data/generated/video/vid_src_0027_stego_frame_lsb_0.20.mkv,video,1,frame_lsb,0.2,9a4177ccd8ac04e39b786024c6df08ae4ddf205dbfb76c7f458298da441e7ce9,val
vid_src_0028,vid_src_0028_clean_01.mkv,data/generated/video/vid_src_0028_clean_01.mkv,video,0,clean,0.0,2177a42c64d9068a88e56e98c6246697b6860247cb5618a2778c227067c4c9d4,test
vid_src_0028,vid_src_0028_clean_02.mkv,data/generated/video/vid_src_0028_clean_02.mkv,video,0,clean,0.0,5491ade7e3aa063b2dff140513a2974a73ca320b16c10f286c295d695cc9fa0d,test
vid_src_0028,vid_src_0028_stego_frame_lsb_0.20.mkv,data/generated/video/vid_src_0028_stego_frame_lsb_0.20.mkv,video,1,frame_lsb,0.2,bb03acd56dec456f2222cf561e0c834fd12fa3d18d3a0ee98f6db106634ddfdf,test
vid_src_0028,vid_src_0028_stego_frame_lsb_matching_0.40.mkv,data/generated/video/vid_src_0028_stego_frame_lsb_matching_0.40.mkv,video,1,frame_lsb_matching,0.4,1688234f19a82a9a4d85bef7dd2c324e28988b6bda28d083c4c0c088a846bebd,test
vid_src_0029,vid_src_0029_clean_01.mkv,data/generated/video/vid_src_0029_clean_01.mkv,video,0,clean,0.0,0a5ce1b5e921c46672476dc7ad993deb7708bfd18e2790a0adeee872dc8e5ad0,train
vid_src_0029,vid_src_0029_clean_02.mkv,data/generated/video/vid_src_0029_clean_02.mkv,video,0,clean,0.0,8965b8d45990caf8b8ad48b5b2cff897fe09c5c068cbb553c662e371d0f846b3,train
vid_src_0029,vid_src_0029_stego_frame_lsb_matching_0.40.mkv,data/generated/video/vid_src_0029_stego_frame_lsb_matching_0.40.mkv,video,1,frame_lsb_matching,0.4,7359eb94dc9f8a8e8adbead74c19f4815bb00283048d652ea29df5e7d94efcde,train
vid_src_0029,vid_src_0029_stego_frame_lsb_0.10.mkv,data/generated/video/vid_src_0029_stego_frame_lsb_0.10.mkv,video,1,frame_lsb,0.1,162271e337f331791d95c62b8451bfd9efc5e92302c3a4ed560e44102a693475,train
vid_src_0030,vid_src_0030_clean_01.mkv,data/generated/video/vid_src_0030_clean_01.mkv,video,0,clean,0.0,4637a12d9fd37314e3478647104f1f51ab7246ac08240647a10218e8a85dcf88,train
vid_src_0030,vid_src_0030_clean_02.mkv,data/generated/video/vid_src_0030_clean_02.mkv,video,0,clean,0.0,6722ef3c9791aebce1eb66a989fdec2e690fa667398588ddc03733d35b60f8cb,train
vid_src_0030,vid_src_0030_stego_frame_lsb_0.10.mkv,data/generated/video/vid_src_0030_stego_frame_lsb_0.10.mkv,video,1,frame_lsb,0.1,80c4965ca46209abdef110f83d01d092defddce9c20a82e66fa7f762ff73b88b,train
vid_src_0030,vid_src_0030_stego_frame_lsb_matching_0.20.mkv,data/generated/video/vid_src_0030_stego_frame_lsb_matching_0.20.mkv,video,1,frame_lsb_matching,0.2,304f69f57bb203c5d2c3b7e2ccdbd789349a5a8aaa72d8d7459109e636708222,train
vid_src_0031,vid_src_0031_clean_01.mkv,data/generated/video/vid_src_0031_clean_01.mkv,video,0,clean,0.0,1ed22522d70dc11b9a7c235504f285f8f6b96e005ef38eefa0fe6dcafddf376a,train
vid_src_0031,vid_src_0031_clean_02.mkv,data/generated/video/vid_src_0031_clean_02.mkv,video,0,clean,0.0,fadd7295da60e3697097fb8ed19d420d3649c997c71e71d5280113bdba8f4b3e,train
vid_src_0031,vid_src_0031_stego_frame_lsb_matching_0.20.mkv,data/generated/video/vid_src_0031_stego_frame_lsb_matching_0.20.mkv,video,1,frame_lsb_matching,0.2,a86404c093c3de1bcd867d48cb44a49fd587372175222c3d9aa85df17f38dd2d,train
vid_src_0031,vid_src_0031_stego_frame_lsb_0.40.mkv,data/generated/video/vid_src_0031_stego_frame_lsb_0.40.mkv,video,1,frame_lsb,0.4,f154c16d0e4618336c32814c143e7b64d86687d11135b5aa3e176c6fa235eac8,train
vid_src_0032,vid_src_0032_clean_01.mkv,data/generated/video/vid_src_0032_clean_01.mkv,video,0,clean,0.0,26bc4e8235a5806c492d70774f34e84502746857334c161812f7913ba6cd5a23,train
vid_src_0032,vid_src_0032_clean_02.mkv,data/generated/video/vid_src_0032_clean_02.mkv,video,0,clean,0.0,1ed3c1c20a6939fd681625495af95bb8b93a2552444611d04f5b48f29314b751,train
vid_src_0032,vid_src_0032_stego_frame_lsb_0.40.mkv,data/generated/video/vid_src_0032_stego_frame_lsb_0.40.mkv,video,1,frame_lsb,0.4,7d29631632a05a2d801e44cad3f16a263f44e48476c04ec906a50356f9922836,train
vid_src_0032,vid_src_0032_stego_frame_lsb_matching_0.10.mkv,data/generated/video/vid_src_0032_stego_frame_lsb_matching_0.10.mkv,video,1,frame_lsb_matching,0.1,e8efe26f650340a7ab0dba0481bb63a655fdb44e860a8b64ca7ef32984d52a75,train
vid_src_0033,vid_src_0033_clean_01.mkv,data/generated/video/vid_src_0033_clean_01.mkv,video,0,clean,0.0,a40062fd55129589f2394e2b326660176b11dbd900c9652cb2131443b92d84ec,train
vid_src_0033,vid_src_0033_clean_02.mkv,data/generated/video/vid_src_0033_clean_02.mkv,video,0,clean,0.0,a159d3077a082a028de9d215d9d2074afe2432befb6c35295ae35cb197ee725c,train
vid_src_0033,vid_src_0033_stego_frame_lsb_matching_0.10.mkv,data/generated/video/vid_src_0033_stego_frame_lsb_matching_0.10.mkv,video,1,frame_lsb_matching,0.1,874dcd624e27a495ea910bd1ea70e6d54dae782a5da8eb4143abf2e0a6045a90,train
vid_src_0033,vid_src_0033_stego_frame_lsb_0.20.mkv,data/generated/video/vid_src_0033_stego_frame_lsb_0.20.mkv,video,1,frame_lsb,0.2,b0ffdb585f9a613826fe33170327a99ed70498212d7bdb5e1fe48edd7379d2c9,train
vid_src_0034,vid_src_0034_clean_01.mkv,data/generated/video/vid_src_0034_clean_01.mkv,video,0,clean,0.0,77159453a4ae17a2052f7fb59fb82ed22640254d9e7f27cf4ff273dc4d5e8563,test
vid_src_0034,vid_src_0034_clean_02.mkv,data/generated/video/vid_src_0034_clean_02.mkv,video,0,clean,0.0,8c6c2833e0f2a495e93d141e89b6d03e37d3aa0015c51c4eadcb567af1b20711,test
vid_src_0034,vid_src_0034_stego_frame_lsb_0.20.mkv,data/generated/video/vid_src_0034_stego_frame_lsb_0.20.mkv,video,1,frame_lsb,0.2,8980f913a6337d47ddd2bf00dacb06208ea787090544509b6d2b401328f05acd,test
vid_src_0034,vid_src_0034_stego_frame_lsb_matching_0.40.mkv,data/generated/video/vid_src_0034_stego_frame_lsb_matching_0.40.mkv,video,1,frame_lsb_matching,0.4,5a727efc657fa634063e04a36e0d68d929b3284e8d0254d0bd71c15807652c84,test
vid_src_0035,vid_src_0035_clean_01.mkv,data/generated/video/vid_src_0035_clean_01.mkv,video,0,clean,0.0,cfeeb9cdab56982ba76f97eff2efeb136f5224b527afc4578fbbe83fcbebad5c,train
vid_src_0035,vid_src_0035_clean_02.mkv,data/generated/video/vid_src_0035_clean_02.mkv,video,0,clean,0.0,ec16ea73c7e368a341dbfe58a26cf929c057d4b0a5986676a1f2174ba833fc3b,train
vid_src_0035,vid_src_0035_stego_frame_lsb_matching_0.40.mkv,data/generated/video/vid_src_0035_stego_frame_lsb_matching_0.40.mkv,video,1,frame_lsb_matching,0.4,59d8e959e5ec7a3cbad212f119f1979c65774df0b84c093c3eb492eab83c485b,train
vid_src_0035,vid_src_0035_stego_frame_lsb_0.10.mkv,data/generated/video/vid_src_0035_stego_frame_lsb_0.10.mkv,video,1,frame_lsb,0.1,7615cd5bfef11fd639580cd16c90371b46b265bec21f2f14a247b970dbc87dba,train
vid_src_0036,vid_src_0036_clean_01.mkv,data/generated/video/vid_src_0036_clean_01.mkv,video,0,clean,0.0,47b2cf6abdaffa28bb8bc968fd49e6bd392b020118c9b905f6544f4f0e83e0ec,train
vid_src_0036,vid_src_0036_clean_02.mkv,data/generated/video/vid_src_0036_clean_02.mkv,video,0,clean,0.0,16691a021e5027bbd95da80afcf8353e67729b0841436721931d2ec6e12d209e,train
vid_src_0036,vid_src_0036_stego_frame_lsb_0.10.mkv,data/generated/video/vid_src_0036_stego_frame_lsb_0.10.mkv,video,1,frame_lsb,0.1,f1d99b04950212866ca6d395735a0395124d44f6712a5952db35a7e30646015e,train
vid_src_0036,vid_src_0036_stego_frame_lsb_matching_0.20.mkv,data/generated/video/vid_src_0036_stego_frame_lsb_matching_0.20.mkv,video,1,frame_lsb_matching,0.2,b9feee904f9047acf6dedc6cad92e0b6144e7d8ea658be04d479b3b5128f3fb8,train
vid_src_0037,vid_src_0037_clean_01.mkv,data/generated/video/vid_src_0037_clean_01.mkv,video,0,clean,0.0,2a5f70afe8884643282f10d9b1133b89811d506ca929de43f37c47267e1c982d,test
vid_src_0037,vid_src_0037_clean_02.mkv,data/generated/video/vid_src_0037_clean_02.mkv,video,0,clean,0.0,ef101935d6207a611dd892df4d20c88f8b1d62e5862899c73568a5c64f45c63c,test
vid_src_0037,vid_src_0037_stego_frame_lsb_matching_0.20.mkv,data/generated/video/vid_src_0037_stego_frame_lsb_matching_0.20.mkv,video,1,frame_lsb_matching,0.2,ef983798190f2362e81f0f91153d2b65a4684ef20a97a7aa2fe171120bf0fd16,test
vid_src_0037,vid_src_0037_stego_frame_lsb_0.40.mkv,data/generated/video/vid_src_0037_stego_frame_lsb_0.40.mkv,video,1,frame_lsb,0.4,f9b4fc6bad45f77874fc17802c9daff8d8924a30f9c437f6c2e24770192a150d,test
vid_src_0038,vid_src_0038_clean_01.mkv,data/generated/video/vid_src_0038_clean_01.mkv,video,0,clean,0.0,3ae63e929186ad6e8d3623e797d9a871a94a6b2d0e5ee3223062ca31a511b290,test
vid_src_0038,vid_src_0038_clean_02.mkv,data/generated/video/vid_src_0038_clean_02.mkv,video,0,clean,0.0,92f86c602b14075cd49037c90aa0abe55ff8c106601a824a63c3c794252c4d2e,test
vid_src_0038,vid_src_0038_stego_frame_lsb_0.40.mkv,data/generated/video/vid_src_0038_stego_frame_lsb_0.40.mkv,video,1,frame_lsb,0.4,ea3e55edda7fa170f8359874a5d86fd89511b649312d5a5ff39b9f8a07d193d6,test
vid_src_0038,vid_src_0038_stego_frame_lsb_matching_0.10.mkv,data/generated/video/vid_src_0038_stego_frame_lsb_matching_0.10.mkv,video,1,frame_lsb_matching,0.1,759ec0b2c975609b2e2f41d221bc99f3c3fd570bc73f553e96b50b584f35d3ff,test
vid_src_0039,vid_src_0039_clean_01.mkv,data/generated/video/vid_src_0039_clean_01.mkv,video,0,clean,0.0,a6ac478545a9f9f6e566498ed3fd403f73488f69b22cd1c1ace97c4b17b133da,val
vid_src_0039,vid_src_0039_clean_02.mkv,data/generated/video/vid_src_0039_clean_02.mkv,video,0,clean,0.0,c6489068ca23162e4948b4ba9862af6d50fe6b1de36452914a3f43f251c3ecac,val
vid_src_0039,vid_src_0039_stego_frame_lsb_matching_0.10.mkv,data/generated/video/vid_src_0039_stego_frame_lsb_matching_0.10.mkv,video,1,frame_lsb_matching,0.1,e6b80ae38ce47c884f94483e0a45c3af96b469988a6023b5385f50113e8b0885,val
vid_src_0039,vid_src_0039_stego_frame_lsb_0.20.mkv,data/generated/video/vid_src_0039_stego_frame_lsb_0.20.mkv,video,1,frame_lsb,0.2,bb873cb6a8dc82af8ba4d7fbe1e3092e109eadcaea7b2f98094c2b468999191d,val
vid_src_0040,vid_src_0040_clean_01.mkv,data/generated/video/vid_src_0040_clean_01.mkv,video,0,clean,0.0,23247c3686fc3d75ff7bff917b3af74e28668586780453e7af0707887b350b3e,train
vid_src_0040,vid_src_0040_clean_02.mkv,data/generated/video/vid_src_0040_clean_02.mkv,video,0,clean,0.0,c68b3aec5094edd3cb346fd883b9ad974183c3a086bea7781c1c9c984bfbd9bf,train
vid_src_0040,vid_src_0040_stego_frame_lsb_0.20.mkv,data/generated/video/vid_src_0040_stego_frame_lsb_0.20.mkv,video,1,frame_lsb,0.2,4e4b2a02bfb65e028988794fae4dfa7b1a8c59f708cf68565689ec9da3f69abd,train
vid_src_0040,vid_src_0040_stego_frame_lsb_matching_0.40.mkv,data/generated/video/vid_src_0040_stego_frame_lsb_matching_0.40.mkv,video,1,frame_lsb_matching,0.4,98a286b60b795c09d179e396887cdbb732d8ca3d59fea8837acf05d0fb6ef1ff,train
vid_src_0041,vid_src_0041_clean_01.mkv,data/generated/video/vid_src_0041_clean_01.mkv,video,0,clean,0.0,db42e88c90af37adc1322c4ecc4ebec59d0d377b2a429ccf4ff771c3599a54e2,train
vid_src_0041,vid_src_0041_clean_02.mkv,data/generated/video/vid_src_0041_clean_02.mkv,video,0,clean,0.0,7d58989a74a4c8396bffddf3c69b4a8540b79b53b0af946bfd483ae3b9884ace,train
vid_src_0041,vid_src_0041_stego_frame_lsb_matching_0.40.mkv,data/generated/video/vid_src_0041_stego_frame_lsb_matching_0.40.mkv,video,1,frame_lsb_matching,0.4,f6d5747976be4d95acdba7007c20cd16f058da821fcf258ee587d11dcfddfe27,train
vid_src_0041,vid_src_0041_stego_frame_lsb_0.10.mkv,data/generated/video/vid_src_0041_stego_frame_lsb_0.10.mkv,video,1,frame_lsb,0.1,6cd7ee6f494ffb59576fbcf58881fcd1adc630aa0353d1f1c7650d9c08f2831c,train
vid_src_0042,vid_src_0042_clean_01.mkv,data/generated/video/vid_src_0042_clean_01.mkv,video,0,clean,0.0,1b4c2f1edbf0ed5037084bb445140aaf6381a6b10f0b25aec1a9e75a4858549b,train
vid_src_0042,vid_src_0042_clean_02.mkv,data/generated/video/vid_src_0042_clean_02.mkv,video,0,clean,0.0,2d067670dd95ea04c1355c95abc6aa87a3526b7a7147eeb1455241db1da53684,train
vid_src_0042,vid_src_0042_stego_frame_lsb_0.10.mkv,data/generated/video/vid_src_0042_stego_frame_lsb_0.10.mkv,video,1,frame_lsb,0.1,7e1de0b9c5022d61d7f667d4a6cf8f0e1d07a8121a7366cafff98bfca6746c8b,train
vid_src_0042,vid_src_0042_stego_frame_lsb_matching_0.20.mkv,data/generated/video/vid_src_0042_stego_frame_lsb_matching_0.20.mkv,video,1,frame_lsb_matching,0.2,763dcb48230dd49dac689648ea078a0ff31c830017c29726191fe340bb7aad40,train
vid_src_0043,vid_src_0043_clean_01.mkv,data/generated/video/vid_src_0043_clean_01.mkv,video,0,clean,0.0,28242c9598f944c4733feacba2ab4fe5b430cca38ce581ef14f79f204b04e078,train
vid_src_0043,vid_src_0043_clean_02.mkv,data/generated/video/vid_src_0043_clean_02.mkv,video,0,clean,0.0,b99018bcb04ce37bb3168f9e563507ab84be6532dfd12807d97daae9b0584838,train
vid_src_0043,vid_src_0043_stego_frame_lsb_matching_0.20.mkv,data/generated/video/vid_src_0043_stego_frame_lsb_matching_0.20.mkv,video,1,frame_lsb_matching,0.2,e2554de335796e616e4821b5df7ec618efa5e6a3c8c628be6d0b78bce153f95c,train
vid_src_0043,vid_src_0043_stego_frame_lsb_0.40.mkv,data/generated/video/vid_src_0043_stego_frame_lsb_0.40.mkv,video,1,frame_lsb,0.4,b07e6897d9846e52d4100cbbaa52297db65b7e2e0ded46db9de7d5c889074367,train
vid_src_0044,vid_src_0044_clean_01.mkv,data/generated/video/vid_src_0044_clean_01.mkv,video,0,clean,0.0,5df52dd7239fef9f221adb34a6132ca327f8129a36e68afc48f7e0783c5f27e1,test
vid_src_0044,vid_src_0044_clean_02.mkv,data/generated/video/vid_src_0044_clean_02.mkv,video,0,clean,0.0,4008de6aeb368968ba769ed3e4e29c2093388c621c9e7fb0790d9550c3cbd913,test
vid_src_0044,vid_src_0044_stego_frame_lsb_0.40.mkv,data/generated/video/vid_src_0044_stego_frame_lsb_0.40.mkv,video,1,frame_lsb,0.4,489d459a3680c6ff64054c952238146b5afca15f6d8f7e5990a968ad85b8e900,test
vid_src_0044,vid_src_0044_stego_frame_lsb_matching_0.10.mkv,data/generated/video/vid_src_0044_stego_frame_lsb_matching_0.10.mkv,video,1,frame_lsb_matching,0.1,5ba3b61ffded4a76b289dd6d2f2286afd9e5173b61adf2e40b9794c41ed85d96,test
vid_src_0045,vid_src_0045_clean_01.mkv,data/generated/video/vid_src_0045_clean_01.mkv,video,0,clean,0.0,3336dd8a1d3e476e6228a3a9fa2c46fa04628d88d7ca12160070721063b077b5,train
vid_src_0045,vid_src_0045_clean_02.mkv,data/generated/video/vid_src_0045_clean_02.mkv,video,0,clean,0.0,271efd1c12fedd5851947898e7613c43df123bd69f13d7816d76ede677673918,train
vid_src_0045,vid_src_0045_stego_frame_lsb_matching_0.10.mkv,data/generated/video/vid_src_0045_stego_frame_lsb_matching_0.10.mkv,video,1,frame_lsb_matching,0.1,08be67bd7d5a312f9c231ebc509df08647c4ee6fe19ccd286aa7ee2a01950393,train
vid_src_0045,vid_src_0045_stego_frame_lsb_0.20.mkv,data/generated/video/vid_src_0045_stego_frame_lsb_0.20.mkv,video,1,frame_lsb,0.2,41025ca5c6abb0e8c72e46273e3972445f2519fc82ab774db97a24be7b1a36ff,train
vid_src_0046,vid_src_0046_clean_01.mkv,data/generated/video/vid_src_0046_clean_01.mkv,video,0,clean,0.0,a51faf8cfe540386ebcb88a4fb26accef4e903e9a8f4f0a99ff127d15a58fb5e,train
vid_src_0046,vid_src_0046_clean_02.mkv,data/generated/video/vid_src_0046_clean_02.mkv,video,0,clean,0.0,3e59db1f260a5a28b81d02c7eeb7a0e7b2d8b619637a320cc3ecffd0cda4dbf4,train
vid_src_0046,vid_src_0046_stego_frame_lsb_0.20.mkv,data/generated/video/vid_src_0046_stego_frame_lsb_0.20.mkv,video,1,frame_lsb,0.2,67ee1d290811dc78a163420c2d527c6a115fa2f632027256812e4bcfff7bb3b6,train
vid_src_0046,vid_src_0046_stego_frame_lsb_matching_0.40.mkv,data/generated/video/vid_src_0046_stego_frame_lsb_matching_0.40.mkv,video,1,frame_lsb_matching,0.4,b26408c53ea107353f7a51cdeb869a0ff99074dd03a3452808c7b8edf05e65b3,train
vid_src_0047,vid_src_0047_clean_01.mkv,data/generated/video/vid_src_0047_clean_01.mkv,video,0,clean,0.0,50963fdcb1da6d741330a5c0ab2db52dcac1053c5b577330112df4e597e07c77,train
vid_src_0047,vid_src_0047_clean_02.mkv,data/generated/video/vid_src_0047_clean_02.mkv,video,0,clean,0.0,3a45ccf26d0da4ac90d80166fad1b78aefe6a9f1daeb368408bbb6afd3cc7e3d,train
vid_src_0047,vid_src_0047_stego_frame_lsb_matching_0.40.mkv,data/generated/video/vid_src_0047_stego_frame_lsb_matching_0.40.mkv,video,1,frame_lsb_matching,0.4,4ee8784de59406035bf77aa92b053ac6d81c13cd4e7c0b81a998bf7c1fddf34f,train
vid_src_0047,vid_src_0047_stego_frame_lsb_0.10.mkv,data/generated/video/vid_src_0047_stego_frame_lsb_0.10.mkv,video,1,frame_lsb,0.1,c9f5d99057d06d97dcd6bf2c3546f54102d48b90f4d7494e265a63d8da4f6a3e,train
vid_src_0048,vid_src_0048_clean_01.mkv,data/generated/video/vid_src_0048_clean_01.mkv,video,0,clean,0.0,5959dd066d098c16f5d60364198d06e181ad83ce87bfde11948f4a8660645347,train
vid_src_0048,vid_src_0048_clean_02.mkv,data/generated/video/vid_src_0048_clean_02.mkv,video,0,clean,0.0,21431eca72672f4e44d5057542ddd644b185c3633c100a045eac6a55856513a3,train
vid_src_0048,vid_src_0048_stego_frame_lsb_0.10.mkv,data/generated/video/vid_src_0048_stego_frame_lsb_0.10.mkv,video,1,frame_lsb,0.1,908892d5f2fef85b2853d79ad4ab9e7d7db60ec9a454ebdc410027dc6da3c198,train
vid_src_0048,vid_src_0048_stego_frame_lsb_matching_0.20.mkv,data/generated/video/vid_src_0048_stego_frame_lsb_matching_0.20.mkv,video,1,frame_lsb_matching,0.2,0012cc4ea4a8209579ccec60e070d67040ef28d194c6533c316a1da3c51dac92,train
vid_src_0049,vid_src_0049_clean_01.mkv,data/generated/video/vid_src_0049_clean_01.mkv,video,0,clean,0.0,200b0e2bd45459f6e8e5fc61bed9847167e2e9150ddc2c37f5c7501d9e707538,train
vid_src_0049,vid_src_0049_clean_02.mkv,data/generated/video/vid_src_0049_clean_02.mkv,video,0,clean,0.0,245d97afd8b0449b2e72b72499b2df0cebe71a146be454ae1d4e22d6583e5002,train
vid_src_0049,vid_src_0049_stego_frame_lsb_matching_0.20.mkv,data/generated/video/vid_src_0049_stego_frame_lsb_matching_0.20.mkv,video,1,frame_lsb_matching,0.2,0877537bf80aae86aa7106091dc07f9c37b77d7048adc022810500bb42e6e461,train
vid_src_0049,vid_src_0049_stego_frame_lsb_0.40.mkv,data/generated/video/vid_src_0049_stego_frame_lsb_0.40.mkv,video,1,frame_lsb,0.4,16c5fa7c1328371b030676748053116a2c42dd2f0384776d2b86c6e5f6ebbae8,train
vid_src_0050,vid_src_0050_clean_01.mkv,data/generated/video/vid_src_0050_clean_01.mkv,video,0,clean,0.0,2b6caab661e7dc94d327c00cbb9d3c3600404a008b85ddadf3b07e6056914f91,train
vid_src_0050,vid_src_0050_clean_02.mkv,data/generated/video/vid_src_0050_clean_02.mkv,video,0,clean,0.0,1a80376632899ea1e93bb1f521cc644c4d7a133d8b21b68df1994cf92785d5df,train
vid_src_0050,vid_src_0050_stego_frame_lsb_0.40.mkv,data/generated/video/vid_src_0050_stego_frame_lsb_0.40.mkv,video,1,frame_lsb,0.4,44732c926d4a14ddf2651749d20e67dae1587d9b08a3ea13bd8b61ff6b97913d,train
vid_src_0050,vid_src_0050_stego_frame_lsb_matching_0.10.mkv,data/generated/video/vid_src_0050_stego_frame_lsb_matching_0.10.mkv,video,1,frame_lsb_matching,0.1,80fc1be3c960a37a6b7d4a6c24eace02bc977ddd8beb0729459339fcbf8e433d,train
vid_src_0051,vid_src_0051_clean_01.mkv,data/generated/video/vid_src_0051_clean_01.mkv,video,0,clean,0.0,4e70147f5fafcb6d9bc983503a390c320ec030e498dbd6da2caa92e8da2cee77,test
vid_src_0051,vid_src_0051_clean_02.mkv,data/generated/video/vid_src_0051_clean_02.mkv,video,0,clean,0.0,777889ffc4247771f22ede8806ff4c01d4b2d3d19d461b7bff1d41c5a864b9df,test
vid_src_0051,vid_src_0051_stego_frame_lsb_matching_0.10.mkv,data/generated/video/vid_src_0051_stego_frame_lsb_matching_0.10.mkv,video,1,frame_lsb_matching,0.1,06589fc5b0fdac2bd8b2955c5b7e8121f139c9157e7bb3048b245c92e59ae6ce,test
vid_src_0051,vid_src_0051_stego_frame_lsb_0.20.mkv,data/generated/video/vid_src_0051_stego_frame_lsb_0.20.mkv,video,1,frame_lsb,0.2,b8e4280c738ab94711d0363a87f6850ed3c384ba8f2fab4aa7aed48a813b0b60,test
vid_src_0052,vid_src_0052_clean_01.mkv,data/generated/video/vid_src_0052_clean_01.mkv,video,0,clean,0.0,3e5a5d7fb49d8e9ee3f95a325e868d5c8d2a28cd1ff56def3ea24de305679fbd,train
vid_src_0052,vid_src_0052_clean_02.mkv,data/generated/video/vid_src_0052_clean_02.mkv,video,0,clean,0.0,e0380b1cdb0e63c413475effd91570d0c2e4fa56d1a7bcad4ee49b4e5c778c65,train
vid_src_0052,vid_src_0052_stego_frame_lsb_0.20.mkv,data/generated/video/vid_src_0052_stego_frame_lsb_0.20.mkv,video,1,frame_lsb,0.2,a6c3c309142c6a1c37e11dbc25c2d8a53cac02c19e6f219e8336285090e2cb70,train
vid_src_0052,vid_src_0052_stego_frame_lsb_matching_0.40.mkv,data/generated/video/vid_src_0052_stego_frame_lsb_matching_0.40.mkv,video,1,frame_lsb_matching,0.4,ce278a394714b97039c0789b0ee2fafd6de686d99c5fde960ff1c3021000ee87,train
vid_src_0053,vid_src_0053_clean_01.mkv,data/generated/video/vid_src_0053_clean_01.mkv,video,0,clean,0.0,ae8827a763a2621377654862033463b382a42b50356f3a5d7c34079f47316ef1,train
vid_src_0053,vid_src_0053_clean_02.mkv,data/generated/video/vid_src_0053_clean_02.mkv,video,0,clean,0.0,3f2f070358e4e9e7fdbf1a7291e5123d128cab4a427d7f449241717d6010cd6d,train
vid_src_0053,vid_src_0053_stego_frame_lsb_matching_0.40.mkv,data/generated/video/vid_src_0053_stego_frame_lsb_matching_0.40.mkv,video,1,frame_lsb_matching,0.4,327618423d6e4444ea1661792cc58a94fd01f85d032a8c91fc8244e9fb79f5bb,train
vid_src_0053,vid_src_0053_stego_frame_lsb_0.10.mkv,data/generated/video/vid_src_0053_stego_frame_lsb_0.10.mkv,video,1,frame_lsb,0.1,59bde07e217da5086bfbc4aaa09a72e616628221fbd66302670df0737e0fc1fe,train
vid_src_0054,vid_src_0054_clean_01.mkv,data/generated/video/vid_src_0054_clean_01.mkv,video,0,clean,0.0,f65d116e5099cd657aab70fb8e1ef7bddca908b7c8f7fc11a80ef2597b07b0de,train
vid_src_0054,vid_src_0054_clean_02.mkv,data/generated/video/vid_src_0054_clean_02.mkv,video,0,clean,0.0,59419f87c64df30db97af6486264590bd172d555946c312f320a352247cc1a30,train
vid_src_0054,vid_src_0054_stego_frame_lsb_0.10.mkv,data/generated/video/vid_src_0054_stego_frame_lsb_0.10.mkv,video,1,frame_lsb,0.1,af3b0202231bf2bdd1bd536dfdc6b88c35156c065704cca1b56075dbfe026b61,train
vid_src_0054,vid_src_0054_stego_frame_lsb_matching_0.20.mkv,data/generated/video/vid_src_0054_stego_frame_lsb_matching_0.20.mkv,video,1,frame_lsb_matching,0.2,645fd69d84aa31f31b0f13dc66d61a7faeb42e8229080400178965ae72197b76,train
vid_src_0055,vid_src_0055_clean_01.mkv,data/generated/video/vid_src_0055_clean_01.mkv,video,0,clean,0.0,f27a6e91586b4b6378c5e4ada73bd9aa93560a3ff477823b1d11aaa221e0d804,test
vid_src_0055,vid_src_0055_clean_02.mkv,data/generated/video/vid_src_0055_clean_02.mkv,video,0,clean,0.0,344b812709973c05c95938658f350fe204b2151d7cbc1155d99bf32c969be34e,test
vid_src_0055,vid_src_0055_stego_frame_lsb_matching_0.20.mkv,data/generated/video/vid_src_0055_stego_frame_lsb_matching_0.20.mkv,video,1,frame_lsb_matching,0.2,5e0c25d8eb07f0fd1906149df9049b75a8addf85f3913ff577fd5bd5f98e04a6,test
vid_src_0055,vid_src_0055_stego_frame_lsb_0.40.mkv,data/generated/video/vid_src_0055_stego_frame_lsb_0.40.mkv,video,1,frame_lsb,0.4,6f44411fede39731c5e7ceaeec1071ea28c86ba33e83a956c1705519a2984bf6,test
vid_src_0056,vid_src_0056_clean_01.mkv,data/generated/video/vid_src_0056_clean_01.mkv,video,0,clean,0.0,41968883aab3f51ca00d4a80facfbd7ef90f7e1080bf887e3da549aa7ed9b701,test
vid_src_0056,vid_src_0056_clean_02.mkv,data/generated/video/vid_src_0056_clean_02.mkv,video,0,clean,0.0,6fd8040f0c795ecfafae834363af206b090fb0423c27e438bd24152f61584888,test
vid_src_0056,vid_src_0056_stego_frame_lsb_0.40.mkv,data/generated/video/vid_src_0056_stego_frame_lsb_0.40.mkv,video,1,frame_lsb,0.4,84a88d0f4405e22ba7da0cc2caa0b26db61c7c6befd620b10b070869093f1cb4,test
vid_src_0056,vid_src_0056_stego_frame_lsb_matching_0.10.mkv,data/generated/video/vid_src_0056_stego_frame_lsb_matching_0.10.mkv,video,1,frame_lsb_matching,0.1,54cfe0698d9e4ec167a407b2bfa82be428ff96d29027fea6586b7f7820dde05f,test
vid_src_0057,vid_src_0057_clean_01.mkv,data/generated/video/vid_src_0057_clean_01.mkv,video,0,clean,0.0,98e7c009a9b15b9c20868529d43cee7110a3ff1ce788bc0566035af987066ec8,val
vid_src_0057,vid_src_0057_clean_02.mkv,data/generated/video/vid_src_0057_clean_02.mkv,video,0,clean,0.0,824196305c4838d0046873faedb0f44fe2c66e9ed90347e4a12610b0c515b39d,val
vid_src_0057,vid_src_0057_stego_frame_lsb_matching_0.10.mkv,data/generated/video/vid_src_0057_stego_frame_lsb_matching_0.10.mkv,video,1,frame_lsb_matching,0.1,616a82c0dc84c5e310ced71ba9566c0aeb380d9c165ca50c8699c7dfdf0784be,val
vid_src_0057,vid_src_0057_stego_frame_lsb_0.20.mkv,data/generated/video/vid_src_0057_stego_frame_lsb_0.20.mkv,video,1,frame_lsb,0.2,2b2f110509204811009f974236d74be26c6552b4a716114f8b1dd2b1a999f5a2,val
vid_src_0058,vid_src_0058_clean_01.mkv,data/generated/video/vid_src_0058_clean_01.mkv,video,0,clean,0.0,f8b43146070d628e6eb76acf05051930b1cbafd0b55ce5f4dad769ef62a66660,train
vid_src_0058,vid_src_0058_clean_02.mkv,data/generated/video/vid_src_0058_clean_02.mkv,video,0,clean,0.0,7aa9fcf3c1ee388e69234ee54e5f550b105c1b7ff4b6ff6619d44e2fb072c77c,train
vid_src_0058,vid_src_0058_stego_frame_lsb_0.20.mkv,data/generated/video/vid_src_0058_stego_frame_lsb_0.20.mkv,video,1,frame_lsb,0.2,790452813a5daea6487d07cb883eb27379ae0cce9ad687e89c4aece5a6fa0da5,train
vid_src_0058,vid_src_0058_stego_frame_lsb_matching_0.40.mkv,data/generated/video/vid_src_0058_stego_frame_lsb_matching_0.40.mkv,video,1,frame_lsb_matching,0.4,d45b406c4176dfbc2c9b6a6388abb4cfbf6f5a98c5fd7c9b51b290bbdb18fff4,train
vid_src_0059,vid_src_0059_clean_01.mkv,data/generated/video/vid_src_0059_clean_01.mkv,video,0,clean,0.0,5a89cc8e4872fe213941f980b0f2a0595c2f71cfc54a149a5a1a47760504a6c1,train
vid_src_0059,vid_src_0059_clean_02.mkv,data/generated/video/vid_src_0059_clean_02.mkv,video,0,clean,0.0,011c532b03cd7eb445205b86ef790c5ebdec7e2f94b567a198582ae8ff9a71a8,train
vid_src_0059,vid_src_0059_stego_frame_lsb_matching_0.40.mkv,data/generated/video/vid_src_0059_stego_frame_lsb_matching_0.40.mkv,video,1,frame_lsb_matching,0.4,95e60977c2d83e7ea932c06bb2abfadd5e8a17691e992c242ea3327b37fffc7d,train
vid_src_0059,vid_src_0059_stego_frame_lsb_0.10.mkv,data/generated/video/vid_src_0059_stego_frame_lsb_0.10.mkv,video,1,frame_lsb,0.1,5bfc950befad938b974f789c32ecb823ede610b2041a6cd64661e33b495f04f0,train
vid_src_0060,vid_src_0060_clean_01.mkv,data/generated/video/vid_src_0060_clean_01.mkv,video,0,clean,0.0,a4998339dd0f41974bf4c73dbd102e999e7e1078785d2a4c681f91d9bbf6a4c7,train
vid_src_0060,vid_src_0060_clean_02.mkv,data/generated/video/vid_src_0060_clean_02.mkv,video,0,clean,0.0,233bef69044a5c8bbc18e0f28135a312091657580429df0fd844c11dc2fd7831,train
vid_src_0060,vid_src_0060_stego_frame_lsb_0.10.mkv,data/generated/video/vid_src_0060_stego_frame_lsb_0.10.mkv,video,1,frame_lsb,0.1,4c12e84c419a5ec154923434f082f200cecf83edb2d1e36fa0b066fac8067f6c,train
vid_src_0060,vid_src_0060_stego_frame_lsb_matching_0.20.mkv,data/generated/video/vid_src_0060_stego_frame_lsb_matching_0.20.mkv,video,1,frame_lsb_matching,0.2,363b622f86772ca476d022bf5d8e03abac9252c2f76ab1d67dcee0aa99ae13fb,train
vid_src_0061,vid_src_0061_clean_01.mkv,data/generated/video/vid_src_0061_clean_01.mkv,video,0,clean,0.0,244f7878a2501881334caa5f3bda9ec7d16a791275b7e52e3b2fdec0ec88865e,train
vid_src_0061,vid_src_0061_clean_02.mkv,data/generated/video/vid_src_0061_clean_02.mkv,video,0,clean,0.0,bb6cc2f0b5f5be3f3f91172efe9efece3c3c1e24e35a52250be83dce933cc41f,train
vid_src_0061,vid_src_0061_stego_frame_lsb_matching_0.20.mkv,data/generated/video/vid_src_0061_stego_frame_lsb_matching_0.20.mkv,video,1,frame_lsb_matching,0.2,4dffdd83e1195518953d143390e7530d58895636e78d63d6f8007c6c5a6a35b4,train
vid_src_0061,vid_src_0061_stego_frame_lsb_0.40.mkv,data/generated/video/vid_src_0061_stego_frame_lsb_0.40.mkv,video,1,frame_lsb,0.4,5b8bdcd209490c6afdcd39c5b3a40a6d656a723caffe1a12946522d4b0c48398,train
vid_src_0062,vid_src_0062_clean_01.mkv,data/generated/video/vid_src_0062_clean_01.mkv,video,0,clean,0.0,5d05366fc6ce8635bd7b54d1c9db66464e369756f08332cc593a9b5db79df6d8,train
vid_src_0062,vid_src_0062_clean_02.mkv,data/generated/video/vid_src_0062_clean_02.mkv,video,0,clean,0.0,a6e70a41a35d9acd57fcba40c2e4c6c3f3238de0e78fa16e682ca6a46c5f2bb0,train
vid_src_0062,vid_src_0062_stego_frame_lsb_0.40.mkv,data/generated/video/vid_src_0062_stego_frame_lsb_0.40.mkv,video,1,frame_lsb,0.4,1337ef2989b4616459991ad6eded7130e398e07d5de12cb6c6a3d0dcb304e4fe,train
vid_src_0062,vid_src_0062_stego_frame_lsb_matching_0.10.mkv,data/generated/video/vid_src_0062_stego_frame_lsb_matching_0.10.mkv,video,1,frame_lsb_matching,0.1,720fb059b905dee9ff17ce2d11d884edd4c93af4483b19416e360f5590a1058d,train
vid_src_0063,vid_src_0063_clean_01.mkv,data/generated/video/vid_src_0063_clean_01.mkv,video,0,clean,0.0,16e89206617c74c3509dcc9236caca4c992a62db5f89ad38e36e5c782443890c,train
vid_src_0063,vid_src_0063_clean_02.mkv,data/generated/video/vid_src_0063_clean_02.mkv,video,0,clean,0.0,29a9e3d9168e289c2e08f0171b709224c2280363bdcdef128383f1df94653bf0,train
vid_src_0063,vid_src_0063_stego_frame_lsb_matching_0.10.mkv,data/generated/video/vid_src_0063_stego_frame_lsb_matching_0.10.mkv,video,1,frame_lsb_matching,0.1,a5995bab22bad1a3cba6588cddd06491227eaac7b81d5f7be8d94fbcb7f80a02,train
vid_src_0063,vid_src_0063_stego_frame_lsb_0.20.mkv,data/generated/video/vid_src_0063_stego_frame_lsb_0.20.mkv,video,1,frame_lsb,0.2,33b7d1b68c82ca15e9f6108044438f6a01770e6450caf9d160d48243d895e37c,train
vid_src_0064,vid_src_0064_clean_01.mkv,data/generated/video/vid_src_0064_clean_01.mkv,video,0,clean,0.0,c0762db66a8ea0e898a385f360a6e62c12176a91c9d3d0b753be94d2ff5bd81e,test
vid_src_0064,vid_src_0064_clean_02.mkv,data/generated/video/vid_src_0064_clean_02.mkv,video,0,clean,0.0,2da2c834349cb8c20dfaeebd2ee5819726c3e7308c82ffc8d32c1bc92a4f1716,test
vid_src_0064,vid_src_0064_stego_frame_lsb_0.20.mkv,data/generated/video/vid_src_0064_stego_frame_lsb_0.20.mkv,video,1,frame_lsb,0.2,17831562c5cf096049b587f145087d43963cc02e61e3d28f51d7a7112b964144,test
vid_src_0064,vid_src_0064_stego_frame_lsb_matching_0.40.mkv,data/generated/video/vid_src_0064_stego_frame_lsb_matching_0.40.mkv,video,1,frame_lsb_matching,0.4,c5769cfcd4835fbb5f2b1cb2df5a31e4b5bf0b2848342fd65ebf6b9f33d6dad5,test
vid_src_0065,vid_src_0065_clean_01.mkv,data/generated/video/vid_src_0065_clean_01.mkv,video,0,clean,0.0,5016def97a7428e9e5d50cf9c42de8fe71a3a5ab114b67cb1757c16efaf590c3,test
vid_src_0065,vid_src_0065_clean_02.mkv,data/generated/video/vid_src_0065_clean_02.mkv,video,0,clean,0.0,ce9af2073f0dcb27877eec3f8eb4425fc31fda336095970e8e776d336373d4b8,test
vid_src_0065,vid_src_0065_stego_frame_lsb_matching_0.40.mkv,data/generated/video/vid_src_0065_stego_frame_lsb_matching_0.40.mkv,video,1,frame_lsb_matching,0.4,50af61f8fef588c68d1ce2db4a182fb3842f1f379fa08454cec232f7e5714a6a,test
vid_src_0065,vid_src_0065_stego_frame_lsb_0.10.mkv,data/generated/video/vid_src_0065_stego_frame_lsb_0.10.mkv,video,1,frame_lsb,0.1,37c4fc9a9c7d0cb3e6abf3d93fbede9ff75b9c5830d9cf1e0db87c096fb36937,test
vid_src_0066,vid_src_0066_clean_01.mkv,data/generated/video/vid_src_0066_clean_01.mkv,video,0,clean,0.0,02388f7090ed6417a677ec946cb73ba58b1b93641b77188fe7b939b7d7be37b4,train
vid_src_0066,vid_src_0066_clean_02.mkv,data/generated/video/vid_src_0066_clean_02.mkv,video,0,clean,0.0,80b63cd01f5e2d7d3f458e8f1be7e0729d602374b24ca2de4a7058e0695b5dc1,train
vid_src_0066,vid_src_0066_stego_frame_lsb_0.10.mkv,data/generated/video/vid_src_0066_stego_frame_lsb_0.10.mkv,video,1,frame_lsb,0.1,5cac0462f1440558029efedddbb3bd72431b11157e225e37d6f5887c9e72322e,train
vid_src_0066,vid_src_0066_stego_frame_lsb_matching_0.20.mkv,data/generated/video/vid_src_0066_stego_frame_lsb_matching_0.20.mkv,video,1,frame_lsb_matching,0.2,99f237f1b9721f07d4274c3b3d226418e749c34aaaa3e8c37563192f4ef97cfa,train
vid_src_0067,vid_src_0067_clean_01.mkv,data/generated/video/vid_src_0067_clean_01.mkv,video,0,clean,0.0,11ef2813999847a92795aea499438af5ee23b68dae0d4eef55a61025eadc8c3b,train
vid_src_0067,vid_src_0067_clean_02.mkv,data/generated/video/vid_src_0067_clean_02.mkv,video,0,clean,0.0,0c4b41a8ee88065d40c946ecf3eb6a29a49364e215859b304b466b88ec5af22b,train
vid_src_0067,vid_src_0067_stego_frame_lsb_matching_0.20.mkv,data/generated/video/vid_src_0067_stego_frame_lsb_matching_0.20.mkv,video,1,frame_lsb_matching,0.2,ded817919110c689f6f2e37656f71452ad1631ff3830a9d0e65275710b4d159b,train
vid_src_0067,vid_src_0067_stego_frame_lsb_0.40.mkv,data/generated/video/vid_src_0067_stego_frame_lsb_0.40.mkv,video,1,frame_lsb,0.4,4decb469d9e6644b7cb957340b72949b42fff637b21d4e5084435655584db915,train
vid_src_0068,vid_src_0068_clean_01.mkv,data/generated/video/vid_src_0068_clean_01.mkv,video,0,clean,0.0,31c69cfeb2ba8c0d7ee811370a89d5ac76e039c281e8c7bee0f08e3b0cc7c2fa,train
vid_src_0068,vid_src_0068_clean_02.mkv,data/generated/video/vid_src_0068_clean_02.mkv,video,0,clean,0.0,4356aaf04aaaf56437d349f5564de851132f062d9abb4b286d9615ff37da1bd4,train
vid_src_0068,vid_src_0068_stego_frame_lsb_0.40.mkv,data/generated/video/vid_src_0068_stego_frame_lsb_0.40.mkv,video,1,frame_lsb,0.4,eced34b9ddcfc61ff6864209158e2e841d4fa6f9748f2ba3ea78ac2f0554c11a,train
vid_src_0068,vid_src_0068_stego_frame_lsb_matching_0.10.mkv,data/generated/video/vid_src_0068_stego_frame_lsb_matching_0.10.mkv,video,1,frame_lsb_matching,0.1,ffcc735dad5b22152aaf44e47d38c628fcbc6f4ebaa2360e1f875582ffd0b2ba,train
vid_src_0069,vid_src_0069_clean_01.mkv,data/generated/video/vid_src_0069_clean_01.mkv,video,0,clean,0.0,f5cb57921a18a2beb0cf595685d9bc5382ba8fc26dd827457cf0e054028c9f5f,train
vid_src_0069,vid_src_0069_clean_02.mkv,data/generated/video/vid_src_0069_clean_02.mkv,video,0,clean,0.0,d9866cf3b7cdeb750a3ce1aa53c6065604160bf0a22bb10fcfb290cb0a574b80,train
vid_src_0069,vid_src_0069_stego_frame_lsb_matching_0.10.mkv,data/generated/video/vid_src_0069_stego_frame_lsb_matching_0.10.mkv,video,1,frame_lsb_matching,0.1,39a14980b730afa9eaf74d20e72067eca253b9776c9ad2a871f3895f9e23a93a,train
vid_src_0069,vid_src_0069_stego_frame_lsb_0.20.mkv,data/generated/video/vid_src_0069_stego_frame_lsb_0.20.mkv,video,1,frame_lsb,0.2,6fcea40111be2d72ed68e6d5ec5a750ad48987e5fc7198e91dc74b9bde7f5c15,train
vid_src_0070,vid_src_0070_clean_01.mkv,data/generated/video/vid_src_0070_clean_01.mkv,video,0,clean,0.0,8b98fd253deb25c2424972f6dc16a10a578f907d0437ae30d3c6fbdd4ca42c56,val
vid_src_0070,vid_src_0070_clean_02.mkv,data/generated/video/vid_src_0070_clean_02.mkv,video,0,clean,0.0,3006eca9f7e9ee1746d1985b793c771987ec55bafebbc2220109b340922fb0a8,val
vid_src_0070,vid_src_0070_stego_frame_lsb_0.20.mkv,data/generated/video/vid_src_0070_stego_frame_lsb_0.20.mkv,video,1,frame_lsb,0.2,2eb8ed9a082f5c5d5f58c57f23b118847b39373be73510fbd4fd0ce6e3ce9368,val
vid_src_0070,vid_src_0070_stego_frame_lsb_matching_0.40.mkv,data/generated/video/vid_src_0070_stego_frame_lsb_matching_0.40.mkv,video,1,frame_lsb_matching,0.4,32ed6a95b01997c2d2a7c43c21e9b834cfc42c22a18857d16ec95419d476caf7,val
vid_src_0071,vid_src_0071_clean_01.mkv,data/generated/video/vid_src_0071_clean_01.mkv,video,0,clean,0.0,00ba6110565cc52633941f773700a855ec13f03cfe9848345b3347bc14d224ea,test
vid_src_0071,vid_src_0071_clean_02.mkv,data/generated/video/vid_src_0071_clean_02.mkv,video,0,clean,0.0,ee7bd7da4b221178f2b4bd7041835176148a05acdfb5936f33325527fd91dd7b,test
vid_src_0071,vid_src_0071_stego_frame_lsb_matching_0.40.mkv,data/generated/video/vid_src_0071_stego_frame_lsb_matching_0.40.mkv,video,1,frame_lsb_matching,0.4,a8f412c5734e3445d774d72e403baa874dd270c4265186efb91ae6b989268952,test
vid_src_0071,vid_src_0071_stego_frame_lsb_0.10.mkv,data/generated/video/vid_src_0071_stego_frame_lsb_0.10.mkv,video,1,frame_lsb,0.1,9dfe14ebd91bc038b911e212dbc0b952a615511b15617d7299b2058f35976b7d,test
vid_src_0072,vid_src_0072_clean_01.mkv,data/generated/video/vid_src_0072_clean_01.mkv,video,0,clean,0.0,c4d9adbb242f8c2f1e59a22a4fa9735c0d58008f473689a36727c8c105a21978,test
vid_src_0072,vid_src_0072_clean_02.mkv,data/generated/video/vid_src_0072_clean_02.mkv,video,0,clean,0.0,449b89ced58f6cb5f731db3b1f811bb1b3d10907026dee304a7172beae18e599,test
vid_src_0072,vid_src_0072_stego_frame_lsb_0.10.mkv,data/generated/video/vid_src_0072_stego_frame_lsb_0.10.mkv,video,1,frame_lsb,0.1,830a3b3d1a7324fa79cf921038f0409f7fc7ca14ffa51efe0f9be821834a7a18,test
vid_src_0072,vid_src_0072_stego_frame_lsb_matching_0.20.mkv,data/generated/video/vid_src_0072_stego_frame_lsb_matching_0.20.mkv,video,1,frame_lsb_matching,0.2,c1c79222034cb26b8ceb04b2283430050ae054f15b1fe85d57932309ca69d56d,test
vid_src_0073,vid_src_0073_clean_01.mkv,data/generated/video/vid_src_0073_clean_01.mkv,video,0,clean,0.0,4d79f4208f7436f2c6926409b5576e9d7d76e1678dabb5cafd6f60505a3c5260,val
vid_src_0073,vid_src_0073_clean_02.mkv,data/generated/video/vid_src_0073_clean_02.mkv,video,0,clean,0.0,53f31999c9c2d4db21642578c14d7d03d93784cd2d4cba2fb7d4962d6be6da5f,val
vid_src_0073,vid_src_0073_stego_frame_lsb_matching_0.20.mkv,data/generated/video/vid_src_0073_stego_frame_lsb_matching_0.20.mkv,video,1,frame_lsb_matching,0.2,ea0e952eeaf7fa7d75625ecb04be803900595c7f2babb7674f95844322bfa9c8,val
vid_src_0073,vid_src_0073_stego_frame_lsb_0.40.mkv,data/generated/video/vid_src_0073_stego_frame_lsb_0.40.mkv,video,1,frame_lsb,0.4,87b649795d7a788c82b885fa08e042e4753077ad53f74a01b56f49770cbaba86,val
vid_src_0074,vid_src_0074_clean_01.mkv,data/generated/video/vid_src_0074_clean_01.mkv,video,0,clean,0.0,589a6ea5119b238ff05e839577726c7091b8873e6e51b577c0120fc03b846e57,train
vid_src_0074,vid_src_0074_clean_02.mkv,data/generated/video/vid_src_0074_clean_02.mkv,video,0,clean,0.0,7cf4bb72bee4cc3872ffd504fc17c0e7459f1d320514c44368a388e165b9c092,train
vid_src_0074,vid_src_0074_stego_frame_lsb_0.40.mkv,data/generated/video/vid_src_0074_stego_frame_lsb_0.40.mkv,video,1,frame_lsb,0.4,fea76ec75cf91692478f447a4087fd46a0fa995e523bd4c0b6f25d036364595f,train
vid_src_0074,vid_src_0074_stego_frame_lsb_matching_0.10.mkv,data/generated/video/vid_src_0074_stego_frame_lsb_matching_0.10.mkv,video,1,frame_lsb_matching,0.1,15b8ff0856fc91199d86888491fb5207bbeb15a7ad0571ebc602939e1b0c33d8,train
vid_src_0075,vid_src_0075_clean_01.mkv,data/generated/video/vid_src_0075_clean_01.mkv,video,0,clean,0.0,7ff5a1dceb27307a524e00a573542b54746a467dfd0340c4da5c948da3edafd0,train
vid_src_0075,vid_src_0075_clean_02.mkv,data/generated/video/vid_src_0075_clean_02.mkv,video,0,clean,0.0,91be60fe1c3a4134659ae7ca5134ec1e5e0d1ab8efaee9264649e9abf016ced4,train
vid_src_0075,vid_src_0075_stego_frame_lsb_matching_0.10.mkv,data/generated/video/vid_src_0075_stego_frame_lsb_matching_0.10.mkv,video,1,frame_lsb_matching,0.1,6ae513aabc0e9422ea0a02008e3795ef86c2b1d870d16f3548066f9ef6373349,train
vid_src_0075,vid_src_0075_stego_frame_lsb_0.20.mkv,data/generated/video/vid_src_0075_stego_frame_lsb_0.20.mkv,video,1,frame_lsb,0.2,e032db3e1dc39420aaca4b88470a00d7ae053acdbd8849e1e966fd415fa6f7da,train
vid_src_0076,vid_src_0076_clean_01.mkv,data/generated/video/vid_src_0076_clean_01.mkv,video,0,clean,0.0,04b86c3848a25ea087df51ab0d031fdae6c6e59e243805d6292d182de71d5a56,test
vid_src_0076,vid_src_0076_clean_02.mkv,data/generated/video/vid_src_0076_clean_02.mkv,video,0,clean,0.0,a0da2877f7fa62b63105fe1c34a378aa6203d6de9422eba581e30d2b99895e0f,test
vid_src_0076,vid_src_0076_stego_frame_lsb_0.20.mkv,data/generated/video/vid_src_0076_stego_frame_lsb_0.20.mkv,video,1,frame_lsb,0.2,7d6a47cb09a7ccd2341f99b95511d681956736fdd6a6a1cd42bdd0dee5838104,test
vid_src_0076,vid_src_0076_stego_frame_lsb_matching_0.40.mkv,data/generated/video/vid_src_0076_stego_frame_lsb_matching_0.40.mkv,video,1,frame_lsb_matching,0.4,b3bd7b6bb3a382baa5dfa43f78bca6a894ca59eb6573cf6c3b85bc0926e178a4,test
vid_src_0077,vid_src_0077_clean_01.mkv,data/generated/video/vid_src_0077_clean_01.mkv,video,0,clean,0.0,1e53a82d09ff99394849e27deb2a270d3ae68289b24f0c1734446fc362a51030,train
vid_src_0077,vid_src_0077_clean_02.mkv,data/generated/video/vid_src_0077_clean_02.mkv,video,0,clean,0.0,abb4af69d19079b3fbebcf66409e88225d3681544a40f046e2b55247412b9ba3,train
vid_src_0077,vid_src_0077_stego_frame_lsb_matching_0.40.mkv,data/generated/video/vid_src_0077_stego_frame_lsb_matching_0.40.mkv,video,1,frame_lsb_matching,0.4,057107601eadc8f10fdd96837c18f170e65549064412141119891748e25a039a,train
vid_src_0077,vid_src_0077_stego_frame_lsb_0.10.mkv,data/generated/video/vid_src_0077_stego_frame_lsb_0.10.mkv,video,1,frame_lsb,0.1,d0982b7d9b7c36bd8646bf46b39ea37b340eed3336871c43f5aa82e15de57aa3,train
vid_src_0078,vid_src_0078_clean_01.mkv,data/generated/video/vid_src_0078_clean_01.mkv,video,0,clean,0.0,2004e65c341ed1ddafc1d776400c3c051598eecca7150f4594640ed3c9810d6e,train
vid_src_0078,vid_src_0078_clean_02.mkv,data/generated/video/vid_src_0078_clean_02.mkv,video,0,clean,0.0,9d41929522b71e9c0109dd365a6ccb8973e8b7c10c2754448bf28a40c2156868,train
vid_src_0078,vid_src_0078_stego_frame_lsb_0.10.mkv,data/generated/video/vid_src_0078_stego_frame_lsb_0.10.mkv,video,1,frame_lsb,0.1,3402ceac428e8d82155db802e7070027f12381da807551aff31480faffc4842d,train
vid_src_0078,vid_src_0078_stego_frame_lsb_matching_0.20.mkv,data/generated/video/vid_src_0078_stego_frame_lsb_matching_0.20.mkv,video,1,frame_lsb_matching,0.2,343665bae618339d9e2205c9444c7ff0acc1dc33b3c82aaf5634eb676012123a,train
vid_src_0079,vid_src_0079_clean_01.mkv,data/generated/video/vid_src_0079_clean_01.mkv,video,0,clean,0.0,f227c384c808d7acda23a24dad19cf1a49d4de7142972c9ee919c2299c50ec0f,train
vid_src_0079,vid_src_0079_clean_02.mkv,data/generated/video/vid_src_0079_clean_02.mkv,video,0,clean,0.0,74520a2d8a258b4ea1f9e50695b826ac32edd2250e9db0107f09c68177862dd1,train
vid_src_0079,vid_src_0079_stego_frame_lsb_matching_0.20.mkv,data/generated/video/vid_src_0079_stego_frame_lsb_matching_0.20.mkv,video,1,frame_lsb_matching,0.2,6954327cf2bcbfc162f2b298e782a9c192df22efdd46a0fdce29944d950f4f0f,train
vid_src_0079,vid_src_0079_stego_frame_lsb_0.40.mkv,data/generated/video/vid_src_0079_stego_frame_lsb_0.40.mkv,video,1,frame_lsb,0.4,e7205018dbfec46c9f47916e6d28ceb7c2069e864960240761a7c3db110c56d7,train
vid_src_0080,vid_src_0080_clean_01.mkv,data/generated/video/vid_src_0080_clean_01.mkv,video,0,clean,0.0,c5719c16e9670764bc56f0656cbef6d370e39b9b4d1b7cbc120e86bb44e6776d,train
vid_src_0080,vid_src_0080_clean_02.mkv,data/generated/video/vid_src_0080_clean_02.mkv,video,0,clean,0.0,9d026b74525c2f01ba5d99ccf973f93d98fd2efbe116b2d37b58783475c6960a,train
vid_src_0080,vid_src_0080_stego_frame_lsb_0.40.mkv,data/generated/video/vid_src_0080_stego_frame_lsb_0.40.mkv,video,1,frame_lsb,0.4,2f1b6ea63570a0332a52c0ac0d6fdd5bae485f474c75738661573feb7e713d8e,train
vid_src_0080,vid_src_0080_stego_frame_lsb_matching_0.10.mkv,data/generated/video/vid_src_0080_stego_frame_lsb_matching_0.10.mkv,video,1,frame_lsb_matching,0.1,311eaabbc290b102caad65888c9d752ee324635313dacff36b4e54c3490a3a29,train
vid_src_0081,vid_src_0081_clean_01.mkv,data/generated/video/vid_src_0081_clean_01.mkv,video,0,clean,0.0,2d27fd622ba38f62daf819de45097e7d255b147f73abbe3800c21f8146ad6dba,val
vid_src_0081,vid_src_0081_clean_02.mkv,data/generated/video/vid_src_0081_clean_02.mkv,video,0,clean,0.0,e89bcf1244934c2151b9f3888b0f7cccf16b070dcb51982281c937a0c94166a7,val
vid_src_0081,vid_src_0081_stego_frame_lsb_matching_0.10.mkv,data/generated/video/vid_src_0081_stego_frame_lsb_matching_0.10.mkv,video,1,frame_lsb_matching,0.1,c474a1d4879c3056913b04c33215bbdefc2ec7d3160a33461f1b8758b4072962,val
vid_src_0081,vid_src_0081_stego_frame_lsb_0.20.mkv,data/generated/video/vid_src_0081_stego_frame_lsb_0.20.mkv,video,1,frame_lsb,0.2,182641bd7cd3c89956a13d5681f167bbe90c60e3f3c23df8510dc940ca566751,val
vid_src_0082,vid_src_0082_clean_01.mkv,data/generated/video/vid_src_0082_clean_01.mkv,video,0,clean,0.0,897b0201cfba6c70691e0c39f98d9331350d4add16212abb0a1ba9870878a338,test
vid_src_0082,vid_src_0082_clean_02.mkv,data/generated/video/vid_src_0082_clean_02.mkv,video,0,clean,0.0,2a9fa7e9f7e9360af5312bcb3aec29ff9319fea72a51e1276fa673ddb7220e65,test
vid_src_0082,vid_src_0082_stego_frame_lsb_0.20.mkv,data/generated/video/vid_src_0082_stego_frame_lsb_0.20.mkv,video,1,frame_lsb,0.2,44515a760059b4dfcfa675225d899129aabed00cebe4fafced43d5b023c79113,test
vid_src_0082,vid_src_0082_stego_frame_lsb_matching_0.40.mkv,data/generated/video/vid_src_0082_stego_frame_lsb_matching_0.40.mkv,video,1,frame_lsb_matching,0.4,ae186825286d2c7e024cb9835346f8d060fe87b55c6044bcf06d8be94facf181,test
vid_src_0083,vid_src_0083_clean_01.mkv,data/generated/video/vid_src_0083_clean_01.mkv,video,0,clean,0.0,132f4bbbe7e892033fd2646660b2062bc4a441a1944e4ee58a273a31ce5fee1f,train
vid_src_0083,vid_src_0083_clean_02.mkv,data/generated/video/vid_src_0083_clean_02.mkv,video,0,clean,0.0,1230c1d4de420513d87fea84a63e4eed3646861a05222889901d5dde5fcf5070,train
vid_src_0083,vid_src_0083_stego_frame_lsb_matching_0.40.mkv,data/generated/video/vid_src_0083_stego_frame_lsb_matching_0.40.mkv,video,1,frame_lsb_matching,0.4,e2972cd2ea6ec7770fdfa782ec02ce7147f03318c40b3cc1db60bb16ccc2bca7,train
vid_src_0083,vid_src_0083_stego_frame_lsb_0.10.mkv,data/generated/video/vid_src_0083_stego_frame_lsb_0.10.mkv,video,1,frame_lsb,0.1,493fa685d5addecabd1fdea47df63589e9ab1adf4c78d41bf458b9ca88130da7,train
vid_src_0084,vid_src_0084_clean_01.mkv,data/generated/video/vid_src_0084_clean_01.mkv,video,0,clean,0.0,dd3686321319e601c3e3e223a9115f80518d963a1ceacf634003cacef39582a1,train
vid_src_0084,vid_src_0084_clean_02.mkv,data/generated/video/vid_src_0084_clean_02.mkv,video,0,clean,0.0,7b415b309c0723f511e9a98906e2558d4fdcd351b2fcfd182c0f92cee9e3139e,train
vid_src_0084,vid_src_0084_stego_frame_lsb_0.10.mkv,data/generated/video/vid_src_0084_stego_frame_lsb_0.10.mkv,video,1,frame_lsb,0.1,52dc73b645ebb0afd12f9e5817451b7f1915224b28cb67a0fd959b1080d1a2b2,train
vid_src_0084,vid_src_0084_stego_frame_lsb_matching_0.20.mkv,data/generated/video/vid_src_0084_stego_frame_lsb_matching_0.20.mkv,video,1,frame_lsb_matching,0.2,b3bb6e16806f313ad6c52fc74b999a3794051d23fb4e6c26ff516a502a984a23,train
vid_src_0085,vid_src_0085_clean_01.mkv,data/generated/video/vid_src_0085_clean_01.mkv,video,0,clean,0.0,4a257be1e69f71717f71d00abdefffd26fedc9c9cbd8b48a8b68d36d95bfaaa1,train
vid_src_0085,vid_src_0085_clean_02.mkv,data/generated/video/vid_src_0085_clean_02.mkv,video,0,clean,0.0,18fa036df5cb19a503d3ada545b22f6e5c87436ba2576315594ffa1579ce83a7,train
vid_src_0085,vid_src_0085_stego_frame_lsb_matching_0.20.mkv,data/generated/video/vid_src_0085_stego_frame_lsb_matching_0.20.mkv,video,1,frame_lsb_matching,0.2,5a7bf7b6678cefb3770764bcf4f2392c032e52d5ca13321bd2cc6c5db5c5d920,train
vid_src_0085,vid_src_0085_stego_frame_lsb_0.40.mkv,data/generated/video/vid_src_0085_stego_frame_lsb_0.40.mkv,video,1,frame_lsb,0.4,22bb9de567f8dc32aa3d4ca76376fce19b44ee807d308d34008ec09f87bd782a,train
vid_src_0086,vid_src_0086_clean_01.mkv,data/generated/video/vid_src_0086_clean_01.mkv,video,0,clean,0.0,e85bbb7ea08280334b9e74d43f2d199a2087eed8aad2103570de5e42664413e2,test
vid_src_0086,vid_src_0086_clean_02.mkv,data/generated/video/vid_src_0086_clean_02.mkv,video,0,clean,0.0,b59c04bdf5cd32c65d59f7e8cc32043cc079f4109d4d737951b2b14ed42a78e5,test
vid_src_0086,vid_src_0086_stego_frame_lsb_0.40.mkv,data/generated/video/vid_src_0086_stego_frame_lsb_0.40.mkv,video,1,frame_lsb,0.4,5fae17aca335a4d0c19b8f6c76e59b597ff5ed363405a21c9a43eceddfc48d64,test
vid_src_0086,vid_src_0086_stego_frame_lsb_matching_0.10.mkv,data/generated/video/vid_src_0086_stego_frame_lsb_matching_0.10.mkv,video,1,frame_lsb_matching,0.1,0fac986d69c9939a6cce82cf476803419ab7f57396e0e6b6034224aa4a05b9dd,test
vid_src_0087,vid_src_0087_clean_01.mkv,data/generated/video/vid_src_0087_clean_01.mkv,video,0,clean,0.0,ed29b678b3b434f810ba4e1b960d4e69bcebd5ff7bdecde1ed1e471767614692,train
vid_src_0087,vid_src_0087_clean_02.mkv,data/generated/video/vid_src_0087_clean_02.mkv,video,0,clean,0.0,e33066cc91966b5fed68e422da7de09c3fafa3760fb1373d40cd357b656dcb01,train
vid_src_0087,vid_src_0087_stego_frame_lsb_matching_0.10.mkv,data/generated/video/vid_src_0087_stego_frame_lsb_matching_0.10.mkv,video,1,frame_lsb_matching,0.1,8b9757de7cf5e2b9c0b9b9e57aa945d680c22e42127c4b9f36e8e4c1c791aaf1,train
vid_src_0087,vid_src_0087_stego_frame_lsb_0.20.mkv,data/generated/video/vid_src_0087_stego_frame_lsb_0.20.mkv,video,1,frame_lsb,0.2,6de0f33a2cf8723e31df0d75693e67e965645a7347adcaf699a1c3107c4ac4b0,train
vid_src_0088,vid_src_0088_clean_01.mkv,data/generated/video/vid_src_0088_clean_01.mkv,video,0,clean,0.0,f7d0357a17294a54b78aed71eba5b697931fa10cca9b4ad46daf93b840dd7f6a,train
vid_src_0088,vid_src_0088_clean_02.mkv,data/generated/video/vid_src_0088_clean_02.mkv,video,0,clean,0.0,91cbc8f61f2774e13b633047648b1fa318173ba140ba9d0e5ea9bfa4c1a397e1,train
vid_src_0088,vid_src_0088_stego_frame_lsb_0.20.mkv,data/generated/video/vid_src_0088_stego_frame_lsb_0.20.mkv,video,1,frame_lsb,0.2,10852142f1f9e1baf4ec09f12f22be330ea89128f644bd98fbbf91117a245369,train
vid_src_0088,vid_src_0088_stego_frame_lsb_matching_0.40.mkv,data/generated/video/vid_src_0088_stego_frame_lsb_matching_0.40.mkv,video,1,frame_lsb_matching,0.4,1899bc1e9d44cfc7bab742b23f7134ac439b15514854181ea7e153733325f5b7,train
vid_src_0089,vid_src_0089_clean_01.mkv,data/generated/video/vid_src_0089_clean_01.mkv,video,0,clean,0.0,bae8f03924a8b305e997a12e95e705de5543619e56390cdb3db4e3c9060aab57,train
vid_src_0089,vid_src_0089_clean_02.mkv,data/generated/video/vid_src_0089_clean_02.mkv,video,0,clean,0.0,f5c656c1f6a114885cd81a2eef76f4524e1a7a6f06637f5d0d275cc930760620,train
vid_src_0089,vid_src_0089_stego_frame_lsb_matching_0.40.mkv,data/generated/video/vid_src_0089_stego_frame_lsb_matching_0.40.mkv,video,1,frame_lsb_matching,0.4,f9db9b6cc015c07c5873d49a0fa54b0e2f7ad16ddb5fe0571c5e796966c2fe77,train
vid_src_0089,vid_src_0089_stego_frame_lsb_0.10.mkv,data/generated/video/vid_src_0089_stego_frame_lsb_0.10.mkv,video,1,frame_lsb,0.1,7ea2e02b1eb3617d4bf7ce5bf45c6cb7f786fc1a270407c29e5b4ecd662edbd6,train
vid_src_0090,vid_src_0090_clean_01.mkv,data/generated/video/vid_src_0090_clean_01.mkv,video,0,clean,0.0,65749d5cf5de1a60e2d836579c7ea18af72bebee0afd4b0c5ab6440dea9e5646,val
vid_src_0090,vid_src_0090_clean_02.mkv,data/generated/video/vid_src_0090_clean_02.mkv,video,0,clean,0.0,2a04ba0161fd53962f201736ec4319835e2b57a61fe4da271bfd61f447cb93c0,val
vid_src_0090,vid_src_0090_stego_frame_lsb_0.10.mkv,data/generated/video/vid_src_0090_stego_frame_lsb_0.10.mkv,video,1,frame_lsb,0.1,9aa618686dc4a308aae1a0cdc324b9e1878c53c16375ded1e465133c43498f4b,val
vid_src_0090,vid_src_0090_stego_frame_lsb_matching_0.20.mkv,data/generated/video/vid_src_0090_stego_frame_lsb_matching_0.20.mkv,video,1,frame_lsb_matching,0.2,37714c5946c544a99df3ca044a4095d2e6b43cc8cafd339fbdec0ddf9db454c5,val
vid_src_0091,vid_src_0091_clean_01.mkv,data/generated/video/vid_src_0091_clean_01.mkv,video,0,clean,0.0,a38180210915f01caf85cb6e4d331a1fdbb8b828a89086c1de138eb313f3c28f,train
vid_src_0091,vid_src_0091_clean_02.mkv,data/generated/video/vid_src_0091_clean_02.mkv,video,0,clean,0.0,14d0923eb3a28f247619ca8f2a1cca53bbd0f30ce95ececcbdee768791cbb266,train
vid_src_0091,vid_src_0091_stego_frame_lsb_matching_0.20.mkv,data/generated/video/vid_src_0091_stego_frame_lsb_matching_0.20.mkv,video,1,frame_lsb_matching,0.2,64e32b9438d9b5e937f8d78688c991196a212d6de1510d0c07f653e76f4450d3,train
vid_src_0091,vid_src_0091_stego_frame_lsb_0.40.mkv,data/generated/video/vid_src_0091_stego_frame_lsb_0.40.mkv,video,1,frame_lsb,0.4,912bb8c6eb2c66a8df1722edacbbc12f389f0dc34a243bcb9b7ea892a5c53616,train
vid_src_0092,vid_src_0092_clean_01.mkv,data/generated/video/vid_src_0092_clean_01.mkv,video,0,clean,0.0,c8c16f2bfcf53dd1bb541ac79dbe3aad89cfa3af1d0c3953d09660aea9c61402,test
vid_src_0092,vid_src_0092_clean_02.mkv,data/generated/video/vid_src_0092_clean_02.mkv,video,0,clean,0.0,ba5f55d30bce746825f2ecbb00221d52e1a22a05c360695d7871b2d88b60c1c0,test
vid_src_0092,vid_src_0092_stego_frame_lsb_0.40.mkv,data/generated/video/vid_src_0092_stego_frame_lsb_0.40.mkv,video,1,frame_lsb,0.4,0f026cbbeafb20e727069aa473abbef85a33e252c39ba3e1aea8220d9dd176f2,test
vid_src_0092,vid_src_0092_stego_frame_lsb_matching_0.10.mkv,data/generated/video/vid_src_0092_stego_frame_lsb_matching_0.10.mkv,video,1,frame_lsb_matching,0.1,1c7ba22deda92067fade6e3bd6f3b81450cb4e71ca3b921226b2307d776c8973,test
vid_src_0093,vid_src_0093_clean_01.mkv,data/generated/video/vid_src_0093_clean_01.mkv,video,0,clean,0.0,1b373643894665b0da13f3f7d6395af8ae516ed58172be78d5796628ee87c6a4,train
vid_src_0093,vid_src_0093_clean_02.mkv,data/generated/video/vid_src_0093_clean_02.mkv,video,0,clean,0.0,76462ec04604ddfe8ab5c0aaf19bdc4ba9ce11d15568fb8798168c28ea273b34,train
vid_src_0093,vid_src_0093_stego_frame_lsb_matching_0.10.mkv,data/generated/video/vid_src_0093_stego_frame_lsb_matching_0.10.mkv,video,1,frame_lsb_matching,0.1,c67f2666f067ebae397f1965c5666636f6f3107c047c9be644579e7690cfdc44,train
vid_src_0093,vid_src_0093_stego_frame_lsb_0.20.mkv,data/generated/video/vid_src_0093_stego_frame_lsb_0.20.mkv,video,1,frame_lsb,0.2,fed9673daaff3af515dc350f96c3ed0a88cab1fc9efc15b1a968e287a72231a7,train
vid_src_0094,vid_src_0094_clean_01.mkv,data/generated/video/vid_src_0094_clean_01.mkv,video,0,clean,0.0,8d5635e799c721c3ff23b8ac631fd840508b55e75c163d378bd564a9f96dd530,train
vid_src_0094,vid_src_0094_clean_02.mkv,data/generated/video/vid_src_0094_clean_02.mkv,video,0,clean,0.0,d14073d83605573c0634458784ea8e9cf8e7487a0b660d4785f012a67f18cc01,train
vid_src_0094,vid_src_0094_stego_frame_lsb_0.20.mkv,data/generated/video/vid_src_0094_stego_frame_lsb_0.20.mkv,video,1,frame_lsb,0.2,d30e3d89eaffd4fde051ff9ed0e9092d732d2d26bd05ded7a92a91494ec576df,train
vid_src_0094,vid_src_0094_stego_frame_lsb_matching_0.40.mkv,data/generated/video/vid_src_0094_stego_frame_lsb_matching_0.40.mkv,video,1,frame_lsb_matching,0.4,97f6bef6bf3ac2e454fa14cc9f7f48893089dbf5fb47c8e09a195c3cef545e16,train
vid_src_0095,vid_src_0095_clean_01.mkv,data/generated/video/vid_src_0095_clean_01.mkv,video,0,clean,0.0,c84cf661fbc10816a064ce70300bab0f1d7d3939e20e09cd95548813913e49e3,test
vid_src_0095,vid_src_0095_clean_02.mkv,data/generated/video/vid_src_0095_clean_02.mkv,video,0,clean,0.0,1f4e99d30b55b3190bfe936b6c2fa5202eb0f0ddf1145dd8aee236f886f5c264,test
vid_src_0095,vid_src_0095_stego_frame_lsb_matching_0.40.mkv,data/generated/video/vid_src_0095_stego_frame_lsb_matching_0.40.mkv,video,1,frame_lsb_matching,0.4,1eb07a7303b214d1d37a3eef1ddf7f50e17a8c4186c373c13ac4f41c6ce80b5a,test
vid_src_0095,vid_src_0095_stego_frame_lsb_0.10.mkv,data/generated/video/vid_src_0095_stego_frame_lsb_0.10.mkv,video,1,frame_lsb,0.1,215aa99547807b3f3b71ae3a83fd93063748c7369287badcf11f9a4c72c19803,test
vid_src_0096,vid_src_0096_clean_01.mkv,data/generated/video/vid_src_0096_clean_01.mkv,video,0,clean,0.0,b2e9869e94e7946b1d5ce986873ef86cf5abe05133bf991585df9594ad97219a,train
vid_src_0096,vid_src_0096_clean_02.mkv,data/generated/video/vid_src_0096_clean_02.mkv,video,0,clean,0.0,f941d05e2f535d5d5b536da10cdfad4c515f858b4bf3fc61def3d9ca365d5ed9,train
vid_src_0096,vid_src_0096_stego_frame_lsb_0.10.mkv,data/generated/video/vid_src_0096_stego_frame_lsb_0.10.mkv,video,1,frame_lsb,0.1,b41b588f92a3dd5a31aaf1cf7880848ff4878e6a46febf53cfe404fcd86ff045,train
vid_src_0096,vid_src_0096_stego_frame_lsb_matching_0.20.mkv,data/generated/video/vid_src_0096_stego_frame_lsb_matching_0.20.mkv,video,1,frame_lsb_matching,0.2,7a15a1716a03b68279cc6c1fc0a1b395492b6a998cda48d2c222434cc319cdc5,train
vid_src_0097,vid_src_0097_clean_01.mkv,data/generated/video/vid_src_0097_clean_01.mkv,video,0,clean,0.0,89d0020358073694a08535db3e0f9f4bf11a5c9e1206685dc301d2393b4b1bf5,val
vid_src_0097,vid_src_0097_clean_02.mkv,data/generated/video/vid_src_0097_clean_02.mkv,video,0,clean,0.0,4332e6e4b58e5b692cd0944f4c2be88ee19ddd4bf8a329952d0278a5799c8056,val
vid_src_0097,vid_src_0097_stego_frame_lsb_matching_0.20.mkv,data/generated/video/vid_src_0097_stego_frame_lsb_matching_0.20.mkv,video,1,frame_lsb_matching,0.2,9f8c19c8034adabf367de0d76296fc5d71e42404b291dc56688cde2e4fec1e68,val
vid_src_0097,vid_src_0097_stego_frame_lsb_0.40.mkv,data/generated/video/vid_src_0097_stego_frame_lsb_0.40.mkv,video,1,frame_lsb,0.4,0b8a646dad50ccfd01fc0f1300434084ad600208c4a884f1438b3d301a8f6e50,val
vid_src_0098,vid_src_0098_clean_01.mkv,data/generated/video/vid_src_0098_clean_01.mkv,video,0,clean,0.0,4499810f3824e697edc74285fb83f7545c1901dec21de984885aa6779960c299,train
vid_src_0098,vid_src_0098_clean_02.mkv,data/generated/video/vid_src_0098_clean_02.mkv,video,0,clean,0.0,64de405dd9552fcf0c5b8883e8b40bad1d6f0122563d972876fb931c1cb7ec0d,train
vid_src_0098,vid_src_0098_stego_frame_lsb_0.40.mkv,data/generated/video/vid_src_0098_stego_frame_lsb_0.40.mkv,video,1,frame_lsb,0.4,3530849790cca2a01133c15c04900f85284959b500d8eb860c093ff978ff792b,train
vid_src_0098,vid_src_0098_stego_frame_lsb_matching_0.10.mkv,data/generated/video/vid_src_0098_stego_frame_lsb_matching_0.10.mkv,video,1,frame_lsb_matching,0.1,de2cb7b0e193e6943196119e2c2c46b811425439c18e93d07853d3ba79eb076f,train
vid_src_0099,vid_src_0099_clean_01.mkv,data/generated/video/vid_src_0099_clean_01.mkv,video,0,clean,0.0,b557a872e9183f883010b583d9b42b5e92b79c02934b092bda1442bf5101a0be,train
vid_src_0099,vid_src_0099_clean_02.mkv,data/generated/video/vid_src_0099_clean_02.mkv,video,0,clean,0.0,fd3ae12fd3491d07072ad995543278e825c409e33ef37aae298473c7ba76860d,train
vid_src_0099,vid_src_0099_stego_frame_lsb_matching_0.10.mkv,data/generated/video/vid_src_0099_stego_frame_lsb_matching_0.10.mkv,video,1,frame_lsb_matching,0.1,93aea7c2de50a551509515abb4dbb157e976d9681a0079ab744dd3b57021376d,train
vid_src_0099,vid_src_0099_stego_frame_lsb_0.20.mkv,data/generated/video/vid_src_0099_stego_frame_lsb_0.20.mkv,video,1,frame_lsb,0.2,b273dcbbab68e340f7b58f91aea484830fb9d41a390b8bf87e4895a6a1f08e14,train
vid_src_0100,vid_src_0100_clean_01.mkv,data/generated/video/vid_src_0100_clean_01.mkv,video,0,clean,0.0,e0a3e57df7af8eea583a6c3e391fc3db800690db0ce532f6ac2b5666c18fc376,train
vid_src_0100,vid_src_0100_clean_02.mkv,data/generated/video/vid_src_0100_clean_02.mkv,video,0,clean,0.0,7cc8925f6f58a6e73e7da74ac013720cfc6319a4724c8b0f3a4e1468f685e012,train
vid_src_0100,vid_src_0100_stego_frame_lsb_0.20.mkv,data/generated/video/vid_src_0100_stego_frame_lsb_0.20.mkv,video,1,frame_lsb,0.2,0c20b8d3675a7e82e987cbbf195b3129e54fe39cd9f130a288c5ef3338ccbfb8,train
vid_src_0100,vid_src_0100_stego_frame_lsb_matching_0.40.mkv,data/generated/video/vid_src_0100_stego_frame_lsb_matching_0.40.mkv,video,1,frame_lsb_matching,0.4,33e79b488ef01d3a9ed90624c336656338b8bad141c5177b57e00c38c60ab81d,train
vid_src_0101,vid_src_0101_clean_01.mkv,data/generated/video/vid_src_0101_clean_01.mkv,video,0,clean,0.0,58349a81f466a2001feaea257533af0b347d625f1d78ce02abdc10da43054aab,val
vid_src_0101,vid_src_0101_clean_02.mkv,data/generated/video/vid_src_0101_clean_02.mkv,video,0,clean,0.0,a307a164330ddd8b5a5a620e753683893dff85b02b6b2d065addf8fdbd6e2644,val
vid_src_0101,vid_src_0101_stego_frame_lsb_matching_0.40.mkv,data/generated/video/vid_src_0101_stego_frame_lsb_matching_0.40.mkv,video,1,frame_lsb_matching,0.4,e79089f8ecbe54756161931b03d98a5efff7bf0e9796aceb78cc0a7ac75b9fc3,val
vid_src_0101,vid_src_0101_stego_frame_lsb_0.10.mkv,data/generated/video/vid_src_0101_stego_frame_lsb_0.10.mkv,video,1,frame_lsb,0.1,a4267e2745fe5aeb8784f6f12850e577a40c29501a6d774b93997a167326e3dc,val
vid_src_0102,vid_src_0102_clean_01.mkv,data/generated/video/vid_src_0102_clean_01.mkv,video,0,clean,0.0,e161c856cef45e3ae0278b5b323f3301a527910bd881d3cb17ad8a6befd49983,train
vid_src_0102,vid_src_0102_clean_02.mkv,data/generated/video/vid_src_0102_clean_02.mkv,video,0,clean,0.0,814a74db127477a87a61579c567128111c70efc2dfce979a3dfa59b241aa00c4,train
vid_src_0102,vid_src_0102_stego_frame_lsb_0.10.mkv,data/generated/video/vid_src_0102_stego_frame_lsb_0.10.mkv,video,1,frame_lsb,0.1,c0d04d97ca940dc3d9646c384da94a7b3590b45278ff36e3f51028d1397afa14,train
vid_src_0102,vid_src_0102_stego_frame_lsb_matching_0.20.mkv,data/generated/video/vid_src_0102_stego_frame_lsb_matching_0.20.mkv,video,1,frame_lsb_matching,0.2,ca2436dfdf3c8ae4233b8cd910e9d9c356af6f842503982b4b4f975b72d3eea6,train
vid_src_0103,vid_src_0103_clean_01.mkv,data/generated/video/vid_src_0103_clean_01.mkv,video,0,clean,0.0,e59f87702ae39133ef7a5d17c0c58006dc398fed5b32dc8295fcc14221217a74,val
vid_src_0103,vid_src_0103_clean_02.mkv,data/generated/video/vid_src_0103_clean_02.mkv,video,0,clean,0.0,ecd21bd75999e06a3ce253586548b013f5547a3ae7aa625964f562b61bced12d,val
vid_src_0103,vid_src_0103_stego_frame_lsb_matching_0.20.mkv,data/generated/video/vid_src_0103_stego_frame_lsb_matching_0.20.mkv,video,1,frame_lsb_matching,0.2,c086dddc8e0ca72c77a33bbc8306f4686cffc1f71742544a0cc23d6b02b710ae,val
vid_src_0103,vid_src_0103_stego_frame_lsb_0.40.mkv,data/generated/video/vid_src_0103_stego_frame_lsb_0.40.mkv,video,1,frame_lsb,0.4,f13812d5e2a80329bf1815193173ec908d78afd6df93a3e0a49145269bbcddd5,val
vid_src_0104,vid_src_0104_clean_01.mkv,data/generated/video/vid_src_0104_clean_01.mkv,video,0,clean,0.0,13390110143b626bb953a19941ed919256a0667466905fa724219db28da84e07,test
vid_src_0104,vid_src_0104_clean_02.mkv,data/generated/video/vid_src_0104_clean_02.mkv,video,0,clean,0.0,116fbb1db0318e22a987d8bebc71954cd571fda9087902e2f1407c8c8e159165,test
vid_src_0104,vid_src_0104_stego_frame_lsb_0.40.mkv,data/generated/video/vid_src_0104_stego_frame_lsb_0.40.mkv,video,1,frame_lsb,0.4,b4186644b97552859d49faf9b9c76be804c50b223d5312bba95170dab51e4a02,test
vid_src_0104,vid_src_0104_stego_frame_lsb_matching_0.10.mkv,data/generated/video/vid_src_0104_stego_frame_lsb_matching_0.10.mkv,video,1,frame_lsb_matching,0.1,f900afe2d55371c49d1f3d74723d92083a33c9970412df1e95090c355385647f,test
vid_src_0105,vid_src_0105_clean_01.mkv,data/generated/video/vid_src_0105_clean_01.mkv,video,0,clean,0.0,bb426a16d4f7b44f96bb0fe0b9bc0e69b65aad86950ba68a986985f5f1c47466,train
vid_src_0105,vid_src_0105_clean_02.mkv,data/generated/video/vid_src_0105_clean_02.mkv,video,0,clean,0.0,ab4ef88eca75673fddb71c0be64a09889b82c806f10c275fdbd10bb4a10231c5,train
vid_src_0105,vid_src_0105_stego_frame_lsb_matching_0.10.mkv,data/generated/video/vid_src_0105_stego_frame_lsb_matching_0.10.mkv,video,1,frame_lsb_matching,0.1,84f03677fb413f7f50ab4f43d779c60a52a3c37196509020af74e756699c6575,train
vid_src_0105,vid_src_0105_stego_frame_lsb_0.20.mkv,data/generated/video/vid_src_0105_stego_frame_lsb_0.20.mkv,video,1,frame_lsb,0.2,63fb36e10451271eb529fba508b0dc0966f4da1e8942fecfe0ce5fd011cf0a65,train
vid_src_0106,vid_src_0106_clean_01.mkv,data/generated/video/vid_src_0106_clean_01.mkv,video,0,clean,0.0,b2ee43ab58f551055df000b713ab4793e68119ff82f57c37ac5482e21ec4ed41,val
vid_src_0106,vid_src_0106_clean_02.mkv,data/generated/video/vid_src_0106_clean_02.mkv,video,0,clean,0.0,9d01cfdeb3ea4c61e576604b8ab30add00f0f41804edbfe7e1b80308363e52bd,val
vid_src_0106,vid_src_0106_stego_frame_lsb_0.20.mkv,data/generated/video/vid_src_0106_stego_frame_lsb_0.20.mkv,video,1,frame_lsb,0.2,244fd6782a026e915110780726672ba37117fa80239481f06c587c0f48d62bc2,val
vid_src_0106,vid_src_0106_stego_frame_lsb_matching_0.40.mkv,data/generated/video/vid_src_0106_stego_frame_lsb_matching_0.40.mkv,video,1,frame_lsb_matching,0.4,2ec6163fc4148020668f541a5875f1c79f36186c7304ab2f44dc9c247b96bf14,val
vid_src_0107,vid_src_0107_clean_01.mkv,data/generated/video/vid_src_0107_clean_01.mkv,video,0,clean,0.0,603dee57821245899dd26a74bf71ced59dec7f3eed1dc9d05d116eac631794a1,val
vid_src_0107,vid_src_0107_clean_02.mkv,data/generated/video/vid_src_0107_clean_02.mkv,video,0,clean,0.0,70cc7a67364a9bf69fecd25e70d92a519b8e761f13587de559f6f9d399e7e015,val
vid_src_0107,vid_src_0107_stego_frame_lsb_matching_0.40.mkv,data/generated/video/vid_src_0107_stego_frame_lsb_matching_0.40.mkv,video,1,frame_lsb_matching,0.4,a25c1b7204ed19ca517a5eb7a12247e30fe669b90707387cc21b217f8a75942f,val
vid_src_0107,vid_src_0107_stego_frame_lsb_0.10.mkv,data/generated/video/vid_src_0107_stego_frame_lsb_0.10.mkv,video,1,frame_lsb,0.1,3416680b8f7ec29a4f09cdaaff7a31db249bbad71bceebdcf06fff4f24b16c79,val
vid_src_0108,vid_src_0108_clean_01.mkv,data/generated/video/vid_src_0108_clean_01.mkv,video,0,clean,0.0,08cc644a4f411873d4415643409d02718004d3c1bb4c635c749ab6e5d89e6574,train
vid_src_0108,vid_src_0108_clean_02.mkv,data/generated/video/vid_src_0108_clean_02.mkv,video,0,clean,0.0,2c83412157feeebe07b1de386daf23487ffc7f2de55faca5639367bf55329bc5,train
vid_src_0108,vid_src_0108_stego_frame_lsb_0.10.mkv,data/generated/video/vid_src_0108_stego_frame_lsb_0.10.mkv,video,1,frame_lsb,0.1,07e9f02bc861ff220f550ce641ca99aafced0945350af7dc7425501484954c40,train
vid_src_0108,vid_src_0108_stego_frame_lsb_matching_0.20.mkv,data/generated/video/vid_src_0108_stego_frame_lsb_matching_0.20.mkv,video,1,frame_lsb_matching,0.2,9c38ae7674ec392a41b0f279d9bef9f495f589b5be92615a63fbf1b9f345ad14,train
vid_src_0109,vid_src_0109_clean_01.mkv,data/generated/video/vid_src_0109_clean_01.mkv,video,0,clean,0.0,2b6c4f0171b77e248c884243baa3e96927b8fbfd661bd01ad4d58ff25cf94d0d,train
vid_src_0109,vid_src_0109_clean_02.mkv,data/generated/video/vid_src_0109_clean_02.mkv,video,0,clean,0.0,a2edf0bce66b3bbc4765b037702412842d80b5670b2e0b2a9af26b17298f3c83,train
vid_src_0109,vid_src_0109_stego_frame_lsb_matching_0.20.mkv,data/generated/video/vid_src_0109_stego_frame_lsb_matching_0.20.mkv,video,1,frame_lsb_matching,0.2,340d36c18910e278c3695c1de220ea696ba79a69fb3b86157061c7cbe83acb27,train
vid_src_0109,vid_src_0109_stego_frame_lsb_0.40.mkv,data/generated/video/vid_src_0109_stego_frame_lsb_0.40.mkv,video,1,frame_lsb,0.4,9c28872915389eb445cb147a44818ed4b89e3da06dcc2dc0a50711491ef7935d,train
vid_src_0110,vid_src_0110_clean_01.mkv,data/generated/video/vid_src_0110_clean_01.mkv,video,0,clean,0.0,d6573562bc25b0a760d56f8f947887ca82d29f6773ea9346a5ad5dde01e4e18e,train
vid_src_0110,vid_src_0110_clean_02.mkv,data/generated/video/vid_src_0110_clean_02.mkv,video,0,clean,0.0,416e6e2b5cf8fcb3a1488c1be28a220666cdb31bc9a0cedfa716241a1178d32e,train
vid_src_0110,vid_src_0110_stego_frame_lsb_0.40.mkv,data/generated/video/vid_src_0110_stego_frame_lsb_0.40.mkv,video,1,frame_lsb,0.4,951ac61199e190baa84ec94fcbf1598d2ded578a15e7825df3317fe3a12eaa2b,train
vid_src_0110,vid_src_0110_stego_frame_lsb_matching_0.10.mkv,data/generated/video/vid_src_0110_stego_frame_lsb_matching_0.10.mkv,video,1,frame_lsb_matching,0.1,633783343e8c8732d3fb85746d7c111017ba6ae3b56fa152d94af509b0295712,train
vid_src_0111,vid_src_0111_clean_01.mkv,data/generated/video/vid_src_0111_clean_01.mkv,video,0,clean,0.0,c63110922655b4af4f6ba5ac4ecc26c78fff8dbc01545b3aa56c0fbc044d01c0,val
vid_src_0111,vid_src_0111_clean_02.mkv,data/generated/video/vid_src_0111_clean_02.mkv,video,0,clean,0.0,4dffd55387232ce25e914a04f7132e0175ca38711f71745342200754537bdc86,val
vid_src_0111,vid_src_0111_stego_frame_lsb_matching_0.10.mkv,data/generated/video/vid_src_0111_stego_frame_lsb_matching_0.10.mkv,video,1,frame_lsb_matching,0.1,3ed2247e7dd8028c2b3659b07c78faf8c8a767f78e8eb3a84d3de70692ff3e59,val
vid_src_0111,vid_src_0111_stego_frame_lsb_0.20.mkv,data/generated/video/vid_src_0111_stego_frame_lsb_0.20.mkv,video,1,frame_lsb,0.2,a50e9430f92aac7ec7ab21da59be92af5fe076caad025fe81f5ffcc90f3e9a8f,val
vid_src_0112,vid_src_0112_clean_01.mkv,data/generated/video/vid_src_0112_clean_01.mkv,video,0,clean,0.0,b847ebe1940960d0c95a41316b0e91da3031fc9c2d5bb79bcf76ce3fbe109817,train
vid_src_0112,vid_src_0112_clean_02.mkv,data/generated/video/vid_src_0112_clean_02.mkv,video,0,clean,0.0,31f1c0693f5d523d8b4d3ca6c4f79558c7acbf01c3e7ee43830b795f863da24e,train
vid_src_0112,vid_src_0112_stego_frame_lsb_0.20.mkv,data/generated/video/vid_src_0112_stego_frame_lsb_0.20.mkv,video,1,frame_lsb,0.2,e4f2af032f4c5f6ee497f3514f5ed2f8f674b8ac2fc1c0670d9264fbb6564f49,train
vid_src_0112,vid_src_0112_stego_frame_lsb_matching_0.40.mkv,data/generated/video/vid_src_0112_stego_frame_lsb_matching_0.40.mkv,video,1,frame_lsb_matching,0.4,6be537a992f82202726df916dacf7987eeb7be1852ede97ddccbd621b31c2ed5,train
vid_src_0113,vid_src_0113_clean_01.mkv,data/generated/video/vid_src_0113_clean_01.mkv,video,0,clean,0.0,19c9aa24fe6ddd9444e70b4b5e294ec2a1e6e177efcf373e6d0f02822ea4bf27,train
vid_src_0113,vid_src_0113_clean_02.mkv,data/generated/video/vid_src_0113_clean_02.mkv,video,0,clean,0.0,e09925391303552c127e3fdc19e6cf8f55a4c7f10fc2fff897645bcd52491225,train
vid_src_0113,vid_src_0113_stego_frame_lsb_matching_0.40.mkv,data/generated/video/vid_src_0113_stego_frame_lsb_matching_0.40.mkv,video,1,frame_lsb_matching,0.4,e708661002075183a3639c0397022b46f73628d2c4e9a9dd6ebe375be32a53e2,train
vid_src_0113,vid_src_0113_stego_frame_lsb_0.10.mkv,data/generated/video/vid_src_0113_stego_frame_lsb_0.10.mkv,video,1,frame_lsb,0.1,7b959def84b0ac264819a1eac8839cb5a5f8e4d4b9be3b985bbe5e3eada722a6,train
vid_src_0114,vid_src_0114_clean_01.mkv,data/generated/video/vid_src_0114_clean_01.mkv,video,0,clean,0.0,302d3b07802fa2bcbab55020572d18e85f05fc9d31b19659ce1baf1fc276cf0f,train
vid_src_0114,vid_src_0114_clean_02.mkv,data/generated/video/vid_src_0114_clean_02.mkv,video,0,clean,0.0,13f91a96564815ff5e862480be68285afaf383b8cf5ca8386f0d44ca40b3040f,train
vid_src_0114,vid_src_0114_stego_frame_lsb_0.10.mkv,data/generated/video/vid_src_0114_stego_frame_lsb_0.10.mkv,video,1,frame_lsb,0.1,969484f53f11e5c8306e0d72dfa4e7c9f62db4f0c885e2c93d482d42345cb32a,train
vid_src_0114,vid_src_0114_stego_frame_lsb_matching_0.20.mkv,data/generated/video/vid_src_0114_stego_frame_lsb_matching_0.20.mkv,video,1,frame_lsb_matching,0.2,246dd87db2eafb02af39611a3533c04466adadeb90d9e954538d0734be1e5bd0,train
vid_src_0115,vid_src_0115_clean_01.mkv,data/generated/video/vid_src_0115_clean_01.mkv,video,0,clean,0.0,49a91e29a1de5205b367682991041ee8f5685ea60040f148a786e1c87ac283ed,train
vid_src_0115,vid_src_0115_clean_02.mkv,data/generated/video/vid_src_0115_clean_02.mkv,video,0,clean,0.0,eabf97ed962dc274ba4d4df9ca504a3aba620eb4c13ea64fe9ce6fea60ed7e51,train
vid_src_0115,vid_src_0115_stego_frame_lsb_matching_0.20.mkv,data/generated/video/vid_src_0115_stego_frame_lsb_matching_0.20.mkv,video,1,frame_lsb_matching,0.2,0b925748a820fc812c7f317ad7b2b44e953243a23295bb6b6fc43d49ceaf7b16,train
vid_src_0115,vid_src_0115_stego_frame_lsb_0.40.mkv,data/generated/video/vid_src_0115_stego_frame_lsb_0.40.mkv,video,1,frame_lsb,0.4,d028acbf3fbd4bc465c305fcc065a4f526c49000126d0fe25fa0c7d3807104ca,train
vid_src_0116,vid_src_0116_clean_01.mkv,data/generated/video/vid_src_0116_clean_01.mkv,video,0,clean,0.0,776a6babd67bfc8d16dff3827a4ed7e28818b65f65484750c2c66bac5c2ee847,test
vid_src_0116,vid_src_0116_clean_02.mkv,data/generated/video/vid_src_0116_clean_02.mkv,video,0,clean,0.0,d8cae10ecd986828a8438954647607762ecf762760421ac05c2a7deb49fe14b6,test
vid_src_0116,vid_src_0116_stego_frame_lsb_0.40.mkv,data/generated/video/vid_src_0116_stego_frame_lsb_0.40.mkv,video,1,frame_lsb,0.4,35ae98e18bc10d9bf5186c46327e18805a6a77a96ae5cd4814a1cc40f12323d1,test
vid_src_0116,vid_src_0116_stego_frame_lsb_matching_0.10.mkv,data/generated/video/vid_src_0116_stego_frame_lsb_matching_0.10.mkv,video,1,frame_lsb_matching,0.1,c3121b559655bc7822d8e56b068da670c91f1aafd58befc915c3b70a3da2f171,test
vid_src_0117,vid_src_0117_clean_01.mkv,data/generated/video/vid_src_0117_clean_01.mkv,video,0,clean,0.0,a178410c6b01860dc7916272368b1ee84edca78208c7bc3a153cfe775408a51e,train
vid_src_0117,vid_src_0117_clean_02.mkv,data/generated/video/vid_src_0117_clean_02.mkv,video,0,clean,0.0,020990b4a919f15a958a5fb877f4ffdc96b3473b3986b22697a2fc5e549b6d69,train
vid_src_0117,vid_src_0117_stego_frame_lsb_matching_0.10.mkv,data/generated/video/vid_src_0117_stego_frame_lsb_matching_0.10.mkv,video,1,frame_lsb_matching,0.1,b31bef24d0ddf959a8df84e0156c3dd8f7637b21fe2215d9ffeef575bbaaa7cf,train
vid_src_0117,vid_src_0117_stego_frame_lsb_0.20.mkv,data/generated/video/vid_src_0117_stego_frame_lsb_0.20.mkv,video,1,frame_lsb,0.2,e3c2a98bb940356f6625a899a545c5ba940edebda80261e6f27bf5795008b601,train
vid_src_0118,vid_src_0118_clean_01.mkv,data/generated/video/vid_src_0118_clean_01.mkv,video,0,clean,0.0,33f321ab84248cc5cc493408c4c98f2195dee53017ffd2615a258af64f3c5209,train
vid_src_0118,vid_src_0118_clean_02.mkv,data/generated/video/vid_src_0118_clean_02.mkv,video,0,clean,0.0,e12eed74fb9469c888ec0850349d8f57f328d081ccdfa13a54eafb1d66b08c13,train
vid_src_0118,vid_src_0118_stego_frame_lsb_0.20.mkv,data/generated/video/vid_src_0118_stego_frame_lsb_0.20.mkv,video,1,frame_lsb,0.2,833ed822f7e22ebe4f4e55c26d402c9f110980d42b3d20ba314d409cb9a69baf,train
vid_src_0118,vid_src_0118_stego_frame_lsb_matching_0.40.mkv,data/generated/video/vid_src_0118_stego_frame_lsb_matching_0.40.mkv,video,1,frame_lsb_matching,0.4,30d7e62e688c6a0801485e63ab9fdde9eedc91c96e48b6e09984c0e46bf07a92,train
vid_src_0119,vid_src_0119_clean_01.mkv,data/generated/video/vid_src_0119_clean_01.mkv,video,0,clean,0.0,ff90318373a0a865d66a7eaef8a3d55fe3d05c4eeb053621e50081d31df3f6d3,val
vid_src_0119,vid_src_0119_clean_02.mkv,data/generated/video/vid_src_0119_clean_02.mkv,video,0,clean,0.0,8cb67cb8f4f9d97456f90ee200b9f8468ea3b1184088d8244ab12191b7f4cefc,val
vid_src_0119,vid_src_0119_stego_frame_lsb_matching_0.40.mkv,data/generated/video/vid_src_0119_stego_frame_lsb_matching_0.40.mkv,video,1,frame_lsb_matching,0.4,8465ab2429f0a62ef3b4e8f4b4156fc6a8294a816c00994fa04675bbabbc6c58,val
vid_src_0119,vid_src_0119_stego_frame_lsb_0.10.mkv,data/generated/video/vid_src_0119_stego_frame_lsb_0.10.mkv,video,1,frame_lsb,0.1,75b2753998066f92cff38e2abec47053029c99ace38d94a0007366eb2cd9e6e3,val
vid_src_0120,vid_src_0120_clean_01.mkv,data/generated/video/vid_src_0120_clean_01.mkv,video,0,clean,0.0,bb8123d67debdd659134a79bb9cd3858b0cfaaf8b3dcdcca229b01664c84fec4,train
vid_src_0120,vid_src_0120_clean_02.mkv,data/generated/video/vid_src_0120_clean_02.mkv,video,0,clean,0.0,6583e531d14c3ee2ca20912e8c7c19a7e1ee34773248576fcfd88a7bd1697986,train
vid_src_0120,vid_src_0120_stego_frame_lsb_0.10.mkv,data/generated/video/vid_src_0120_stego_frame_lsb_0.10.mkv,video,1,frame_lsb,0.1,f8d97f35e07dcd5b343cb3b5ad52f717a2b6edcef6e98ca38ee24d4fbb43b7bc,train
vid_src_0120,vid_src_0120_stego_frame_lsb_matching_0.20.mkv,data/generated/video/vid_src_0120_stego_frame_lsb_matching_0.20.mkv,video,1,frame_lsb_matching,0.2,e0e765f11d4bda827d2c1b51d225745aa036f9bc40f592be9632a3512825ee3c,train
vid_src_0121,vid_src_0121_clean_01.mkv,data/generated/video/vid_src_0121_clean_01.mkv,video,0,clean,0.0,efaae98975f8014d465e44f60e407e05fa5d1d05c7a51321c65f13490ed51c0b,val
vid_src_0121,vid_src_0121_clean_02.mkv,data/generated/video/vid_src_0121_clean_02.mkv,video,0,clean,0.0,0284aca4afa08ca9022e02ee8e04e0975e5c16ded5bcf348bbc43efe054dcacd,val
vid_src_0121,vid_src_0121_stego_frame_lsb_matching_0.20.mkv,data/generated/video/vid_src_0121_stego_frame_lsb_matching_0.20.mkv,video,1,frame_lsb_matching,0.2,8f908ed37c0579198a88df939b5c9a8b1be78fa9eaf74363cfd0a6803720c0af,val
vid_src_0121,vid_src_0121_stego_frame_lsb_0.40.mkv,data/generated/video/vid_src_0121_stego_frame_lsb_0.40.mkv,video,1,frame_lsb,0.4,a739d2ee909bf77c21a96a4922ce87b63523efb54bb3c212d370721cc37a4d56,val
vid_src_0122,vid_src_0122_clean_01.mkv,data/generated/video/vid_src_0122_clean_01.mkv,video,0,clean,0.0,83cdf324c3901d29e6740fdc97bf4e09a296887696316009a805101da277d306,test
vid_src_0122,vid_src_0122_clean_02.mkv,data/generated/video/vid_src_0122_clean_02.mkv,video,0,clean,0.0,34d2f31e87d6a941dccaa44f64d97058ccc3fc779354353a172c8d219a4080cd,test
vid_src_0122,vid_src_0122_stego_frame_lsb_0.40.mkv,data/generated/video/vid_src_0122_stego_frame_lsb_0.40.mkv,video,1,frame_lsb,0.4,c026152be4548743bad0898a8be3b8baa5141cff39a0e4413bea1dc6fc94e9f5,test
vid_src_0122,vid_src_0122_stego_frame_lsb_matching_0.10.mkv,data/generated/video/vid_src_0122_stego_frame_lsb_matching_0.10.mkv,video,1,frame_lsb_matching,0.1,e6da4a262c970676c82d78df7027b5864c27ce18c054893036b7a9fa7633b0e0,test
vid_src_0123,vid_src_0123_clean_01.mkv,data/generated/video/vid_src_0123_clean_01.mkv,video,0,clean,0.0,6137de15aea9f8bec6479788f8d39893123133843b0c32704354e0c1834dd474,test
vid_src_0123,vid_src_0123_clean_02.mkv,data/generated/video/vid_src_0123_clean_02.mkv,video,0,clean,0.0,020e0e6d52010d420406a18d958ef9bb0edcfeacda712c140b1084cee2405aa1,test
vid_src_0123,vid_src_0123_stego_frame_lsb_matching_0.10.mkv,data/generated/video/vid_src_0123_stego_frame_lsb_matching_0.10.mkv,video,1,frame_lsb_matching,0.1,f07e5e9aa6035e53b8f88968bb03fdd8e9f8e1fdf9a620a3ff3d3cc95ab3f590,test
vid_src_0123,vid_src_0123_stego_frame_lsb_0.20.mkv,data/generated/video/vid_src_0123_stego_frame_lsb_0.20.mkv,video,1,frame_lsb,0.2,e8190883aae6ddd3e11161dfd768949b390e2646aed6007ba8da444a4b980430,test
vid_src_0124,vid_src_0124_clean_01.mkv,data/generated/video/vid_src_0124_clean_01.mkv,video,0,clean,0.0,a0aaaf4afa184b7df98cace19cf810b06facce19a914c35f09438a4095ad94c8,train
vid_src_0124,vid_src_0124_clean_02.mkv,data/generated/video/vid_src_0124_clean_02.mkv,video,0,clean,0.0,e3f299a3f2a46b18f0659b835a56c23d8932a05ea3c847446509f333816afb0b,train
vid_src_0124,vid_src_0124_stego_frame_lsb_0.20.mkv,data/generated/video/vid_src_0124_stego_frame_lsb_0.20.mkv,video,1,frame_lsb,0.2,515dd26c8f8ddc3d4f20f55206633b914d55f28d18684dcbff007c6ac1ab252d,train
vid_src_0124,vid_src_0124_stego_frame_lsb_matching_0.40.mkv,data/generated/video/vid_src_0124_stego_frame_lsb_matching_0.40.mkv,video,1,frame_lsb_matching,0.4,729b51b5e3aac0d9e6deeb0d5112176d8ae562e0a751dc6b7e173e5dab1d941d,train
vid_src_0125,vid_src_0125_clean_01.mkv,data/generated/video/vid_src_0125_clean_01.mkv,video,0,clean,0.0,5a84903f76758442a96dc0e84cf32b60a7d90b9531f5d8fa59f7f1fc84419f02,val
vid_src_0125,vid_src_0125_clean_02.mkv,data/generated/video/vid_src_0125_clean_02.mkv,video,0,clean,0.0,5cc5fa2399507127c8709b8f435698e55f08806eb34faa4e77c04bc9c0b894e6,val
vid_src_0125,vid_src_0125_stego_frame_lsb_matching_0.40.mkv,data/generated/video/vid_src_0125_stego_frame_lsb_matching_0.40.mkv,video,1,frame_lsb_matching,0.4,fd23faf92c36181d4e1ffb8a628d3c3d153c06c5b6d3838ca00225c21552f784,val
vid_src_0125,vid_src_0125_stego_frame_lsb_0.10.mkv,data/generated/video/vid_src_0125_stego_frame_lsb_0.10.mkv,video,1,frame_lsb,0.1,f7e53d0fbac9a877a2fde2a1c471adbed9b95e3182718ac9e944611f9e984443,val
vid_src_0126,vid_src_0126_clean_01.mkv,data/generated/video/vid_src_0126_clean_01.mkv,video,0,clean,0.0,78fd761380fe0d402f9b612e78a9d362ac8fb3208d747229b60f0dcc1d50959e,test
vid_src_0126,vid_src_0126_clean_02.mkv,data/generated/video/vid_src_0126_clean_02.mkv,video,0,clean,0.0,46693a111b5c7a32e0034f19e09b18852d84002bf265be604598e355bd5e66d5,test
vid_src_0126,vid_src_0126_stego_frame_lsb_0.10.mkv,data/generated/video/vid_src_0126_stego_frame_lsb_0.10.mkv,video,1,frame_lsb,0.1,78b97e2d77a782e117ae640faf9bbc4d3f91c45f3a66b8eca67b1b855c082f29,test
vid_src_0126,vid_src_0126_stego_frame_lsb_matching_0.20.mkv,data/generated/video/vid_src_0126_stego_frame_lsb_matching_0.20.mkv,video,1,frame_lsb_matching,0.2,ca525e2e7c05c731ff02994fbc3809e99bb78b5205e7d4cfb12803ffd0167fc2,test
vid_src_0127,vid_src_0127_clean_01.mkv,data/generated/video/vid_src_0127_clean_01.mkv,video,0,clean,0.0,63c2ea6222750044aeca10e7e859f0fd14a5be6894a4e9cf76b0b18e7e28fc72,train
vid_src_0127,vid_src_0127_clean_02.mkv,data/generated/video/vid_src_0127_clean_02.mkv,video,0,clean,0.0,97c245ce386892dc111aa542cabd10fecec0feba0ad72b568834d82907bc40e9,train
vid_src_0127,vid_src_0127_stego_frame_lsb_matching_0.20.mkv,data/generated/video/vid_src_0127_stego_frame_lsb_matching_0.20.mkv,video,1,frame_lsb_matching,0.2,df067134ddd4252662f1c05382a758fd70ee4552ff95961b36e6e24d4e0491b3,train
vid_src_0127,vid_src_0127_stego_frame_lsb_0.40.mkv,data/generated/video/vid_src_0127_stego_frame_lsb_0.40.mkv,video,1,frame_lsb,0.4,ebba7a0f2140584d88fd19c5d2e996a81b05b96c0bce97252a9b4b3a682031ae,train
vid_src_0128,vid_src_0128_clean_01.mkv,data/generated/video/vid_src_0128_clean_01.mkv,video,0,clean,0.0,97c0d823cca847b47fddee24b5b4f24defd060494f2d6629e90a9707710577a0,train
vid_src_0128,vid_src_0128_clean_02.mkv,data/generated/video/vid_src_0128_clean_02.mkv,video,0,clean,0.0,33db8bc48261136813f9963ab0a063a5bafb061c5d653fc07fbfe65f54cc88e3,train
vid_src_0128,vid_src_0128_stego_frame_lsb_0.40.mkv,data/generated/video/vid_src_0128_stego_frame_lsb_0.40.mkv,video,1,frame_lsb,0.4,2ffda1ec49b0f4e2a73ac2af9cd8d51cff8a523e259852ae02f2aac520bdf3f7,train
vid_src_0128,vid_src_0128_stego_frame_lsb_matching_0.10.mkv,data/generated/video/vid_src_0128_stego_frame_lsb_matching_0.10.mkv,video,1,frame_lsb_matching,0.1,15926610c1ecef338d416c4c04e91b662278e0656bfcc46d8ca26dea2dd65334,train
vid_src_0129,vid_src_0129_clean_01.mkv,data/generated/video/vid_src_0129_clean_01.mkv,video,0,clean,0.0,e4a547247b65fbb346967533a45a457450f359026ed35a7eb91ad515c1819780,train
vid_src_0129,vid_src_0129_clean_02.mkv,data/generated/video/vid_src_0129_clean_02.mkv,video,0,clean,0.0,e8bcefd93547dc7ca9d3c6a1ef38662cbadc82c97c6dc4e21781ba17486bbff9,train
vid_src_0129,vid_src_0129_stego_frame_lsb_matching_0.10.mkv,data/generated/video/vid_src_0129_stego_frame_lsb_matching_0.10.mkv,video,1,frame_lsb_matching,0.1,e24381313066bfe83932417447b780204213fd23136877a76c536837c1d8014a,train
vid_src_0129,vid_src_0129_stego_frame_lsb_0.20.mkv,data/generated/video/vid_src_0129_stego_frame_lsb_0.20.mkv,video,1,frame_lsb,0.2,869ba00bd330ab67aeafd41ed3cfd31cf1daf093a106f15a41f177c74c3519e0,train
vid_src_0130,vid_src_0130_clean_01.mkv,data/generated/video/vid_src_0130_clean_01.mkv,video,0,clean,0.0,09ca02f8c206d3cf52c864f8bd24c842e35bba2f30598b5aa70ec138661d1505,test
vid_src_0130,vid_src_0130_clean_02.mkv,data/generated/video/vid_src_0130_clean_02.mkv,video,0,clean,0.0,287c93c0cf86e4b0c1215cca0a5fff90380b49511c8d3a6da17b9bc933f9f43f,test
vid_src_0130,vid_src_0130_stego_frame_lsb_0.20.mkv,data/generated/video/vid_src_0130_stego_frame_lsb_0.20.mkv,video,1,frame_lsb,0.2,b1c3e2105f34d53285db44066b1ce5291d4890ee8820be2cd2a619d449d8e027,test
vid_src_0130,vid_src_0130_stego_frame_lsb_matching_0.40.mkv,data/generated/video/vid_src_0130_stego_frame_lsb_matching_0.40.mkv,video,1,frame_lsb_matching,0.4,1bcefccfc042b9bd2485f4df7253f2e328f1264548cf635ad0807445203f7688,test
vid_src_0131,vid_src_0131_clean_01.mkv,data/generated/video/vid_src_0131_clean_01.mkv,video,0,clean,0.0,56c62c0938c0bcaaf9a037dfa10a17e28461e644ef854de15292c19e7085cc05,train
vid_src_0131,vid_src_0131_clean_02.mkv,data/generated/video/vid_src_0131_clean_02.mkv,video,0,clean,0.0,638c83dbd9a5ab83565cd83677b86365bea0dc0ca382e6782bc09f80eee02bfb,train
vid_src_0131,vid_src_0131_stego_frame_lsb_matching_0.40.mkv,data/generated/video/vid_src_0131_stego_frame_lsb_matching_0.40.mkv,video,1,frame_lsb_matching,0.4,b12fb81f989851a8c98b588b735926daac5cef7bf8fe2f6f83a21f87b5533a49,train
vid_src_0131,vid_src_0131_stego_frame_lsb_0.10.mkv,data/generated/video/vid_src_0131_stego_frame_lsb_0.10.mkv,video,1,frame_lsb,0.1,7713af674dba5962ac221e4e6c5c9c8e30f623550b8afe80ec625624148b5d3b,train
vid_src_0132,vid_src_0132_clean_01.mkv,data/generated/video/vid_src_0132_clean_01.mkv,video,0,clean,0.0,752c968ecc090d25552cdc5c2aa7da51dcb2369e5ddc6925258fc22e7935e477,train
vid_src_0132,vid_src_0132_clean_02.mkv,data/generated/video/vid_src_0132_clean_02.mkv,video,0,clean,0.0,e0b1931e308a644c1e7498a7082617f406066268ed86c4c6ff2e9b1eea607e06,train
vid_src_0132,vid_src_0132_stego_frame_lsb_0.10.mkv,data/generated/video/vid_src_0132_stego_frame_lsb_0.10.mkv,video,1,frame_lsb,0.1,1993b5e03798062efaf5559b463fef3a6125eaf9fee4a8484b370dd472e531b3,train
vid_src_0132,vid_src_0132_stego_frame_lsb_matching_0.20.mkv,data/generated/video/vid_src_0132_stego_frame_lsb_matching_0.20.mkv,video,1,frame_lsb_matching,0.2,c6f9b5cc1b08b97f3ccbdc4c2b1253cdc66fa8b4b42c34a346e0d7ce745ed54a,train
vid_src_0133,vid_src_0133_clean_01.mkv,data/generated/video/vid_src_0133_clean_01.mkv,video,0,clean,0.0,47140e6a7c26f9b777f505182116eb03b0d4a12784f9964981d9f8710d814894,train
vid_src_0133,vid_src_0133_clean_02.mkv,data/generated/video/vid_src_0133_clean_02.mkv,video,0,clean,0.0,2d3c5a2d2db12693e5abae19ebb3d3f67e35672a8f1c887bfc1c8bb693699d21,train
vid_src_0133,vid_src_0133_stego_frame_lsb_matching_0.20.mkv,data/generated/video/vid_src_0133_stego_frame_lsb_matching_0.20.mkv,video,1,frame_lsb_matching,0.2,b99818492a46c23e49bd636c67294073cec46f7e03c4b5e08e57b85d1082d824,train
vid_src_0133,vid_src_0133_stego_frame_lsb_0.40.mkv,data/generated/video/vid_src_0133_stego_frame_lsb_0.40.mkv,video,1,frame_lsb,0.4,3b57dd0d51a28edf850051e2d36b766b1b238e074c3aad5c6f249c3ab439354c,train
vid_src_0134,vid_src_0134_clean_01.mkv,data/generated/video/vid_src_0134_clean_01.mkv,video,0,clean,0.0,6ae6df4e05646ec6ccbe564e9e527f215202fd0e3fb9bbd79b141dac2ee658e9,train
vid_src_0134,vid_src_0134_clean_02.mkv,data/generated/video/vid_src_0134_clean_02.mkv,video,0,clean,0.0,c42ff7ddd33480770aeab1a37049dc6d919538ab3e1431b25fe31cee7429c3c6,train
vid_src_0134,vid_src_0134_stego_frame_lsb_0.40.mkv,data/generated/video/vid_src_0134_stego_frame_lsb_0.40.mkv,video,1,frame_lsb,0.4,45e0485e19818f786d43e4a778fc730c5630e7fa612543b1ed552c36a9330e4a,train
vid_src_0134,vid_src_0134_stego_frame_lsb_matching_0.10.mkv,data/generated/video/vid_src_0134_stego_frame_lsb_matching_0.10.mkv,video,1,frame_lsb_matching,0.1,7ed359a058592ad1738adbc237dd843fef3b6e46933f775f2d471441b1671c1e,train
vid_src_0135,vid_src_0135_clean_01.mkv,data/generated/video/vid_src_0135_clean_01.mkv,video,0,clean,0.0,fb2bc7bb6f480bb81a8f7e3b82044dccddb6b48d14d2b5284b3065710fa32d87,train
vid_src_0135,vid_src_0135_clean_02.mkv,data/generated/video/vid_src_0135_clean_02.mkv,video,0,clean,0.0,ba61b797124750abb68278889d5f697cb2bbd63ef5b925794fa641b329b8a6c9,train
vid_src_0135,vid_src_0135_stego_frame_lsb_matching_0.10.mkv,data/generated/video/vid_src_0135_stego_frame_lsb_matching_0.10.mkv,video,1,frame_lsb_matching,0.1,64ee011104af09b6fdfd0b50ed0a38d5e78e986e2b4f478ff9eeb68abe351a6c,train
vid_src_0135,vid_src_0135_stego_frame_lsb_0.20.mkv,data/generated/video/vid_src_0135_stego_frame_lsb_0.20.mkv,video,1,frame_lsb,0.2,5f04c65ff9efa73ee5cf65c702f2c3fdc724103686bf2729c0de7a5c56915160,train
vid_src_0136,vid_src_0136_clean_01.mkv,data/generated/video/vid_src_0136_clean_01.mkv,video,0,clean,0.0,5e8a2c62e5da11a2f151ffb4f2278b5b4c39843ed180123a99d7bf4944ed9e85,train
vid_src_0136,vid_src_0136_clean_02.mkv,data/generated/video/vid_src_0136_clean_02.mkv,video,0,clean,0.0,7980d8aed19639ed58847db24f370209dc1d37e8dd278b806843aa15b79bfd51,train
vid_src_0136,vid_src_0136_stego_frame_lsb_0.20.mkv,data/generated/video/vid_src_0136_stego_frame_lsb_0.20.mkv,video,1,frame_lsb,0.2,341c4b4de622a585b5ea4d2584603d6b4010cc0ca9e4685556023b3f01bc6073,train
vid_src_0136,vid_src_0136_stego_frame_lsb_matching_0.40.mkv,data/generated/video/vid_src_0136_stego_frame_lsb_matching_0.40.mkv,video,1,frame_lsb_matching,0.4,e2d3e552e90f054e4ff10f71bb917101f1b85c372ecec4d0a3fed64f981138a8,train
vid_src_0137,vid_src_0137_clean_01.mkv,data/generated/video/vid_src_0137_clean_01.mkv,video,0,clean,0.0,84720c9c6d07b6b939366ce17a93250a05d96ce7b9f886136bb59071a1fc0d26,train
vid_src_0137,vid_src_0137_clean_02.mkv,data/generated/video/vid_src_0137_clean_02.mkv,video,0,clean,0.0,4524f069fc96c1d0bff1a2f66c9a932004891c2ea57e91b9aa473222703bcbac,train
vid_src_0137,vid_src_0137_stego_frame_lsb_matching_0.40.mkv,data/generated/video/vid_src_0137_stego_frame_lsb_matching_0.40.mkv,video,1,frame_lsb_matching,0.4,fb8b7548f1b4becf9f764833199dcf33de24674aa69213ae4bd0ac9ece122baf,train
vid_src_0137,vid_src_0137_stego_frame_lsb_0.10.mkv,data/generated/video/vid_src_0137_stego_frame_lsb_0.10.mkv,video,1,frame_lsb,0.1,394d79a5b4bf1d6b786800954e8797021e63dda40917b0332dbe02e9c7a70816,train
vid_src_0138,vid_src_0138_clean_01.mkv,data/generated/video/vid_src_0138_clean_01.mkv,video,0,clean,0.0,c0815067635051c5a704a90fc44c8cd98ff47478b2b062595802845d38b68a6a,train
vid_src_0138,vid_src_0138_clean_02.mkv,data/generated/video/vid_src_0138_clean_02.mkv,video,0,clean,0.0,8e550a247f3f414d70da2754758e5841719383e364375ebbd11fa0387ec66ad8,train
vid_src_0138,vid_src_0138_stego_frame_lsb_0.10.mkv,data/generated/video/vid_src_0138_stego_frame_lsb_0.10.mkv,video,1,frame_lsb,0.1,c3aec6405a5a4ae13b865077109b5891af2712f5c85ee773a8673c6d5eb45347,train
vid_src_0138,vid_src_0138_stego_frame_lsb_matching_0.20.mkv,data/generated/video/vid_src_0138_stego_frame_lsb_matching_0.20.mkv,video,1,frame_lsb_matching,0.2,b6a62a945bdaff3dc18639c72d4de40334bd629b215f62c2303495cb268f938c,train
vid_src_0139,vid_src_0139_clean_01.mkv,data/generated/video/vid_src_0139_clean_01.mkv,video,0,clean,0.0,69b8e974ba22b25fb3e16043edb06de7f29198dea9c9894b79d6a3765aff7662,train
vid_src_0139,vid_src_0139_clean_02.mkv,data/generated/video/vid_src_0139_clean_02.mkv,video,0,clean,0.0,43c1fcfc00eb3fc13692a08befab14b798416d1206a8e8d49928f28851b85ff7,train
vid_src_0139,vid_src_0139_stego_frame_lsb_matching_0.20.mkv,data/generated/video/vid_src_0139_stego_frame_lsb_matching_0.20.mkv,video,1,frame_lsb_matching,0.2,b9f7e63c42fff2a2c9e1c4a0c8cd29aba31d5ede61bb3334764810b16d1d5aa3,train
vid_src_0139,vid_src_0139_stego_frame_lsb_0.40.mkv,data/generated/video/vid_src_0139_stego_frame_lsb_0.40.mkv,video,1,frame_lsb,0.4,ea41aa2f4257cb43245a6efa6d1e1fb9ad367aa8d476310aebc33c1d7e5def61,train
vid_src_0140,vid_src_0140_clean_01.mkv,data/generated/video/vid_src_0140_clean_01.mkv,video,0,clean,0.0,4e2b36dcdab3b53271a9568536202653cc34c0919002f9268edd08bb1b42e3f3,train
vid_src_0140,vid_src_0140_clean_02.mkv,data/generated/video/vid_src_0140_clean_02.mkv,video,0,clean,0.0,f599b021cd87287bfc3bbbd020a31fdb0d2d19bd7dec36e3d6e880fdc331a80c,train
vid_src_0140,vid_src_0140_stego_frame_lsb_0.40.mkv,data/generated/video/vid_src_0140_stego_frame_lsb_0.40.mkv,video,1,frame_lsb,0.4,153eff8ce1edc81e1d7bec5af6c99195cb892cd09914d5216ae2711f3b1c68f8,train
vid_src_0140,vid_src_0140_stego_frame_lsb_matching_0.10.mkv,data/generated/video/vid_src_0140_stego_frame_lsb_matching_0.10.mkv,video,1,frame_lsb_matching,0.1,ad97ef03eb4bf13c2a0c25da5b499a97d79397bd484b9e6695c69398e94ee72f,train
vid_src_0141,vid_src_0141_clean_01.mkv,data/generated/video/vid_src_0141_clean_01.mkv,video,0,clean,0.0,0afdf64582f4cf206630dcc998043c4cfa800a1bc426a7fb56f218fd16045aa1,train
vid_src_0141,vid_src_0141_clean_02.mkv,data/generated/video/vid_src_0141_clean_02.mkv,video,0,clean,0.0,86b3097d4813d2527f646bcb1d13b98a65e69bd245b66e200bdbc11c4614b252,train
vid_src_0141,vid_src_0141_stego_frame_lsb_matching_0.10.mkv,data/generated/video/vid_src_0141_stego_frame_lsb_matching_0.10.mkv,video,1,frame_lsb_matching,0.1,a0390169a00f61d1d430a263ae3b118cd21dd36c7ea9df6c3f22210421ef082b,train
vid_src_0141,vid_src_0141_stego_frame_lsb_0.20.mkv,data/generated/video/vid_src_0141_stego_frame_lsb_0.20.mkv,video,1,frame_lsb,0.2,c6de8e9de8b4fb73f0973ca60911b08857ef6518af73889f88dbec230aedfb42,train
vid_src_0142,vid_src_0142_clean_01.mkv,data/generated/video/vid_src_0142_clean_01.mkv,video,0,clean,0.0,46ad5cc6e4bbf2333eba4e828972c5da7987c4c8d06e8fb6598a9a33d9ccd8f8,val
vid_src_0142,vid_src_0142_clean_02.mkv,data/generated/video/vid_src_0142_clean_02.mkv,video,0,clean,0.0,7fc5ca850ef7306275c7d82561d700eac5e1a46f7fd274eb13bc0c200f86a90a,val
vid_src_0142,vid_src_0142_stego_frame_lsb_0.20.mkv,data/generated/video/vid_src_0142_stego_frame_lsb_0.20.mkv,video,1,frame_lsb,0.2,ea03162a29b65c53ba860c6a15566a78cfc7e43ad32cb43ed65c871d06a4598a,val
vid_src_0142,vid_src_0142_stego_frame_lsb_matching_0.40.mkv,data/generated/video/vid_src_0142_stego_frame_lsb_matching_0.40.mkv,video,1,frame_lsb_matching,0.4,a6baa61cc5c544a401ec8e949b9c42a0709514d5ec06cad930e431666fca404c,val
vid_src_0143,vid_src_0143_clean_01.mkv,data/generated/video/vid_src_0143_clean_01.mkv,video,0,clean,0.0,be3b2e6e2b13f2725ad2910545277c44cc7f98daa74237c7fbd3318ef5afe744,train
vid_src_0143,vid_src_0143_clean_02.mkv,data/generated/video/vid_src_0143_clean_02.mkv,video,0,clean,0.0,10b6fec69e29c22e0f60b33695ccd207f9719fca1427f49731e4a821153910d0,train
vid_src_0143,vid_src_0143_stego_frame_lsb_matching_0.40.mkv,data/generated/video/vid_src_0143_stego_frame_lsb_matching_0.40.mkv,video,1,frame_lsb_matching,0.4,02ef84027d23a628db18539c6b7ff511e1be68a483419c91a5f505a1bd42ec3b,train
vid_src_0143,vid_src_0143_stego_frame_lsb_0.10.mkv,data/generated/video/vid_src_0143_stego_frame_lsb_0.10.mkv,video,1,frame_lsb,0.1,fabdbcc71398bc48d740e0ef86babfd37f1f0062b1f31823e4ee39867b3aa503,train
vid_src_0144,vid_src_0144_clean_01.mkv,data/generated/video/vid_src_0144_clean_01.mkv,video,0,clean,0.0,21eca2c95bc64f061d217ad29010ca23227728b60f20f28c6f79f3da52dea8f9,train
vid_src_0144,vid_src_0144_clean_02.mkv,data/generated/video/vid_src_0144_clean_02.mkv,video,0,clean,0.0,e747532661e8570c9b2a47d93a78ede902c56805c1d5be568365111306daf42b,train
vid_src_0144,vid_src_0144_stego_frame_lsb_0.10.mkv,data/generated/video/vid_src_0144_stego_frame_lsb_0.10.mkv,video,1,frame_lsb,0.1,b60c570c447e8c426a585e3b0d577d88b1a440e4bb08ee478bf604444d12fd29,train
vid_src_0144,vid_src_0144_stego_frame_lsb_matching_0.20.mkv,data/generated/video/vid_src_0144_stego_frame_lsb_matching_0.20.mkv,video,1,frame_lsb_matching,0.2,80a91791616b9912ab4598fc1764d7558b73487570820839d4074cdee8c3789f,train
vid_src_0145,vid_src_0145_clean_01.mkv,data/generated/video/vid_src_0145_clean_01.mkv,video,0,clean,0.0,192f6cdea4723d75e48dafa1b9896add8ce3ecb93de9a03473f9b5a08fcbce6f,test
vid_src_0145,vid_src_0145_clean_02.mkv,data/generated/video/vid_src_0145_clean_02.mkv,video,0,clean,0.0,55aba40eb8353dec185779c6d4da6ccfeed0c3a3e20aa1a6e38d0d7919523436,test
vid_src_0145,vid_src_0145_stego_frame_lsb_matching_0.20.mkv,data/generated/video/vid_src_0145_stego_frame_lsb_matching_0.20.mkv,video,1,frame_lsb_matching,0.2,eaf6355df2be4810d721ac9f44738b3e2c40ac5e8dc64131c07d7f94d91dc091,test
vid_src_0145,vid_src_0145_stego_frame_lsb_0.40.mkv,data/generated/video/vid_src_0145_stego_frame_lsb_0.40.mkv,video,1,frame_lsb,0.4,0d023b37ac1d27380003cb77ac1afe02b00f409352a8a5afe26589716eaddd22,test
vid_src_0146,vid_src_0146_clean_01.mkv,data/generated/video/vid_src_0146_clean_01.mkv,video,0,clean,0.0,7518b9cbba96acf02c58f08c73bb78822758727a25468a724407570233132da1,test
vid_src_0146,vid_src_0146_clean_02.mkv,data/generated/video/vid_src_0146_clean_02.mkv,video,0,clean,0.0,eb3dcabab629d588192de550da3637608bd5fca5392e6a7d7486d587fdac19ca,test
vid_src_0146,vid_src_0146_stego_frame_lsb_0.40.mkv,data/generated/video/vid_src_0146_stego_frame_lsb_0.40.mkv,video,1,frame_lsb,0.4,9052f8e67e85f7f42b4d41dc457c54703b818bb517549f268ebd169144873e79,test
vid_src_0146,vid_src_0146_stego_frame_lsb_matching_0.10.mkv,data/generated/video/vid_src_0146_stego_frame_lsb_matching_0.10.mkv,video,1,frame_lsb_matching,0.1,dc2425db3b082316c045bd41ef28dd3fd6bbf65511db5beebe5fde9c65920a90,test
vid_src_0147,vid_src_0147_clean_01.mkv,data/generated/video/vid_src_0147_clean_01.mkv,video,0,clean,0.0,37df74022e49aef15ed6afe3a3318c789d49507d463c2bd7d17ae014e10d20fd,train
vid_src_0147,vid_src_0147_clean_02.mkv,data/generated/video/vid_src_0147_clean_02.mkv,video,0,clean,0.0,fbf115e939bcdf21fa6b42b3ed5a1bfd01b6f567cf58c7dcb7facd5fbd886630,train
vid_src_0147,vid_src_0147_stego_frame_lsb_matching_0.10.mkv,data/generated/video/vid_src_0147_stego_frame_lsb_matching_0.10.mkv,video,1,frame_lsb_matching,0.1,d7ba0cbe1fdd94c30b199c6a151d556ffa69b093b78b729ce2761eb64f47574d,train
vid_src_0147,vid_src_0147_stego_frame_lsb_0.20.mkv,data/generated/video/vid_src_0147_stego_frame_lsb_0.20.mkv,video,1,frame_lsb,0.2,968a7a36e4d7845791c21988b88056b59b8c4d1384ba1ae6da0846a70db6d3eb,train
vid_src_0148,vid_src_0148_clean_01.mkv,data/generated/video/vid_src_0148_clean_01.mkv,video,0,clean,0.0,3713d49d06e8fbee0625edd39c943153c5d57eddaf59afc3eb0f99a9682735a9,val
vid_src_0148,vid_src_0148_clean_02.mkv,data/generated/video/vid_src_0148_clean_02.mkv,video,0,clean,0.0,ca306d96567181c44d8aa8b6adbc04a0703882a3369b4947101de81912e68588,val
vid_src_0148,vid_src_0148_stego_frame_lsb_0.20.mkv,data/generated/video/vid_src_0148_stego_frame_lsb_0.20.mkv,video,1,frame_lsb,0.2,f3e29616849c090dc4580670332be19195bf3da58875c35f9dc51fa667833ac2,val
vid_src_0148,vid_src_0148_stego_frame_lsb_matching_0.40.mkv,data/generated/video/vid_src_0148_stego_frame_lsb_matching_0.40.mkv,video,1,frame_lsb_matching,0.4,6bda0d7643ce0e739d27cb3f3cd5c77c4de04c9a1aa13c6c5089b545fed6f563,val
vid_src_0149,vid_src_0149_clean_01.mkv,data/generated/video/vid_src_0149_clean_01.mkv,video,0,clean,0.0,288e1199df317e63734e6385114e2d19302ff5d84e0b495bbedf67a18cb290b7,val
vid_src_0149,vid_src_0149_clean_02.mkv,data/generated/video/vid_src_0149_clean_02.mkv,video,0,clean,0.0,25b5ff8f4e4ccec6c82043161c2fb497b63814cdbecb1c886b25606912b28382,val
vid_src_0149,vid_src_0149_stego_frame_lsb_matching_0.40.mkv,data/generated/video/vid_src_0149_stego_frame_lsb_matching_0.40.mkv,video,1,frame_lsb_matching,0.4,3b071ccc905c5ad8dca1aacee6287c0b2978d700fc48a84af2cb2e511b207f44,val
vid_src_0149,vid_src_0149_stego_frame_lsb_0.10.mkv,data/generated/video/vid_src_0149_stego_frame_lsb_0.10.mkv,video,1,frame_lsb,0.1,b9d6c5ff8389b1014e1697a19a9245ece45a090b7e99b6a2b6f1cb1f2f0638e8,val
vid_src_0150,vid_src_0150_clean_01.mkv,data/generated/video/vid_src_0150_clean_01.mkv,video,0,clean,0.0,5375ca828b35d9b96f823ec710b09a2dd0b53f149682e126558eae35a796593e,val
vid_src_0150,vid_src_0150_clean_02.mkv,data/generated/video/vid_src_0150_clean_02.mkv,video,0,clean,0.0,3314b52eab7a85f293877a5464901ebc716c28c202a7b201f12443f2fb9c7ddf,val
vid_src_0150,vid_src_0150_stego_frame_lsb_0.10.mkv,data/generated/video/vid_src_0150_stego_frame_lsb_0.10.mkv,video,1,frame_lsb,0.1,4045640039bd4233eb03494f518fd9cd2ac22a2c26c1f712fea7d5efbfabca3f,val
vid_src_0150,vid_src_0150_stego_frame_lsb_matching_0.20.mkv,data/generated/video/vid_src_0150_stego_frame_lsb_matching_0.20.mkv,video,1,frame_lsb_matching,0.2,a9f8c0221ee7b4accce8a96df5672a95c3f5eb537bbb72fb0088c5bb513ccf23,val
vid_src_0151,vid_src_0151_clean_01.mkv,data/generated/video/vid_src_0151_clean_01.mkv,video,0,clean,0.0,8d13a8d25e73e0a0997d4cabaa93ed1963323d4ee61407029ac1cd3ed24b54e2,train
vid_src_0151,vid_src_0151_clean_02.mkv,data/generated/video/vid_src_0151_clean_02.mkv,video,0,clean,0.0,8727e5493e275bcaf168cc3609a35da98ec2e9bc6f6f52f05c02d7f232f139fc,train
vid_src_0151,vid_src_0151_stego_frame_lsb_matching_0.20.mkv,data/generated/video/vid_src_0151_stego_frame_lsb_matching_0.20.mkv,video,1,frame_lsb_matching,0.2,7afb258aa5591788febbc65e22bf24c408e7c36b864a3114d3deb7d10310163d,train
vid_src_0151,vid_src_0151_stego_frame_lsb_0.40.mkv,data/generated/video/vid_src_0151_stego_frame_lsb_0.40.mkv,video,1,frame_lsb,0.4,799a4033ac7b9987c1b73f90ca411b47058d78a13d9f28020b3cf2395a6bde60,train
vid_src_0152,vid_src_0152_clean_01.mkv,data/generated/video/vid_src_0152_clean_01.mkv,video,0,clean,0.0,f488dfd8b1353585ac00d4fab79af11d31fbb87b3df3c6c15040cf76549c3d94,train
vid_src_0152,vid_src_0152_clean_02.mkv,data/generated/video/vid_src_0152_clean_02.mkv,video,0,clean,0.0,bfb4af0ad4956885f2cec46d0687a06bf8ec90b90d3089f958d1fbc8018a76ea,train
vid_src_0152,vid_src_0152_stego_frame_lsb_0.40.mkv,data/generated/video/vid_src_0152_stego_frame_lsb_0.40.mkv,video,1,frame_lsb,0.4,e94fea7a4b900178030bf638c7a467da9e339dcd55bc9bbf9715b19f6e9135e9,train
vid_src_0152,vid_src_0152_stego_frame_lsb_matching_0.10.mkv,data/generated/video/vid_src_0152_stego_frame_lsb_matching_0.10.mkv,video,1,frame_lsb_matching,0.1,59311afc6b68b793824e61ebbf87c6bf288f563bda2557e7e8546a669a826fa9,train
vid_src_0153,vid_src_0153_clean_01.mkv,data/generated/video/vid_src_0153_clean_01.mkv,video,0,clean,0.0,e36a809d68a5d090423a56c3d9a3686f4a3b6e7b2a6fe17ca1475e17021c749e,train
vid_src_0153,vid_src_0153_clean_02.mkv,data/generated/video/vid_src_0153_clean_02.mkv,video,0,clean,0.0,a9e9c66227e9c2404e77ce1b03922741beaa123e5c2fdf9181f3964829ba98ee,train
vid_src_0153,vid_src_0153_stego_frame_lsb_matching_0.10.mkv,data/generated/video/vid_src_0153_stego_frame_lsb_matching_0.10.mkv,video,1,frame_lsb_matching,0.1,6c278d3c73f0513cf88ee1131ca432373b06cfae593726a544a4a98f8fce2382,train
vid_src_0153,vid_src_0153_stego_frame_lsb_0.20.mkv,data/generated/video/vid_src_0153_stego_frame_lsb_0.20.mkv,video,1,frame_lsb,0.2,4c473e84a77022be757560a4aae79f10876e237ae079b3e49cba4e8ca9271b43,train
vid_src_0154,vid_src_0154_clean_01.mkv,data/generated/video/vid_src_0154_clean_01.mkv,video,0,clean,0.0,fecd9325f5b3096cc53cf8db74eeca55abcfa181a53a0eb0316becf9e27a9bfb,val
vid_src_0154,vid_src_0154_clean_02.mkv,data/generated/video/vid_src_0154_clean_02.mkv,video,0,clean,0.0,72d8319b005e02b43616823a01f87c18b4501b0f89756a537964a467a75778fe,val
vid_src_0154,vid_src_0154_stego_frame_lsb_0.20.mkv,data/generated/video/vid_src_0154_stego_frame_lsb_0.20.mkv,video,1,frame_lsb,0.2,1ed7a670fad5710b584f160ec79e4d768b8a395a9a0a835bed00c6da7736b6c0,val
vid_src_0154,vid_src_0154_stego_frame_lsb_matching_0.40.mkv,data/generated/video/vid_src_0154_stego_frame_lsb_matching_0.40.mkv,video,1,frame_lsb_matching,0.4,041e6a8d3267f13a3ff0adc65ca7651319deae95156ff9fc8ec14808d56ba22e,val
vid_src_0155,vid_src_0155_clean_01.mkv,data/generated/video/vid_src_0155_clean_01.mkv,video,0,clean,0.0,949d1afed49a1be3aa797d2a73d1b763dd478548e7a430c7b0327e8f9a1762a3,val
vid_src_0155,vid_src_0155_clean_02.mkv,data/generated/video/vid_src_0155_clean_02.mkv,video,0,clean,0.0,89bd4d6cfc399d66639f72b5b6461cfa7825dc201363aab880ee0382e67067a5,val
vid_src_0155,vid_src_0155_stego_frame_lsb_matching_0.40.mkv,data/generated/video/vid_src_0155_stego_frame_lsb_matching_0.40.mkv,video,1,frame_lsb_matching,0.4,c45919a8ab336df45a7937297830bab85f86dc341ccaa804538b1dfa3223a89a,val
vid_src_0155,vid_src_0155_stego_frame_lsb_0.10.mkv,data/generated/video/vid_src_0155_stego_frame_lsb_0.10.mkv,video,1,frame_lsb,0.1,cb4e2866a8a2b8fbfb7fdd86da51319488da87757b484c76c8d685f8c5f1eebe,val
vid_src_0156,vid_src_0156_clean_01.mkv,data/generated/video/vid_src_0156_clean_01.mkv,video,0,clean,0.0,d446ca3acb8c6a7726353658c0da76f4767fd0fb5130ece68406a6d1f35139f1,val
vid_src_0156,vid_src_0156_clean_02.mkv,data/generated/video/vid_src_0156_clean_02.mkv,video,0,clean,0.0,38575ec378264c698b16de1e99df37df73712807462701531d3e8ce1541ff9bd,val
vid_src_0156,vid_src_0156_stego_frame_lsb_0.10.mkv,data/generated/video/vid_src_0156_stego_frame_lsb_0.10.mkv,video,1,frame_lsb,0.1,4e72b6a44d695ba330f63c3432713941b746e71abe5b70e465019311fe7dca45,val
vid_src_0156,vid_src_0156_stego_frame_lsb_matching_0.20.mkv,data/generated/video/vid_src_0156_stego_frame_lsb_matching_0.20.mkv,video,1,frame_lsb_matching,0.2,c488d30df275a0a900a7e192c7465bd70f771c93cf828bbe0d20a54107fad524,val
vid_src_0157,vid_src_0157_clean_01.mkv,data/generated/video/vid_src_0157_clean_01.mkv,video,0,clean,0.0,ab08cf6bdb6c6fd4605189288c6abcc0d25dc926e3cbe5307b6a67e2cc3c4925,val
vid_src_0157,vid_src_0157_clean_02.mkv,data/generated/video/vid_src_0157_clean_02.mkv,video,0,clean,0.0,c5982aa0e41c671bf90d4f6b09cfd0887439f419dbd92bd09400bf602c7919e7,val
vid_src_0157,vid_src_0157_stego_frame_lsb_matching_0.20.mkv,data/generated/video/vid_src_0157_stego_frame_lsb_matching_0.20.mkv,video,1,frame_lsb_matching,0.2,0a493a11d6e345484006507fdf4db0c51a88c29dd28af8baa7b46f04338e3353,val
vid_src_0157,vid_src_0157_stego_frame_lsb_0.40.mkv,data/generated/video/vid_src_0157_stego_frame_lsb_0.40.mkv,video,1,frame_lsb,0.4,6149010f27842900a989c99f715eed5059ae0f3587816fa49b461d4cd0341f10,val
vid_src_0158,vid_src_0158_clean_01.mkv,data/generated/video/vid_src_0158_clean_01.mkv,video,0,clean,0.0,e987d2a0c5502bd25a14f9c09ff2c508aaeb04ed9efa3cec58227fe8b6e1af17,test
vid_src_0158,vid_src_0158_clean_02.mkv,data/generated/video/vid_src_0158_clean_02.mkv,video,0,clean,0.0,d811399c0a469acb004709a0c238210f38a5f7f71c2630aeb44e5b2d9b5a50d7,test
vid_src_0158,vid_src_0158_stego_frame_lsb_0.40.mkv,data/generated/video/vid_src_0158_stego_frame_lsb_0.40.mkv,video,1,frame_lsb,0.4,49af30cac8875432141a2d83544df39749ea4a9564a1dede283a11e1f29998da,test
vid_src_0158,vid_src_0158_stego_frame_lsb_matching_0.10.mkv,data/generated/video/vid_src_0158_stego_frame_lsb_matching_0.10.mkv,video,1,frame_lsb_matching,0.1,bd1fb76acf6a56afd3bb0c2abb24c9f0a3a062f2f46fa8db8cdb5ba80fd97c87,test
vid_src_0159,vid_src_0159_clean_01.mkv,data/generated/video/vid_src_0159_clean_01.mkv,video,0,clean,0.0,175a1a28a7d2e1b06e033e8a7dd427e31c9ae2a98e10ed8dd674768643164c37,train
vid_src_0159,vid_src_0159_clean_02.mkv,data/generated/video/vid_src_0159_clean_02.mkv,video,0,clean,0.0,3245f314c4a4ab60307d732b4b1ec7a992920322365032e4d7db41015ccf2722,train
vid_src_0159,vid_src_0159_stego_frame_lsb_matching_0.10.mkv,data/generated/video/vid_src_0159_stego_frame_lsb_matching_0.10.mkv,video,1,frame_lsb_matching,0.1,f0e2389290918cf4e1923e11d83b47df69152ef827fc675f917254cdb105478c,train
vid_src_0159,vid_src_0159_stego_frame_lsb_0.20.mkv,data/generated/video/vid_src_0159_stego_frame_lsb_0.20.mkv,video,1,frame_lsb,0.2,2366151f49d92bb850d32c0e35920fca0e6ab8fde0e14192b4366e5852a22781,train
vid_src_0160,vid_src_0160_clean_01.mkv,data/generated/video/vid_src_0160_clean_01.mkv,video,0,clean,0.0,261f3d1172a7b8628ae04e88c32aa63efc1d86f5fbe5bcab1ea2f26e95727475,train
vid_src_0160,vid_src_0160_clean_02.mkv,data/generated/video/vid_src_0160_clean_02.mkv,video,0,clean,0.0,3104ff555b309d7647977cbc924dd2e8109acc9301d1e606c2a3b220ff8ae333,train
vid_src_0160,vid_src_0160_stego_frame_lsb_0.20.mkv,data/generated/video/vid_src_0160_stego_frame_lsb_0.20.mkv,video,1,frame_lsb,0.2,534b84798f6beabbfcdd66daf36e01685337c1f7215dd8dbf0e07d5caf9b294e,train
vid_src_0160,vid_src_0160_stego_frame_lsb_matching_0.40.mkv,data/generated/video/vid_src_0160_stego_frame_lsb_matching_0.40.mkv,video,1,frame_lsb_matching,0.4,4d65b8998ed9594f1aee31e3bfc946fd672f473cd56ece6b1edf500d0fe8a5e6,train
vid_src_0161,vid_src_0161_clean_01.mkv,data/generated/video/vid_src_0161_clean_01.mkv,video,0,clean,0.0,2a068930af29fa99d148c8a33aaa987b92023fc97e356fe6fd3b2361d5fde1e0,train
vid_src_0161,vid_src_0161_clean_02.mkv,data/generated/video/vid_src_0161_clean_02.mkv,video,0,clean,0.0,38c3efdfdeb7d01c2310c14f3537fdb77085998316c3d215f58f45a1900a7ea7,train
vid_src_0161,vid_src_0161_stego_frame_lsb_matching_0.40.mkv,data/generated/video/vid_src_0161_stego_frame_lsb_matching_0.40.mkv,video,1,frame_lsb_matching,0.4,051815aa9f5c5e6d6f9d378bd29f2c05e50b3fa2a9934283e59995fdfcd56255,train
vid_src_0161,vid_src_0161_stego_frame_lsb_0.10.mkv,data/generated/video/vid_src_0161_stego_frame_lsb_0.10.mkv,video,1,frame_lsb,0.1,a2fced7902caa31f8aac0fe0a7804f25b3f02e0711a747fa954782ee65b1a0e8,train
vid_src_0162,vid_src_0162_clean_01.mkv,data/generated/video/vid_src_0162_clean_01.mkv,video,0,clean,0.0,3de8dfa9d32c08e9c13a9635b2d5cff4213be6f5f3645bd22745b542f57a0c26,train
vid_src_0162,vid_src_0162_clean_02.mkv,data/generated/video/vid_src_0162_clean_02.mkv,video,0,clean,0.0,2b069a14b04d2f1aec940a937caf884264a148bb4bcd766a5a1034fa30505ade,train
vid_src_0162,vid_src_0162_stego_frame_lsb_0.10.mkv,data/generated/video/vid_src_0162_stego_frame_lsb_0.10.mkv,video,1,frame_lsb,0.1,0aa12f742927616bac9b35271fc9b0af01684a99571c967d965281aeb1507b77,train
vid_src_0162,vid_src_0162_stego_frame_lsb_matching_0.20.mkv,data/generated/video/vid_src_0162_stego_frame_lsb_matching_0.20.mkv,video,1,frame_lsb_matching,0.2,6079ee8b7531bd24da08588a563631f98af72237dfda7006f81ae69a53f95173,train
vid_src_0163,vid_src_0163_clean_01.mkv,data/generated/video/vid_src_0163_clean_01.mkv,video,0,clean,0.0,0d1f968d864f0926b0c5d3e7340294c21488c109ba8c39c974e0851250a736f3,val
vid_src_0163,vid_src_0163_clean_02.mkv,data/generated/video/vid_src_0163_clean_02.mkv,video,0,clean,0.0,c60664195a0bb73859d3687a1e82e887737f187c63055e641293abdb2c57fbec,val
vid_src_0163,vid_src_0163_stego_frame_lsb_matching_0.20.mkv,data/generated/video/vid_src_0163_stego_frame_lsb_matching_0.20.mkv,video,1,frame_lsb_matching,0.2,892d9e1ad5d7de62d54d6b455c5cba0590dedfdb88b0d7e62771cb3ecafa6653,val
vid_src_0163,vid_src_0163_stego_frame_lsb_0.40.mkv,data/generated/video/vid_src_0163_stego_frame_lsb_0.40.mkv,video,1,frame_lsb,0.4,5ceb9ed6b87173c530a250b205b92ac052a59697743286a194663cbec0ccb392,val
vid_src_0164,vid_src_0164_clean_01.mkv,data/generated/video/vid_src_0164_clean_01.mkv,video,0,clean,0.0,353f4c50e168733f69ae1b6ec225d59eecf71922af52b8a341e5b65acf23c4fb,val
vid_src_0164,vid_src_0164_clean_02.mkv,data/generated/video/vid_src_0164_clean_02.mkv,video,0,clean,0.0,b17d1a9c04846e3455f1a2c5dccc05d687d36c3dc8fb354f74a114a65909dfff,val
vid_src_0164,vid_src_0164_stego_frame_lsb_0.40.mkv,data/generated/video/vid_src_0164_stego_frame_lsb_0.40.mkv,video,1,frame_lsb,0.4,eb5b39e5167ae8b34a8337d650f34a479146c0d58f820584c2010a68da4e9159,val
vid_src_0164,vid_src_0164_stego_frame_lsb_matching_0.10.mkv,data/generated/video/vid_src_0164_stego_frame_lsb_matching_0.10.mkv,video,1,frame_lsb_matching,0.1,4a75cfaff92c8251c888ef30e45a0fe93af9da214288793b1de98d854e3902e7,val
vid_src_0165,vid_src_0165_clean_01.mkv,data/generated/video/vid_src_0165_clean_01.mkv,video,0,clean,0.0,de5f61603e03561ad2c9c3d881c9e8efa0da3a1088a043e7ed45cedaa39a3bac,train
vid_src_0165,vid_src_0165_clean_02.mkv,data/generated/video/vid_src_0165_clean_02.mkv,video,0,clean,0.0,2d0191cac95a2cb700eb65ccd3613719aebab98f711f80682f2172228116dc5a,train
vid_src_0165,vid_src_0165_stego_frame_lsb_matching_0.10.mkv,data/generated/video/vid_src_0165_stego_frame_lsb_matching_0.10.mkv,video,1,frame_lsb_matching,0.1,9d73fb0675e5dee5310a6fc0424dc0952ef430ee959c6569fe8af3ff424d4c58,train
vid_src_0165,vid_src_0165_stego_frame_lsb_0.20.mkv,data/generated/video/vid_src_0165_stego_frame_lsb_0.20.mkv,video,1,frame_lsb,0.2,713ff232f40b6b15c424b59744baa10389d4337f7722e9056136fe2877b2a78f,train
vid_src_0166,vid_src_0166_clean_01.mkv,data/generated/video/vid_src_0166_clean_01.mkv,video,0,clean,0.0,ddcc2a72df62f1313b63e7cdb2a50d93c003258764d890c661e8f4621a96b6fa,train
vid_src_0166,vid_src_0166_clean_02.mkv,data/generated/video/vid_src_0166_clean_02.mkv,video,0,clean,0.0,461b99ab6b4573164f9dedfe2d2dc3b1fa845b05b276c013c143b73f6a2ae1e7,train
vid_src_0166,vid_src_0166_stego_frame_lsb_0.20.mkv,data/generated/video/vid_src_0166_stego_frame_lsb_0.20.mkv,video,1,frame_lsb,0.2,1b0f4dcc1c83c8ad575e3594bcb6485091130e5ac9164e679346bbbee6b99488,train
vid_src_0166,vid_src_0166_stego_frame_lsb_matching_0.40.mkv,data/generated/video/vid_src_0166_stego_frame_lsb_matching_0.40.mkv,video,1,frame_lsb_matching,0.4,5f66bda59aa662562d79f5894348559fac8fe16bca41c81660ec627cde8ba736,train
vid_src_0167,vid_src_0167_clean_01.mkv,data/generated/video/vid_src_0167_clean_01.mkv,video,0,clean,0.0,fade596502d27dbd75b37357d5269a4ad267fcb2ccd1143a67147686a61a8de4,train
vid_src_0167,vid_src_0167_clean_02.mkv,data/generated/video/vid_src_0167_clean_02.mkv,video,0,clean,0.0,7493c5e96327eee3aea09c0c7c55af130e48ae9110e21fb66bbd869d431e8ce6,train
vid_src_0167,vid_src_0167_stego_frame_lsb_matching_0.40.mkv,data/generated/video/vid_src_0167_stego_frame_lsb_matching_0.40.mkv,video,1,frame_lsb_matching,0.4,335572fc31aa4de000a250bd66aaebbb80356acde809cae0f5aaa02d3188ee72,train
vid_src_0167,vid_src_0167_stego_frame_lsb_0.10.mkv,data/generated/video/vid_src_0167_stego_frame_lsb_0.10.mkv,video,1,frame_lsb,0.1,3365771121435f820bba5f30cfd0dff5d8b8bc52a19710ce8db8057f3b3a21b4,train
vid_src_0168,vid_src_0168_clean_01.mkv,data/generated/video/vid_src_0168_clean_01.mkv,video,0,clean,0.0,970721b87f55c80d389787ce92fcd746d01c976944cb00df680c601c84021ebf,train
vid_src_0168,vid_src_0168_clean_02.mkv,data/generated/video/vid_src_0168_clean_02.mkv,video,0,clean,0.0,2b8b5bc348abddabe1f8df0002da0f0ba2005d30ca491054f9644fbfbb910abe,train
vid_src_0168,vid_src_0168_stego_frame_lsb_0.10.mkv,data/generated/video/vid_src_0168_stego_frame_lsb_0.10.mkv,video,1,frame_lsb,0.1,551b6c4fa34dd8d4ba1c13358ae7e9164065c0955aad565c17d6b60d4dcaa27f,train
vid_src_0168,vid_src_0168_stego_frame_lsb_matching_0.20.mkv,data/generated/video/vid_src_0168_stego_frame_lsb_matching_0.20.mkv,video,1,frame_lsb_matching,0.2,417873b6e4612719ed82d1a50f66cdffd0e8100cf0a689875d763bdff402c6d5,train
vid_src_0169,vid_src_0169_clean_01.mkv,data/generated/video/vid_src_0169_clean_01.mkv,video,0,clean,0.0,7abb27a0e0e73decbe82ec3ff3984c9bae7263de38e6870f0517e68ee45d00a7,train
vid_src_0169,vid_src_0169_clean_02.mkv,data/generated/video/vid_src_0169_clean_02.mkv,video,0,clean,0.0,a8e77b35098df53e6f03adbb5bd66566495ea944a2f11247b63a2e82df02b423,train
vid_src_0169,vid_src_0169_stego_frame_lsb_matching_0.20.mkv,data/generated/video/vid_src_0169_stego_frame_lsb_matching_0.20.mkv,video,1,frame_lsb_matching,0.2,c0b2d7b46b0a99448c881003aa789ef16a52eb604eb0b60b97487689012b134b,train
vid_src_0169,vid_src_0169_stego_frame_lsb_0.40.mkv,data/generated/video/vid_src_0169_stego_frame_lsb_0.40.mkv,video,1,frame_lsb,0.4,4d59b1700ca3432bebf0f4c0a1fd231bf40bee0f0fef06b41be52c2d2ae956a8,train
vid_src_0170,vid_src_0170_clean_01.mkv,data/generated/video/vid_src_0170_clean_01.mkv,video,0,clean,0.0,90fe11f137e8fb6bfe5605c7807e17b37ef81c5f51aee40afc608001ef3fe640,train
vid_src_0170,vid_src_0170_clean_02.mkv,data/generated/video/vid_src_0170_clean_02.mkv,video,0,clean,0.0,30eb9324b3b8c0d57ab617bfcc9471d3c72870c90c138bbee98e57d2d01012d5,train
vid_src_0170,vid_src_0170_stego_frame_lsb_0.40.mkv,data/generated/video/vid_src_0170_stego_frame_lsb_0.40.mkv,video,1,frame_lsb,0.4,5b40df89eaad5ff4be1df43d1c243972236730f94d20d14735f721c3d7f74aef,train
vid_src_0170,vid_src_0170_stego_frame_lsb_matching_0.10.mkv,data/generated/video/vid_src_0170_stego_frame_lsb_matching_0.10.mkv,video,1,frame_lsb_matching,0.1,85aa19ea475230e32a2ae7424518269ae822d2f5cb298beab588161cbc8b6d6d,train
vid_src_0171,vid_src_0171_clean_01.mkv,data/generated/video/vid_src_0171_clean_01.mkv,video,0,clean,0.0,254e746627eed766a37807a06c367eabd4d7e792dd5a6e2f239f549618cc3b02,train
vid_src_0171,vid_src_0171_clean_02.mkv,data/generated/video/vid_src_0171_clean_02.mkv,video,0,clean,0.0,70232c6c7bf04805b9e1799b7c3f153ee292ba3c3cc4651380d8b54b8c6bd13a,train
vid_src_0171,vid_src_0171_stego_frame_lsb_matching_0.10.mkv,data/generated/video/vid_src_0171_stego_frame_lsb_matching_0.10.mkv,video,1,frame_lsb_matching,0.1,1714d3cd2689f1f6a12032e95b5017aaafc6eee8bda1c27d1b4de023c37dbc0f,train
vid_src_0171,vid_src_0171_stego_frame_lsb_0.20.mkv,data/generated/video/vid_src_0171_stego_frame_lsb_0.20.mkv,video,1,frame_lsb,0.2,6dcd5a5bea960a2c25f8c4fc68efd7ccea37e055f3f230596dbc0449e658554a,train
vid_src_0172,vid_src_0172_clean_01.mkv,data/generated/video/vid_src_0172_clean_01.mkv,video,0,clean,0.0,e46ce267c88e5e8ff65292f513608169864763c568c4d8e610961cc1b98adc2c,train
vid_src_0172,vid_src_0172_clean_02.mkv,data/generated/video/vid_src_0172_clean_02.mkv,video,0,clean,0.0,f439fd7903bdea5405264e623f9856804d421eb0619414f61a3a985d944222e7,train
vid_src_0172,vid_src_0172_stego_frame_lsb_0.20.mkv,data/generated/video/vid_src_0172_stego_frame_lsb_0.20.mkv,video,1,frame_lsb,0.2,d98b44fbb93010817d2388db9dc7eff6776b104ab8c22b6e0e8f21fa44d0e090,train
vid_src_0172,vid_src_0172_stego_frame_lsb_matching_0.40.mkv,data/generated/video/vid_src_0172_stego_frame_lsb_matching_0.40.mkv,video,1,frame_lsb_matching,0.4,5316fa18bc3904bb7f4c797ec4755f45147387c3cf738c3524338d4a4bf14e1a,train
vid_src_0173,vid_src_0173_clean_01.mkv,data/generated/video/vid_src_0173_clean_01.mkv,video,0,clean,0.0,11ae305abb586d4b18c22f9499e62b4f34b9ab4d3f8d8c3f811e09b360ee1f07,val
vid_src_0173,vid_src_0173_clean_02.mkv,data/generated/video/vid_src_0173_clean_02.mkv,video,0,clean,0.0,85343cde8a5cbd54cf7f65671c9c0c220818b641597b63bf133ce13881c48445,val
vid_src_0173,vid_src_0173_stego_frame_lsb_matching_0.40.mkv,data/generated/video/vid_src_0173_stego_frame_lsb_matching_0.40.mkv,video,1,frame_lsb_matching,0.4,34d5cb91f2b2bd85fdd9375d34360997b8e29246f55272178a93d958fe016a43,val
vid_src_0173,vid_src_0173_stego_frame_lsb_0.10.mkv,data/generated/video/vid_src_0173_stego_frame_lsb_0.10.mkv,video,1,frame_lsb,0.1,9c91fe865b5f389a677a5879a5cbb7cf8fc7e14e874acee3935cdb6d55970b37,val
vid_src_0174,vid_src_0174_clean_01.mkv,data/generated/video/vid_src_0174_clean_01.mkv,video,0,clean,0.0,601870c7086d9c987aa3d145cb4f2f121153578190f5c9bccfad2048adbf1274,train
vid_src_0174,vid_src_0174_clean_02.mkv,data/generated/video/vid_src_0174_clean_02.mkv,video,0,clean,0.0,968f58bcb16f416956f8bb6c6d8a0e8bfae628d0214679d2ca002b16a5200e74,train
vid_src_0174,vid_src_0174_stego_frame_lsb_0.10.mkv,data/generated/video/vid_src_0174_stego_frame_lsb_0.10.mkv,video,1,frame_lsb,0.1,23203cf295b51fc5c7e8595a5e92cc7114f6b94642d5484a9e084f43d19b3edd,train
vid_src_0174,vid_src_0174_stego_frame_lsb_matching_0.20.mkv,data/generated/video/vid_src_0174_stego_frame_lsb_matching_0.20.mkv,video,1,frame_lsb_matching,0.2,3d80ae4f306826b864273d6ba79a71d4cb1a14fd3ab8afedd621b985ebbeda9c,train
